player,player_id,position,team_name,player_game_count,block_percent,declined_penalties,franchise_id,grades_offense,grades_pass_block,grades_run_block,hits_allowed,hurries_allowed,non_spike_pass_block,non_spike_pass_block_percentage,pass_block_percent,pbe,penalties,pressures_allowed,sacks_allowed,snap_counts_block,snap_counts_ce,snap_counts_lg,snap_counts_lt,snap_counts_offense,snap_counts_pass_block,snap_counts_pass_play,snap_counts_rg,snap_counts_rt,snap_counts_run_block,snap_counts_te
Penei Sewell,81788,T,DET,1,100.0,0,11,75.6,67.5,78.8,2,4,63,100.0,100.0,95.2,0,6,0,92,0,0,91,92,71,71,0,0,21,1
Halapoulivaati Vaitai,10798,G,DET,1,100.0,0,11,54.3,49.5,54.5,0,5,63,100.0,100.0,96.0,0,5,0,92,0,0,0,92,71,71,92,0,21,0
Frank Ragnow,39137,C,DET,1,100.0,0,11,83.7,81.0,87.0,1,1,63,100.0,100.0,98.4,0,2,0,92,92,0,0,92,71,71,0,0,21,0
Matt Nelson,48584,T,DET,1,100.0,1,11,52.0,44.3,58.6,0,5,63,100.0,100.0,94.4,1,6,1,92,0,0,0,92,71,71,0,92,21,0
Jonah Jackson,37070,G,DET,1,100.0,0,11,56.3,31.4,67.7,2,6,63,100.0,100.0,92.1,1,9,1,92,0,92,0,92,71,71,0,0,21,0
Kolton Miller,47013,T,LV,1,100.0,0,23,84.6,87.5,76.4,0,2,59,100.0,100.0,98.3,0,2,0,86,0,0,86,86,65,65,0,0,21,0
John Simpson,41715,G,LV,1,100.0,0,23,54.8,46.2,58.2,1,3,59,100.0,100.0,96.6,0,4,0,86,0,86,0,86,65,65,0,0,21,0
Alex Leatherwood,58468,T,LV,1,100.0,0,23,39.4,34.1,60.7,1,2,59,100.0,100.0,94.1,2,5,2,86,0,0,0,86,65,65,0,86,21,0
Andre James,47058,C,LV,1,100.0,0,23,35.6,61.7,28.5,1,1,59,100.0,100.0,98.3,3,2,0,86,86,0,0,86,65,65,0,0,21,0
Jon Feliciano,9561,G,BUF,1,100.0,1,4,39.9,30.9,44.1,0,8,56,100.0,100.0,92.9,1,8,0,85,0,85,0,85,62,62,0,0,23,0
Mitch Morse,9482,C,BUF,1,100.0,0,4,60.5,66.3,63.7,0,3,56,100.0,100.0,97.3,1,3,0,85,85,0,0,85,62,62,0,0,23,0
Daryl Williams,9535,T,BUF,1,100.0,0,4,58.8,46.9,69.9,3,2,56,100.0,100.0,95.5,1,5,0,85,0,0,0,85,62,62,0,85,23,0
Dion Dawkins,11818,T,BUF,1,100.0,1,4,45.3,51.5,32.7,2,3,56,100.0,100.0,95.5,3,5,0,84,0,0,84,84,61,61,0,0,23,0
Connor McGovern,41714,G,DAL,1,100.0,0,9,69.9,76.3,62.2,0,3,62,100.0,100.0,97.6,0,3,0,83,0,0,0,83,69,69,83,0,14,0
Garrett Bradbury,46013,C,MIN,1,100.0,1,18,37.4,27.4,54.1,1,2,52,100.0,100.0,95.2,2,4,1,83,83,0,0,83,61,61,0,0,22,0
La'el Collins,9719,T,DAL,1,100.0,0,9,72.3,68.8,73.7,0,3,62,100.0,100.0,97.6,0,3,0,83,0,0,0,83,69,69,0,83,14,0
Connor Williams,46216,G,DAL,1,100.0,0,9,60.0,55.9,60.5,0,0,62,100.0,100.0,100.0,2,0,0,83,0,83,0,83,69,69,0,0,14,0
Oli Udoh,28394,G,MIN,1,100.0,0,18,57.9,59.8,62.2,0,1,52,100.0,100.0,99.0,2,1,0,83,0,0,0,83,61,61,83,0,22,0
Tyler Biadasz,41178,C,DAL,1,100.0,0,9,39.7,24.5,55.7,2,5,62,100.0,100.0,94.4,1,7,0,83,83,0,0,83,69,69,0,0,14,0
Brian O'Neill,46854,T,MIN,1,100.0,0,18,59.4,79.6,46.0,0,0,52,100.0,100.0,100.0,1,0,0,83,0,0,0,83,61,61,0,83,22,0
Tyron Smith,6161,T,DAL,1,100.0,0,9,76.1,88.5,52.9,0,0,62,100.0,100.0,100.0,1,0,0,83,0,0,83,83,69,69,0,0,14,0
Ezra Cleveland,41973,G,MIN,1,100.0,0,18,60.5,49.6,63.7,1,1,52,100.0,100.0,96.2,1,3,1,83,0,83,0,83,61,61,0,0,22,0
Rashod Hill,11369,T,MIN,1,100.0,1,18,49.7,47.5,56.1,0,2,52,100.0,100.0,98.1,3,2,0,83,0,0,83,83,61,61,0,0,22,0
Matt Feiler,9289,G,LAC,1,100.0,0,27,73.2,16.5,91.8,1,1,49,100.0,100.0,95.9,0,3,1,81,0,81,0,81,52,52,0,0,29,0
Rashawn Slater,59971,T,LAC,1,100.0,0,27,73.5,79.9,63.9,0,0,49,100.0,100.0,100.0,0,0,0,81,0,0,81,81,52,52,0,0,29,0
Corey Linsley,8796,C,LAC,1,100.0,0,27,58.5,55.1,58.6,0,0,49,100.0,100.0,100.0,0,0,0,81,81,0,0,81,52,52,0,0,29,0
Oday Aboushi,7923,G,LAC,1,100.0,0,27,64.3,73.8,64.9,0,0,49,100.0,100.0,100.0,1,0,0,81,0,0,0,81,52,52,81,0,29,0
Laremy Tunsil,10647,T,HST,1,100.0,0,13,59.4,76.6,47.6,1,2,37,100.0,100.0,95.9,0,3,0,78,0,1,77,78,40,40,0,0,38,0
Max Scharping,46961,G,HST,1,100.0,0,13,67.9,71.8,63.9,0,1,37,100.0,100.0,98.6,0,1,0,78,0,0,0,78,40,40,78,0,38,0
Tytus Howard,25472,G,HST,1,100.0,0,13,40.9,41.4,48.5,1,3,37,100.0,100.0,94.6,1,4,0,78,0,77,1,78,40,40,0,0,38,0
Justin Britt,8699,C,HST,1,100.0,1,13,68.4,44.5,72.4,0,1,37,100.0,100.0,98.6,1,1,0,77,77,0,0,77,40,40,0,0,37,0
Mark Glowinski,9567,G,IND,1,100.0,0,14,50.7,63.6,45.2,1,2,44,100.0,100.0,96.6,0,3,0,76,0,0,0,76,48,48,76,0,28,0
Ryan Kelly,10652,C,IND,1,100.0,0,14,67.9,76.6,63.9,1,0,44,100.0,100.0,98.9,1,1,0,76,76,0,0,76,48,48,0,0,28,0
Julie'n Davenport,11885,T,IND,1,100.0,0,14,52.9,35.5,63.8,1,3,44,100.0,100.0,90.9,0,6,2,76,0,0,76,76,48,48,0,0,28,0
Quenton Nelson,12954,G,IND,1,100.0,0,14,72.7,80.2,66.4,0,0,44,100.0,100.0,100.0,0,0,0,76,0,76,0,76,48,48,0,0,28,0
Braden Smith,46794,T,IND,1,100.0,0,14,60.8,40.6,75.0,2,3,44,100.0,100.0,92.0,0,6,1,76,0,0,0,76,48,48,0,76,28,0
Michael Onwenu,27357,G,NE,1,100.0,0,19,78.3,65.0,78.4,1,1,40,100.0,100.0,97.5,0,2,0,75,0,75,0,75,44,44,0,0,31,0
Isaiah Wynn,46048,T,NE,1,100.0,0,19,54.1,60.0,48.0,3,1,40,100.0,100.0,95.0,1,4,0,75,0,0,75,75,44,44,0,0,31,0
David Andrews,9948,C,NE,1,100.0,0,19,67.2,76.1,63.3,1,1,40,100.0,100.0,97.5,0,2,0,75,75,0,0,75,44,44,0,0,31,0
Cody Ford,39805,G,BUF,1,100.0,0,4,64.7,61.2,64.0,1,0,49,100.0,100.0,96.9,0,2,1,75,0,0,0,75,55,55,75,0,20,0
Shaq Mason,9564,G,NE,1,100.0,0,19,62.1,44.0,72.6,2,1,40,100.0,100.0,96.2,1,3,0,75,0,0,0,75,44,44,75,0,31,0
Andrew Norwell,9126,G,JAX,1,100.0,0,15,76.2,77.7,72.7,0,0,52,100.0,100.0,100.0,0,0,0,73,0,73,0,73,56,56,0,0,17,0
Jawaan Taylor,41665,T,JAX,1,100.0,0,15,61.7,61.6,69.6,0,2,52,100.0,100.0,98.1,2,2,0,73,0,0,0,73,56,56,0,73,17,0
Cam Robinson,11789,T,JAX,1,100.0,1,15,62.4,54.0,69.1,0,3,52,100.0,100.0,97.1,1,3,0,73,0,0,73,73,56,56,0,0,17,0
Brandon Linder,8728,C,JAX,1,100.0,0,15,55.6,75.7,52.5,0,0,52,100.0,100.0,100.0,2,0,0,73,73,0,0,73,56,56,0,0,17,0
A.J. Cann,9500,G,JAX,1,100.0,0,15,38.0,3.4,64.2,0,7,52,100.0,100.0,93.3,0,7,0,73,0,0,0,73,56,56,73,0,17,0
Brandon Brooks,7078,G,PHI,1,100.0,0,24,60.9,77.6,60.3,0,1,38,100.0,100.0,98.7,1,1,0,71,0,0,0,71,41,41,71,0,30,0
Jordan Mailata,66916,T,PHI,1,100.0,0,24,71.3,81.1,68.9,0,2,38,100.0,100.0,97.4,1,2,0,71,0,0,71,71,41,41,0,0,30,0
Kaleb McGary,46912,T,ATL,1,100.0,0,2,46.9,44.6,45.6,2,3,39,100.0,100.0,93.6,1,5,0,71,0,0,0,71,44,44,0,71,27,0
Isaac Seumalo,10713,G,PHI,1,100.0,0,24,54.6,88.4,56.4,0,0,38,100.0,100.0,100.0,2,0,0,71,0,71,0,71,41,41,0,0,30,0
Jason Kelce,6343,C,PHI,1,100.0,0,24,53.0,10.6,70.5,0,1,38,100.0,100.0,98.7,0,1,0,71,71,0,0,71,41,41,0,0,30,0
Lane Johnson,7786,T,PHI,1,100.0,0,24,62.3,75.7,51.0,0,1,38,100.0,100.0,98.7,3,1,0,71,0,0,0,71,41,41,0,71,30,0
Chris Lindstrom,46692,G,ATL,1,100.0,0,2,66.3,73.7,60.8,0,2,39,100.0,100.0,97.4,0,2,0,69,0,0,0,69,44,44,69,0,25,0
Matt Hennessy,41141,C,ATL,1,100.0,0,2,52.7,20.0,64.6,0,2,39,100.0,100.0,94.9,0,3,1,69,69,0,0,69,44,44,0,0,25,0
Quinton Spain,10110,G,CIN,1,100.0,0,7,79.7,62.5,79.0,0,0,31,100.0,100.0,100.0,0,0,0,69,0,69,0,69,33,33,0,0,36,0
Xavier Su'a-Filo,8668,G,CIN,1,100.0,0,7,59.6,62.5,57.6,1,1,31,100.0,100.0,96.8,0,2,0,69,0,0,0,69,33,33,69,0,36,0
James Daniels,45576,G,CHI,1,100.0,0,6,50.7,36.0,55.6,0,5,45,100.0,100.0,94.4,0,5,0,69,0,0,0,69,45,45,69,0,24,0
Jonah Williams,41651,T,CIN,1,100.0,0,7,73.1,72.0,70.4,0,0,31,100.0,100.0,100.0,0,0,0,69,0,0,69,69,33,33,0,0,36,0
Riley Reiff,7029,T,CIN,1,100.0,0,7,62.2,78.6,53.1,0,0,31,100.0,100.0,100.0,0,0,0,69,0,0,0,69,33,33,0,69,36,0
Trey Hopkins,9276,C,CIN,1,100.0,0,7,36.3,7.5,48.6,0,1,31,100.0,100.0,91.9,0,3,2,69,69,0,0,69,33,33,0,0,36,0
Germain Ifedi,10665,T,CHI,1,100.0,0,6,59.6,69.0,48.4,0,1,45,100.0,100.0,98.9,0,1,0,69,0,0,0,69,45,45,0,69,24,0
Rodney Hudson,6207,C,ARZ,1,100.0,0,1,52.7,28.5,58.6,0,0,36,100.0,100.0,100.0,0,0,0,69,69,0,0,69,37,37,0,0,32,0
Cody Whitehair,10690,G,CHI,1,100.0,0,6,37.4,14.6,49.9,0,3,45,100.0,100.0,94.4,0,4,1,69,0,69,0,69,45,45,0,0,24,0
D.J. Humphries,9457,T,ARZ,1,100.0,0,1,78.7,75.4,85.2,0,0,36,100.0,100.0,100.0,0,0,0,69,0,0,69,69,37,37,0,0,32,0
Sam Mustipher,13026,C,CHI,1,100.0,0,6,41.7,42.0,40.9,0,0,45,100.0,100.0,100.0,0,0,0,69,69,0,0,69,45,45,0,0,24,0
Jermaine Eluemunor,11914,G,LV,1,100.0,0,23,65.4,61.4,65.2,1,0,47,100.0,100.0,98.9,0,1,0,69,0,0,0,69,53,53,69,0,16,0
Jake Matthews,8641,T,ATL,1,100.0,0,2,56.0,80.9,33.7,0,0,39,100.0,100.0,100.0,0,0,0,69,0,0,69,69,44,44,0,0,25,0
Kevin Zeitler,7032,G,BLT,1,100.0,0,3,67.7,79.9,68.0,0,1,39,100.0,100.0,98.7,1,1,0,68,0,0,0,68,40,40,68,0,28,0
Alejandro Villanueva,9091,T,BLT,1,100.0,0,3,44.3,13.4,73.0,3,5,39,100.0,100.0,84.6,0,10,2,68,0,0,0,68,40,40,0,68,28,0
Bradley Bozeman,27934,C,BLT,1,100.0,0,3,66.5,61.8,66.9,0,0,39,100.0,100.0,100.0,0,0,0,68,68,0,0,68,40,40,0,0,28,0
Ronnie Stanley,10640,T,BLT,1,100.0,0,3,48.9,27.7,62.5,1,8,39,100.0,100.0,88.5,0,9,0,68,0,0,67,68,40,40,0,0,28,1
Justin Pugh,7800,G,ARZ,1,100.0,0,1,67.8,73.9,63.6,0,0,33,100.0,100.0,100.0,1,0,0,66,0,66,0,66,34,34,0,0,32,0
Lloyd Cushenberry III,41924,C,DEN,1,100.0,0,10,50.9,50.2,50.2,0,2,41,100.0,100.0,97.6,0,2,0,66,66,0,0,66,41,41,0,0,25,0
Dalton Risner,47008,G,DEN,1,100.0,0,10,54.4,64.8,50.2,1,1,41,100.0,100.0,97.6,0,2,0,66,0,66,0,66,41,41,0,0,25,0
Bobby Massie,7112,T,DEN,1,100.0,0,10,60.7,71.0,50.8,1,1,41,100.0,100.0,95.1,0,3,1,66,0,0,0,66,41,41,0,66,25,0
Garett Bolles,11775,T,DEN,1,100.0,0,10,61.0,65.5,54.3,1,3,41,100.0,100.0,95.1,0,4,0,66,0,0,66,66,41,41,0,0,25,0
Ryan Jensen,7985,C,TB,1,100.0,1,30,63.5,70.6,68.5,0,0,50,100.0,100.0,100.0,1,0,0,65,65,0,0,65,50,50,0,0,15,0
Alijah Vera-Tucker,57107,G,NYJ,1,100.0,0,22,65.1,40.6,74.2,0,5,43,100.0,100.0,91.9,0,6,1,65,0,65,0,65,46,46,0,0,19,0
Greg Van Roten,7746,G,NYJ,1,100.0,0,22,54.3,58.0,51.0,0,2,43,100.0,100.0,97.7,0,2,0,65,0,0,0,65,46,46,65,0,19,0
Lucas Niang,47004,T,KC,1,100.0,0,16,59.4,59.5,66.2,1,3,41,100.0,100.0,92.7,1,5,1,65,0,0,0,65,45,45,0,64,20,1
Ali Marpet,9494,G,TB,1,100.0,0,30,65.1,69.2,82.0,0,2,50,100.0,100.0,98.0,2,2,0,65,0,65,0,65,50,50,0,0,15,0
Creed Humphrey,59996,C,KC,1,100.0,1,16,68.6,79.8,63.5,0,0,41,100.0,100.0,100.0,1,0,0,65,65,0,0,65,45,45,0,0,20,0
Joe Thuney,10712,G,KC,1,100.0,1,16,60.0,63.9,56.2,0,1,41,100.0,100.0,98.8,2,1,0,65,0,65,0,65,45,45,0,0,20,0
Connor McGovern,10778,C,NYJ,1,100.0,0,22,45.4,49.3,41.9,0,1,43,100.0,100.0,96.5,0,2,1,65,65,0,0,65,46,46,0,0,19,0
Trey Smith,62960,G,KC,1,100.0,0,16,56.1,76.2,54.1,0,1,41,100.0,100.0,98.8,0,1,0,65,0,0,0,65,45,45,65,0,20,0
Donovan Smith,9467,T,TB,1,100.0,0,30,78.8,79.4,75.1,0,4,50,100.0,100.0,96.0,0,4,0,65,0,0,65,65,50,50,0,0,15,0
Tristan Wirfs,64818,T,TB,1,100.0,1,30,63.8,66.0,57.7,0,3,50,100.0,100.0,97.0,1,3,0,65,0,0,0,65,50,50,0,65,15,0
Alex Cappa,66578,G,TB,1,100.0,0,30,87.1,80.2,88.0,0,1,50,100.0,100.0,99.0,0,1,0,65,0,0,0,65,50,50,65,0,15,0
Orlando Brown Jr.,46227,T,KC,1,100.0,0,16,55.9,43.5,64.0,1,3,41,100.0,100.0,92.7,0,5,1,65,0,0,65,65,45,45,0,0,20,0
George Fant,11282,T,NYJ,1,100.0,0,22,60.1,48.9,67.4,0,1,43,100.0,100.0,98.8,0,1,0,65,0,0,17,65,46,46,0,48,19,0
Jalen Mayfield,81725,G,ATL,1,100.0,0,2,28.8,1.4,60.0,2,4,37,100.0,100.0,86.5,2,8,2,64,0,64,0,64,41,41,0,0,23,0
Taylor Moton,11819,T,CAR,1,100.0,0,5,74.8,69.6,75.8,0,1,36,100.0,100.0,98.6,0,1,0,64,0,0,0,64,37,37,0,64,27,0
David Quessenberry,7957,T,TEN,1,100.0,0,31,65.6,62.7,65.5,0,2,43,100.0,100.0,97.7,0,2,0,64,0,0,0,64,44,44,0,64,20,0
Rodger Saffold,5558,G,TEN,1,100.0,0,31,70.8,80.2,63.8,0,1,43,100.0,100.0,96.5,0,2,1,64,0,64,0,64,44,44,0,0,20,0
Ben Jones,7099,C,TEN,1,100.0,0,31,67.9,56.2,71.5,0,1,43,100.0,100.0,96.5,0,2,1,64,64,0,0,64,44,44,0,0,20,0
Cam Erving,9452,T,CAR,1,100.0,0,5,60.0,38.4,71.3,1,2,36,100.0,100.0,95.8,0,3,0,64,0,0,64,64,37,37,0,0,27,0
Matt Paradis,8841,C,CAR,1,100.0,0,5,73.2,50.0,78.0,1,1,36,100.0,100.0,97.2,0,2,0,64,64,0,0,64,37,37,0,0,27,0
Nate Davis,46808,G,TEN,1,100.0,0,31,32.3,1.6,52.4,1,3,43,100.0,100.0,93.0,0,5,1,64,0,0,0,64,44,44,64,0,20,0
Graham Glasgow,10729,G,DEN,1,100.0,0,10,60.8,64.8,57.5,0,4,41,100.0,100.0,95.1,0,4,0,63,0,0,0,63,41,41,63,0,22,0
Cesar Ruiz,59857,C,NO,1,100.0,0,20,56.6,49.0,62.9,0,1,24,100.0,100.0,97.9,1,1,0,62,57,0,0,62,25,25,5,0,37,0
Terron Armstead,7856,T,NO,1,100.0,0,20,75.5,61.5,78.5,0,1,24,100.0,100.0,97.9,0,1,0,62,0,0,62,62,25,25,0,0,37,0
Andrus Peat,9446,G,NO,1,100.0,0,20,64.4,53.9,64.4,0,1,24,100.0,100.0,97.9,0,1,0,62,0,62,0,62,25,25,0,0,37,0
Ryan Ramczyk,11787,T,NO,1,100.0,0,20,70.5,61.6,71.6,1,2,24,100.0,100.0,93.7,0,3,0,62,0,0,0,62,25,25,0,62,37,0
Pat Elflein,11825,G,CAR,1,100.0,0,5,51.3,25.1,59.3,3,2,35,100.0,100.0,92.9,1,5,0,61,0,61,0,61,36,36,0,0,25,0
Andrew Thomas,59701,T,NYG,1,100.0,0,21,68.2,80.4,51.0,0,2,42,100.0,100.0,97.6,0,2,0,61,0,0,61,61,45,45,0,0,16,0
Will Hernandez,46180,G,NYG,1,100.0,1,21,47.8,65.5,47.2,0,2,42,100.0,100.0,97.6,1,2,0,61,0,0,0,61,45,45,61,0,16,0
Nick Gates,29476,C,NYG,1,100.0,0,21,66.5,51.9,72.5,0,0,42,100.0,100.0,100.0,0,0,0,61,61,0,0,61,45,45,0,0,16,0
Dennis Daley,60063,G,CAR,1,100.0,0,5,54.1,23.7,62.3,1,0,32,100.0,100.0,95.3,0,2,1,60,0,0,0,60,33,33,60,0,27,0
Wyatt Teller,46131,G,CLV,1,100.0,0,8,62.4,59.9,61.2,0,1,32,100.0,100.0,98.4,1,1,0,59,0,0,0,59,33,33,59,0,26,0
Joel Bitonio,8670,G,CLV,1,100.0,0,8,93.5,87.8,91.4,0,0,32,100.0,100.0,100.0,0,0,0,59,0,59,0,59,33,33,0,0,26,0
Jack Conklin,10642,T,CLV,1,100.0,0,8,87.2,58.3,94.6,0,2,32,100.0,100.0,93.7,0,3,1,59,0,0,0,59,33,33,0,59,26,0
J.C. Tretter,7904,C,CLV,1,100.0,0,8,78.1,84.5,75.1,0,0,32,100.0,100.0,100.0,0,0,0,59,59,0,0,59,33,33,0,0,26,0
Dan Moore Jr.,60120,T,PIT,1,100.0,0,25,71.8,65.9,73.7,0,0,35,100.0,100.0,97.1,0,1,1,58,0,0,57,58,38,38,0,0,20,1
Chukwuma Okorafor,46302,T,PIT,1,100.0,0,25,53.1,40.4,58.9,1,1,35,100.0,100.0,97.1,0,2,0,58,0,0,0,58,38,38,0,57,20,1
Trai Turner,8727,G,PIT,1,100.0,0,25,69.1,70.2,65.7,0,2,35,100.0,100.0,97.1,0,2,0,58,0,0,0,58,38,38,58,0,20,0
Kevin Dotson,46735,G,PIT,1,100.0,0,25,52.8,61.9,57.5,0,0,35,100.0,100.0,100.0,1,0,0,58,0,58,0,58,38,38,0,0,20,0
Royce Newman,41746,G,GB,1,100.0,0,12,55.4,50.1,56.1,0,2,37,100.0,100.0,97.3,0,2,0,57,0,0,0,57,41,41,57,0,16,0
Elgton Jenkins,46298,T,GB,1,100.0,0,12,89.6,81.2,91.4,1,0,37,100.0,100.0,98.6,0,1,0,57,0,0,57,57,41,41,0,0,16,0
Billy Turner,8702,T,GB,1,100.0,0,12,69.1,67.7,67.7,1,1,37,100.0,100.0,94.6,0,3,1,57,0,0,0,57,41,41,0,57,16,0
Calvin Throckmorton,28238,G,NO,1,100.0,0,20,61.4,61.2,59.8,1,1,21,100.0,100.0,95.2,0,2,0,57,0,0,0,57,22,22,57,0,35,0
Lucas Patrick,11435,G,GB,1,100.0,1,12,73.9,55.7,79.8,1,2,37,100.0,100.0,95.9,1,3,0,57,0,57,0,57,41,41,0,0,16,0
Josh Myers,59992,C,GB,1,100.0,0,12,71.9,80.1,68.4,0,1,37,100.0,100.0,98.6,0,1,0,57,57,0,0,57,41,41,0,0,16,0
Josh Jones,26634,G,ARZ,1,100.0,1,1,42.5,65.3,45.2,0,1,28,100.0,100.0,98.2,1,1,0,56,0,0,0,56,28,28,56,0,28,0
Alex Mack,4944,C,SF,1,100.0,0,28,59.4,67.3,57.3,0,0,27,100.0,100.0,100.0,0,0,0,55,55,0,0,55,28,28,0,0,27,0
Charles Leno Jr.,8880,T,WAS,1,100.0,0,32,57.7,71.4,45.9,1,0,26,100.0,100.0,98.1,0,1,0,55,0,0,54,55,30,30,0,1,25,0
Mike McGlinchey,46275,T,SF,1,100.0,0,28,51.0,43.9,51.8,0,1,27,100.0,100.0,98.1,0,1,0,55,0,0,0,55,28,28,0,55,27,0
Trent Williams,5529,T,SF,1,100.0,0,28,92.2,82.5,91.9,0,0,27,100.0,100.0,100.0,0,0,0,55,0,0,55,55,28,28,0,0,27,0
Brandon Scherff,9438,G,WAS,1,100.0,0,32,62.2,46.8,72.1,0,2,26,100.0,100.0,96.2,2,2,0,55,0,0,0,55,30,30,55,0,25,0
Ereck Flowers,9442,G,WAS,1,100.0,0,32,61.4,82.0,54.2,0,1,26,100.0,100.0,98.1,0,1,0,55,0,55,0,55,30,30,0,0,25,0
Samuel Cosmi,60114,T,WAS,1,100.0,0,32,56.6,15.0,85.8,1,2,26,100.0,100.0,90.4,0,4,1,55,0,0,0,55,30,30,0,54,25,1
Laken Tomlinson,9461,G,SF,1,100.0,0,28,72.8,68.5,70.2,0,0,27,100.0,100.0,100.0,0,0,0,55,0,55,0,55,28,28,0,0,27,0
Daniel Brunskill,34807,G,SF,1,100.0,0,28,76.3,78.7,71.7,0,1,27,100.0,100.0,98.1,0,1,0,55,0,0,0,55,28,28,55,0,27,0
Taylor Lewan,8646,T,TEN,1,100.0,0,31,39.7,24.1,55.2,2,1,40,100.0,100.0,91.2,0,5,2,55,0,0,55,55,41,41,0,0,14,0
Kendrick Green,56642,C,PIT,1,100.0,0,25,55.3,68.7,49.2,1,0,32,100.0,100.0,98.4,0,1,0,55,55,0,0,55,35,35,0,0,20,0
Chase Roullier,11954,C,WAS,1,100.0,0,32,62.6,77.2,58.1,1,0,26,100.0,100.0,98.1,0,1,0,55,55,0,0,55,30,30,0,0,25,0
Gabe Jackson,8716,G,SEA,1,100.0,0,29,62.8,47.9,64.8,0,2,28,100.0,100.0,96.4,0,2,0,54,0,0,0,54,29,29,54,0,25,0
Robert Hunt,46139,G,MIA,1,100.0,0,17,51.7,72.5,45.8,0,1,29,100.0,100.0,98.3,0,1,0,54,0,0,0,54,30,30,54,0,24,0
Liam Eichenberg,41851,T,MIA,1,100.0,1,17,57.6,71.8,65.9,0,1,29,100.0,100.0,98.3,2,1,0,54,0,0,54,54,30,30,0,0,24,0
Solomon Kindley,41471,G,MIA,1,100.0,0,17,70.7,66.6,69.1,0,1,29,100.0,100.0,98.3,1,1,0,54,0,54,0,54,30,30,0,0,24,0
Jesse Davis,9989,T,MIA,1,100.0,0,17,66.4,51.5,82.0,1,2,29,100.0,100.0,94.8,1,3,0,54,0,0,0,54,30,30,0,54,24,0
Michael Deiter,38554,C,MIA,1,100.0,0,17,54.2,61.0,51.6,0,2,29,100.0,100.0,96.6,0,2,0,54,54,0,0,54,30,30,0,0,24,0
Brandon Shell,10792,T,SEA,1,100.0,0,29,77.6,71.7,78.0,0,0,28,100.0,100.0,100.0,0,0,0,54,0,0,0,54,29,29,0,53,25,1
Damien Lewis,81532,G,SEA,1,100.0,0,29,56.6,32.2,62.4,2,1,28,100.0,100.0,94.6,0,3,0,54,0,54,0,54,29,29,0,0,25,0
Duane Brown,4340,T,SEA,1,100.0,0,29,60.9,87.8,42.7,0,0,28,100.0,100.0,100.0,0,0,0,54,0,0,54,54,29,29,0,0,25,0
Brian Allen,46104,C,LA,1,100.0,0,26,77.9,51.3,82.1,0,0,27,100.0,100.0,96.3,1,1,1,52,52,0,0,52,28,28,0,0,24,0
Andrew Whitworth,3000,T,LA,1,100.0,0,26,66.8,74.6,59.3,1,1,27,100.0,100.0,96.3,0,2,0,52,0,0,52,52,28,28,0,0,24,0
David Edwards,35941,G,LA,1,100.0,0,26,82.0,61.8,83.1,0,2,27,100.0,100.0,96.3,0,2,0,52,0,52,0,52,28,28,0,0,24,0
Rob Havenstein,9490,T,LA,1,100.0,0,26,78.7,74.5,79.2,0,0,27,100.0,100.0,100.0,0,0,0,52,0,0,0,52,28,28,0,52,24,0
Austin Corbett,46290,G,LA,1,100.0,0,26,69.2,64.9,67.3,0,1,27,100.0,100.0,98.1,0,1,0,52,0,0,0,52,28,28,52,0,24,0
Marcus Cannon,6290,T,HST,1,100.0,0,13,80.9,82.1,78.0,0,0,25,100.0,100.0,100.0,0,0,0,50,0,0,0,50,27,27,0,50,23,0
Mekhi Becton,59818,T,NYJ,1,100.0,0,22,66.4,59.7,77.2,1,1,30,100.0,100.0,96.7,1,2,0,48,0,0,48,48,31,31,0,0,17,0
Justin Herron,46271,T,NE,1,100.0,0,19,42.3,38.5,42.4,0,2,25,100.0,100.0,96.0,1,2,0,46,0,0,0,46,29,29,0,46,17,0
Bryan Bulaga,5548,T,LAC,1,100.0,0,27,55.8,45.2,61.0,0,1,28,100.0,100.0,98.2,1,1,0,45,0,0,0,45,30,30,0,45,15,0
Ben Bredeson,27305,G,NYG,1,100.0,0,21,54.0,40.6,59.4,0,2,31,100.0,100.0,96.8,0,2,0,44,0,44,0,44,33,33,0,0,11,0
Nate Solder,6169,T,NYG,1,100.0,0,21,63.6,60.9,63.2,0,2,27,100.0,100.0,92.6,0,3,1,43,0,0,0,43,29,29,0,42,14,1
Kelvin Beachum,7229,T,ARZ,1,100.0,0,1,67.4,81.7,67.3,0,0,26,100.0,100.0,100.0,1,0,0,41,0,0,0,41,27,27,0,41,14,0
Kyle Fuller,11998,C,SEA,1,100.0,0,29,64.5,39.4,68.6,1,1,19,100.0,100.0,94.7,0,2,0,40,40,0,0,40,20,20,0,0,20,0
Pharaoh Brown,12247,TE,HST,1,66.1,0,13,82.8,64.9,59.8,0,1,4,19.0,16.7,87.5,0,1,0,39,0,0,0,59,4,24,0,0,35,33
Ben Powers,41482,G,BLT,1,100.0,0,3,63.5,34.4,69.9,0,1,21,100.0,100.0,92.9,0,2,1,39,0,39,0,39,22,22,0,0,17,0
Chris Hubbard,8051,T,CLV,1,100.0,0,8,49.9,42.9,51.5,1,1,21,100.0,100.0,90.5,0,3,1,39,0,0,39,39,22,22,0,0,17,0
Tyrod Taylor,6332,QB,HST,1,47.4,0,13,71.1,,60.3,0,0,0,0.0,0.0,,0,0,0,37,0,0,0,78,0,40,0,0,37,0
Storm Norton,12188,T,LAC,1,100.0,0,27,61.3,68.6,53.4,0,0,21,100.0,100.0,95.2,0,1,1,36,0,0,0,36,22,22,0,36,14,0
George Kittle,11901,TE,SF,1,69.2,0,28,83.9,68.2,65.1,0,0,10,40.0,38.5,100.0,1,0,0,36,0,0,0,52,10,26,0,0,26,41
Joe Burrow,28022,QB,CIN,1,50.7,0,7,69.7,,60.0,0,0,0,0.0,0.0,,0,0,0,35,0,0,0,69,0,33,0,0,35,0
Jonnu Smith,11855,TE,NE,1,61.8,0,19,54.1,42.2,44.8,0,1,5,20.8,25.9,90.0,0,1,0,34,0,0,0,55,7,27,0,0,27,35
Jameis Winston,9434,QB,NO,1,55.0,0,20,89.5,,60.0,0,0,0,0.0,0.0,,0,0,0,33,0,0,0,60,0,24,0,0,33,0
Maxx Williams,9488,TE,ARZ,1,60.0,0,1,54.4,75.1,64.8,0,0,5,18.5,21.4,100.0,0,0,0,33,0,0,0,55,6,28,0,0,27,34
Adam Trautman,109795,TE,NO,1,64.7,0,20,35.0,69.8,53.5,0,0,1,5.3,5.3,100.0,1,0,0,33,0,0,0,51,1,19,0,0,32,40
Jason Peters,2148,T,CHI,1,100.0,0,6,61.8,63.5,58.8,0,0,19,100.0,100.0,94.7,0,1,1,32,0,0,32,32,19,19,0,0,13,0
Justin Murray,11022,T,ARZ,1,100.0,0,1,66.4,81.6,59.6,0,0,13,100.0,100.0,100.0,0,0,0,32,0,3,0,32,13,13,0,28,19,1
Jakobi Meyers,47468,WR,NE,1,43.2,0,19,64.5,73.4,56.1,0,0,2,5.0,4.5,100.0,0,0,0,32,0,0,0,74,2,44,0,0,30,2
Patrick Ricard,48862,FB,BLT,1,75.6,0,3,61.8,73.2,51.2,0,0,6,37.5,37.5,100.0,0,0,0,31,0,0,0,41,6,16,0,0,25,15
Mac Jones,60323,QB,NE,1,41.3,0,19,78.3,,60.0,0,0,0,0.0,0.0,,0,0,0,31,0,0,0,75,0,44,0,0,31,0
Hunter Henry,10669,TE,NE,1,55.6,0,19,61.9,33.4,44.8,0,1,4,14.8,14.3,87.5,0,1,0,30,0,0,0,54,4,28,0,0,26,30
Ja'Marr Chase,84270,WR,CIN,1,48.4,0,7,77.9,,58.0,0,0,0,0.0,0.0,,0,0,0,30,0,0,0,62,0,31,0,0,30,0
Marquez Callaway,42295,WR,NO,1,57.7,0,20,58.9,,60.6,0,0,0,0.0,0.0,,0,0,0,30,0,0,0,52,0,22,0,0,30,0
Tyre Phillips,59874,G,BLT,1,100.0,0,3,46.8,47.4,47.5,0,0,18,100.0,100.0,100.0,0,0,0,29,0,29,0,29,18,18,0,0,11,0
Drew Sample,47259,TE,CIN,1,80.0,0,7,60.3,25.8,67.4,0,0,3,33.3,30.0,66.7,0,1,1,28,0,0,0,35,3,10,0,0,25,34
Chris Conley,9509,WR,HST,1,70.0,0,13,71.4,,54.8,0,0,0,0.0,0.0,,0,0,0,28,0,0,0,40,0,12,0,0,28,2
Geron Christian Sr.,46375,T,HST,1,100.0,0,13,57.6,72.0,50.3,0,1,12,100.0,100.0,95.8,0,1,0,28,0,0,0,28,13,13,0,28,15,0
Michael Pittman Jr.,29049,WR,IND,1,36.5,0,14,60.8,,65.3,0,0,0,0.0,0.0,,0,0,0,27,0,0,0,74,0,47,0,0,27,0
C.J. Uzomah,9590,TE,CIN,1,52.9,0,7,68.1,75.4,66.3,0,0,3,12.0,11.1,100.0,0,0,0,27,0,0,0,51,3,27,0,0,24,37
Kyler Murray,38334,QB,ARZ,1,39.1,0,1,84.5,,60.3,0,0,0,0.0,0.0,,1,0,0,27,0,0,0,69,0,37,0,0,27,0
Carson Wentz,10636,QB,IND,1,35.5,0,14,60.1,,60.0,0,0,0,0.0,0.0,,0,0,0,27,0,0,0,76,0,48,0,0,27,0
Logan Thomas,8755,TE,WAS,1,49.1,0,32,66.4,72.3,51.6,0,0,2,7.7,6.7,100.0,0,0,0,27,0,0,0,55,2,30,0,0,25,19
Donald Parham,91014,TE,LAC,1,63.4,0,27,53.6,76.8,60.6,0,0,6,30.0,28.6,100.0,0,0,0,26,0,0,0,41,6,21,0,0,20,33
DeAndre Hopkins,7808,WR,ARZ,1,42.6,0,1,81.8,,62.1,0,0,0,0.0,0.0,,0,0,0,26,0,0,0,61,0,35,0,0,26,0
Antony Auclair,24606,TE,HST,1,78.8,0,13,73.3,66.2,74.8,0,0,1,14.3,12.5,100.0,0,0,0,26,0,0,0,33,1,8,0,0,25,31
Tyler Higbee,10744,TE,LA,1,50.0,0,26,77.6,69.0,64.7,0,0,2,7.4,7.1,100.0,0,0,0,26,0,0,0,52,2,28,0,0,24,34
Baker Mayfield,46518,QB,CLV,1,44.1,0,8,75.1,,60.0,0,0,0,0.0,0.0,,0,0,0,26,0,0,0,59,0,33,0,0,26,0
Jalen Hurts,40291,QB,PHI,1,36.6,0,24,89.5,,60.0,0,0,0,0.0,0.0,,1,0,0,26,0,0,0,71,0,41,0,0,26,0
Terry McLaurin,48229,WR,WAS,1,45.5,0,32,78.6,,63.1,0,0,0,0.0,0.0,,0,0,0,25,0,0,0,55,0,30,0,0,25,0
Teddy Bridgewater,8667,QB,DEN,1,37.9,0,10,85.7,,60.0,0,0,0,0.0,0.0,,0,0,0,25,0,0,0,66,0,41,0,0,25,0
Justin Herbert,28237,QB,LAC,1,30.9,0,27,84.7,,60.0,0,0,0,0.0,0.0,,0,0,0,25,0,0,0,81,0,52,0,0,25,0
Keenan Allen,7857,WR,LAC,1,35.8,0,27,75.3,,58.2,0,0,0,0.0,0.0,,0,0,0,24,0,0,0,67,0,43,0,0,24,1
Brandin Cooks,8655,WR,HST,1,39.3,0,13,74.4,,58.1,0,0,0,0.0,0.0,,0,0,0,24,0,0,0,61,0,37,0,0,24,0
Jordan Akins,47050,TE,HST,1,51.1,0,13,41.1,5.0,56.8,0,1,3,12.5,11.5,83.3,0,1,0,24,0,0,0,47,3,26,0,0,21,36
Noah Fant,42388,TE,DEN,1,47.1,0,10,76.6,71.2,57.1,0,0,2,6.9,6.9,100.0,0,0,0,24,0,0,0,51,2,29,0,0,22,38
Dallas Goedert,47272,TE,PHI,1,46.2,0,24,79.7,66.4,57.9,0,0,0,0.0,3.4,,0,0,0,24,0,0,0,52,1,29,0,0,23,38
Matt Ryan,4317,QB,ATL,1,34.8,0,2,60.4,,60.0,0,0,0,0.0,0.0,,2,0,0,24,0,0,0,69,0,44,0,0,24,0
Austin Hooper,10715,TE,CLV,1,63.2,0,8,71.3,73.7,57.4,0,0,4,22.2,22.2,100.0,0,0,0,24,0,0,0,38,4,18,0,0,20,26
Zach Pascal,12303,WR,IND,1,34.8,0,14,64.9,,32.4,0,0,0,0.0,0.0,,1,0,0,24,0,0,0,69,0,45,0,0,24,1
Darnell Mooney,48236,WR,CHI,1,34.8,0,6,58.0,,52.4,0,0,0,0.0,0.0,,0,0,0,24,0,0,0,69,0,45,0,0,24,0
A.J. Green,6156,WR,ARZ,1,41.8,0,1,55.9,,46.8,0,0,0,0.0,0.0,,1,0,0,23,0,0,0,55,0,32,0,0,23,0
DeVonta Smith,61100,WR,PHI,1,37.1,0,24,75.3,,89.5,0,0,0,0.0,0.0,,0,0,0,23,0,0,0,62,0,39,0,0,23,0
Ian Thomas,42130,TE,CAR,1,65.7,0,5,76.8,74.2,74.4,0,0,5,29.4,29.4,100.0,0,0,0,23,0,0,0,35,5,17,0,0,18,32
Dyami Brown,77986,WR,WAS,1,45.1,0,32,52.8,,57.7,0,0,0,0.0,0.0,,0,0,0,23,0,0,0,51,0,28,0,0,23,0
Tyler Boyd,10689,WR,CIN,1,45.1,0,7,65.2,,44.9,0,0,0,0.0,0.0,,0,0,0,23,0,0,0,51,0,28,0,0,23,0
Durham Smythe,47257,TE,MIA,1,60.5,0,17,46.3,,59.3,0,0,0,0.0,0.0,,0,0,0,23,0,0,0,38,0,15,0,0,23,32
Yasir Durant,59878,T,NE,1,100.0,0,19,60.7,62.7,58.1,0,0,13,100.0,100.0,100.0,0,0,0,23,0,0,0,23,13,13,0,22,10,1
Tee Higgins,61211,WR,CIN,1,45.1,0,7,76.6,,51.6,0,0,0,0.0,0.0,,0,0,0,23,0,0,0,51,0,28,0,0,23,1
Nelson Agholor,9453,WR,NE,1,34.4,0,19,75.8,,62.3,0,0,0,0.0,0.0,,0,0,0,22,0,0,0,64,0,42,0,0,22,0
Jimmy Garoppolo,8697,QB,SF,1,43.1,0,28,71.2,,60.0,0,0,0,0.0,0.0,,1,0,0,22,0,0,0,51,0,27,0,0,22,0
Elijah Wilkinson,46238,T,CHI,1,100.0,0,6,63.1,67.5,57.3,0,0,17,100.0,100.0,94.1,0,1,1,22,0,0,22,22,17,17,0,0,5,0
Russell Wilson,7077,QB,SEA,1,40.7,0,29,79.1,,60.0,0,0,0,0.0,0.0,,0,0,0,22,0,0,0,54,0,29,0,0,22,0
Kirk Cousins,7102,QB,MIN,1,26.5,0,18,80.9,,60.0,0,0,0,0.0,0.0,,0,0,0,22,0,0,0,83,0,61,0,0,22,0
Lamar Jackson,46416,QB,BLT,1,32.4,0,3,63.1,,60.0,0,0,0,0.0,0.0,,0,0,0,22,0,0,0,68,0,40,0,0,22,0
Darren Waller,9637,TE,LV,1,27.2,0,23,63.5,60.7,39.0,0,1,2,3.5,6.3,75.0,0,1,0,22,0,0,0,81,4,63,0,0,18,41
D.K. Metcalf,47864,WR,SEA,1,44.0,0,29,76.4,,73.5,0,0,0,0.0,0.0,,2,0,0,22,0,0,0,50,0,28,0,0,22,0
Sam Darnold,29048,QB,CAR,1,34.4,0,5,70.1,,60.0,0,0,0,0.0,0.0,,1,0,0,22,0,0,0,64,0,37,0,0,22,0
Jack Doyle,8520,TE,IND,1,46.7,0,14,64.7,82.4,53.6,0,0,4,14.8,14.3,100.0,0,0,0,21,0,0,0,45,4,28,0,0,17,28
Emmanuel Sanders,5606,WR,BUF,1,26.6,0,4,60.3,,58.9,0,0,0,0.0,0.0,,1,0,0,21,0,0,0,79,0,58,0,0,21,0
Andy Dalton,6187,QB,CHI,1,32.8,0,6,63.1,,60.0,0,0,0,0.0,0.0,,0,0,0,21,0,0,0,64,0,43,0,0,21,0
Jarvis Landry,8698,WR,CLV,1,41.2,0,8,77.4,,66.4,0,0,0,0.0,0.0,,0,0,0,21,0,0,0,51,0,29,0,0,21,2
Jared Goff,10635,QB,DET,1,22.8,0,11,66.7,,60.0,0,0,0,0.0,0.0,,0,0,0,21,0,0,0,92,0,71,0,0,21,0
Gerald Everett,11799,TE,SEA,1,53.8,0,29,75.8,71.0,47.2,0,0,2,10.5,10.0,100.0,0,0,0,21,0,0,0,39,2,20,0,0,19,23
Cooper Kupp,11824,WR,LA,1,42.9,0,26,81.5,,56.4,0,0,0,0.0,0.0,,0,0,0,21,0,0,0,49,0,28,0,0,21,0
Tyler Conklin,47124,TE,MIN,1,35.6,0,18,46.6,57.1,45.3,0,1,6,16.2,17.4,91.7,1,1,0,21,0,0,0,59,8,46,0,0,13,54
Deebo Samuel,48274,WR,SF,1,45.7,0,28,86.7,,56.0,0,0,0,0.0,0.0,,0,0,0,21,0,0,0,46,0,25,0,0,21,1
Jalen Reagor,61697,WR,PHI,1,42.0,0,24,72.7,,62.3,0,0,0,0.0,0.0,,0,0,0,21,0,0,0,50,0,29,0,0,21,2
Jedrick Wills Jr.,58467,T,CLV,1,100.0,0,8,72.8,84.4,67.0,0,0,11,100.0,100.0,100.0,0,0,0,20,0,0,20,20,11,11,0,0,9,0
Dawson Knox,35883,TE,BUF,1,41.7,0,4,63.7,,53.1,0,0,0,0.0,0.0,,0,0,0,20,0,0,0,48,0,28,0,0,20,22
Donovan Peoples-Jones,61439,WR,CLV,1,42.6,0,8,58.0,62.3,55.5,0,0,1,3.7,3.6,100.0,0,0,0,20,0,0,0,47,1,28,0,0,19,1
Ryan Griffin,7982,TE,NYJ,1,64.5,0,22,38.7,16.5,43.1,0,2,4,26.7,26.7,75.0,0,2,0,20,0,0,0,31,4,15,0,0,16,28
Adam Thielen,8288,WR,MIN,1,25.6,0,18,66.7,,36.2,0,0,0,0.0,0.0,,0,0,0,20,0,0,0,78,0,58,0,0,20,1
Rob Gronkowski,5567,TE,TB,1,35.1,0,30,85.0,73.7,46.7,0,0,5,11.9,11.9,100.0,0,0,0,20,0,0,0,57,5,42,0,0,15,43
Robert Woods,7822,WR,LA,1,50.0,0,26,74.2,,56.4,0,0,0,0.0,0.0,,0,0,0,20,0,0,0,40,0,19,0,0,20,2
Kyle Rudolph,6195,TE,NYG,1,41.7,0,21,47.5,62.0,50.6,0,0,5,15.6,17.6,100.0,0,0,0,20,0,0,0,48,6,34,0,0,14,27
Foster Moreau,47043,TE,LV,1,43.5,0,23,48.6,47.8,55.9,0,0,7,21.9,21.2,100.0,0,0,0,20,0,0,0,46,7,33,0,0,13,24
Courtland Sutton,48164,WR,DEN,1,37.7,0,10,54.0,,62.0,0,0,0,0.0,0.0,,1,0,0,20,0,0,0,53,0,33,0,0,20,0
Allen Robinson II,8696,WR,CHI,1,31.7,0,6,59.5,,56.8,0,0,0,0.0,0.0,,0,0,0,20,0,0,0,63,0,43,0,0,20,0
Ryan Tannehill,7014,QB,TEN,1,31.3,0,31,64.3,,60.0,0,0,0,0.0,0.0,,0,0,0,20,0,0,0,64,0,44,0,0,20,0
Cole Kmet,60995,TE,CHI,1,37.3,0,6,68.9,73.5,59.3,0,0,3,8.6,8.6,100.0,1,0,0,19,0,0,0,51,3,35,0,0,16,29
Tim Patrick,12087,WR,DEN,1,41.3,0,10,72.2,,51.3,0,0,0,0.0,0.0,,0,0,0,19,0,0,0,46,0,27,0,0,19,6
Derek Carr,8671,QB,LV,1,22.1,0,23,74.9,,60.1,0,0,0,0.0,0.0,,1,0,0,19,0,0,0,86,0,65,0,0,19,0
Mo Alie-Cox,12078,TE,IND,1,48.7,0,14,50.0,72.0,56.3,0,0,2,10.0,9.1,100.0,0,0,0,19,0,0,0,39,2,22,0,0,17,25
Matt Peart,46179,T,NYG,1,100.0,0,21,63.3,68.5,60.0,1,0,15,100.0,100.0,96.7,0,1,0,19,0,0,0,19,16,16,0,19,3,0
Tyler Lockett,9502,WR,SEA,1,41.3,0,29,76.2,,47.0,0,0,0,0.0,0.0,,0,0,0,19,0,0,0,46,0,27,0,0,19,0
Matthew Stafford,4924,QB,LA,1,36.5,0,26,79.7,,60.0,0,0,0,0.0,0.0,,0,0,0,19,0,0,0,52,0,28,0,0,19,0
Will Dissly,30762,TE,SEA,1,50.0,0,29,68.2,39.7,61.7,0,1,2,9.5,9.5,75.0,0,1,0,19,0,0,0,38,2,21,0,1,17,26
T.J. Hockenson,40912,TE,DET,1,24.4,0,11,76.4,70.2,62.5,0,0,1,1.9,3.3,100.0,0,0,0,19,0,0,0,78,2,61,0,0,17,33
Calvin Ridley,48262,WR,ATL,1,31.1,0,2,58.8,,60.6,0,0,0,0.0,0.0,,1,0,0,19,0,0,0,61,0,42,0,0,19,0
Robby Anderson,11254,WR,CAR,1,36.5,0,5,60.5,,60.8,0,0,0,0.0,0.0,,0,0,0,19,0,0,0,52,0,33,0,0,19,0
David Njoku,11784,TE,CLV,1,54.3,0,8,83.9,74.4,54.0,0,0,5,25.0,23.8,100.0,2,0,0,19,0,0,0,35,5,21,0,0,14,23
Albert Okwuegbunam,41933,TE,DEN,1,51.4,0,10,57.9,70.9,65.0,0,0,2,10.0,10.0,100.0,0,0,0,19,0,0,0,37,2,20,0,0,17,29
Lee Smith,6311,TE,ATL,1,95.0,0,2,48.0,74.5,48.9,0,0,4,80.0,83.3,100.0,0,0,0,19,0,0,0,20,5,6,0,0,14,20
Sammy Watkins,8639,WR,BLT,1,32.1,0,3,75.6,,77.6,0,0,0,0.0,0.0,,0,0,0,18,0,0,0,56,0,38,0,0,18,0
Zach Wilson,82096,QB,NYJ,1,27.7,0,22,63.2,,60.0,0,0,0,0.0,0.0,,0,0,0,18,0,0,0,65,0,46,0,0,18,0
Zach Ertz,7816,TE,PHI,1,43.9,0,24,54.5,,49.4,0,0,0,0.0,0.0,,0,0,0,18,0,0,0,41,0,23,0,0,18,19
Patrick Mahomes,11765,QB,KC,1,27.7,0,16,81.0,,60.0,0,0,0,0.0,0.0,,0,0,0,18,0,0,0,65,0,45,0,0,18,0
Henry Ruggs III,61102,WR,LV,1,32.1,0,23,58.8,,54.1,0,0,0,0.0,0.0,,0,0,0,18,0,0,0,56,0,38,0,0,18,0
Stefon Diggs,9579,WR,BUF,1,22.8,0,4,69.2,,61.5,0,0,0,0.0,0.0,,0,0,0,18,0,0,0,79,0,61,0,0,18,0
Justin Jefferson,61398,WR,MIN,1,23.7,0,18,67.3,,72.6,0,0,0,0.0,0.0,,0,0,0,18,0,0,0,76,0,58,0,0,18,0
Corey Davis,11760,WR,NYJ,1,31.0,0,22,74.7,,72.3,0,0,0,0.0,0.0,,0,0,0,18,0,0,0,58,0,40,0,0,18,1
Taylor Heinicke,9896,QB,WAS,1,46.2,0,32,46.9,,60.0,0,0,0,0.0,0.0,,0,0,0,18,0,0,0,39,0,21,0,0,18,0
Pat Freiermuth,84085,TE,PIT,1,58.6,0,25,72.8,70.2,73.5,0,0,0,0.0,7.7,,0,0,0,17,0,0,0,29,1,13,0,0,16,25
Chris Manhertz,10211,TE,JAX,1,68.0,0,15,50.8,74.3,53.1,0,0,4,36.4,33.3,100.0,0,0,0,17,0,0,0,25,4,12,0,0,13,23
Morgan Moses,8701,T,NYJ,1,100.0,0,22,65.9,81.0,71.8,0,0,13,100.0,100.0,100.0,1,0,0,17,0,0,0,17,15,15,0,17,2,0
Denzelle Good,9688,G,LV,1,100.0,0,23,50.6,42.7,53.4,0,0,12,100.0,100.0,100.0,0,0,0,17,0,0,0,17,12,12,17,0,5,0
Mark Andrews,47436,TE,BLT,1,30.9,0,3,52.4,,57.1,0,0,0,0.0,0.0,,0,0,0,17,0,0,0,55,0,38,0,0,17,24
Mike Williams,11762,WR,LAC,1,27.9,0,27,79.7,,58.7,0,0,0,0.0,0.0,,0,0,0,17,0,0,0,61,0,44,0,0,17,0
Shane Lemieux,28149,G,NYG,1,100.0,0,21,69.0,81.5,63.0,0,0,11,100.0,100.0,100.0,0,0,0,17,0,17,0,17,12,12,0,0,5,0
D.J. Moore,48267,WR,CAR,1,32.7,0,5,81.9,,90.8,0,0,0,0.0,0.0,,0,0,0,17,0,0,0,52,0,34,0,0,17,0
Ben Roethlisberger,1732,QB,PIT,1,29.3,0,25,38.0,,60.0,0,0,0,0.0,0.0,,0,0,0,17,0,0,0,58,0,38,0,0,17,0
Tua Tagovailoa,60326,QB,MIA,1,32.7,0,17,57.8,,60.7,0,0,0,0.0,0.0,,0,0,0,17,0,0,0,52,0,30,0,0,17,0
DeVante Parker,9447,WR,MIA,1,37.8,0,17,82.9,,61.9,0,0,0,0.0,0.0,,0,0,0,17,0,0,0,45,0,28,0,0,17,0
Elijah Moore,84302,WR,NYJ,1,30.4,1,22,49.9,,62.5,0,0,0,0.0,0.0,,1,0,0,17,0,0,0,56,0,39,0,0,17,0
Trevor Lawrence,77632,QB,JAX,1,21.9,0,15,57.7,,60.0,0,0,0,0.0,0.0,,0,0,0,16,0,0,0,73,0,56,0,0,16,0
James Hurst,9001,T,NO,1,100.0,0,20,66.6,73.3,62.3,0,0,3,100.0,100.0,100.0,1,0,0,16,0,0,0,16,3,3,0,0,13,16
Josh Allen,46601,QB,BUF,1,18.8,0,4,67.6,,60.0,0,0,0,0.0,0.0,,0,0,0,16,0,0,0,85,0,62,0,0,16,0
Christian Kirk,47546,WR,ARZ,1,41.0,0,1,85.9,,60.5,0,0,0,0.0,0.0,,0,0,0,16,0,0,0,39,0,23,0,0,16,0
Kalif Raymond,11028,WR,DET,1,23.2,0,11,63.2,,72.4,0,0,0,0.0,0.0,,0,0,0,16,0,0,0,69,0,52,0,0,16,0
Jalen Guyton,34164,WR,LAC,1,30.2,0,27,62.6,,56.4,0,0,0,0.0,0.0,,0,0,0,16,0,0,0,53,0,37,0,0,16,2
Travis Kelce,7844,TE,KC,1,29.1,0,16,89.2,66.2,64.6,0,0,1,2.8,2.5,100.0,0,0,0,16,0,0,0,55,1,40,0,1,15,16
Eric Tomlinson,9786,TE,BLT,1,84.2,0,3,70.3,,69.2,0,0,0,0.0,0.0,,1,0,0,16,0,0,0,19,0,3,0,0,16,18
Demarcus Robinson,10760,WR,KC,1,33.3,0,16,51.8,,60.9,0,0,0,0.0,0.0,,0,0,0,16,0,0,0,48,0,32,0,0,16,0
Hayden Hurst,47294,TE,ATL,1,37.2,0,2,51.5,24.9,56.3,0,1,3,10.7,12.9,83.3,1,1,0,16,0,0,0,43,4,31,0,0,12,24
C.J. Ham,11347,FB,MIN,1,64.0,0,18,65.8,69.4,73.8,0,0,1,10.0,10.0,100.0,2,0,0,16,0,0,0,25,1,10,0,0,15,8
Devin Duvernay,40006,WR,BLT,1,41.0,0,3,54.7,,66.6,0,0,0,0.0,0.0,,0,0,0,16,0,0,0,39,0,23,0,0,16,1
Sterling Shepard,10674,WR,NYG,1,27.6,0,21,79.2,62.4,60.1,0,0,1,2.5,2.3,100.0,0,0,0,16,0,0,0,58,1,43,0,0,15,1
Cole Beasley,7330,WR,BUF,1,20.8,0,4,55.1,,58.7,0,0,0,0.0,0.0,,0,0,0,16,0,0,0,77,0,61,0,0,16,0
Marvin Jones Jr.,7158,WR,JAX,1,22.4,0,15,60.1,,30.2,0,0,0,0.0,0.0,,0,0,0,15,0,0,0,67,0,52,0,0,15,1
Larry Borom,59879,T,CHI,1,100.0,0,6,56.0,52.6,55.3,0,0,9,100.0,100.0,100.0,0,0,0,15,0,0,15,15,9,9,0,0,6,0
JuJu Smith-Schuster,11817,WR,PIT,1,28.3,0,25,69.9,,85.4,0,0,0,0.0,0.0,,1,0,0,15,0,0,0,53,0,38,0,0,15,2
Parris Campbell,47940,WR,IND,1,32.6,0,14,62.6,,60.2,0,0,0,0.0,0.0,,0,0,0,15,0,0,0,46,0,31,0,0,15,0
Tyreek Hill,10799,WR,KC,1,26.3,1,16,90.5,,60.6,0,0,0,0.0,0.0,,2,0,0,15,0,0,0,57,0,41,0,0,15,1
Julio Jones,6158,WR,TEN,1,30.0,0,31,56.6,,39.6,0,0,0,0.0,0.0,,1,0,0,15,0,0,0,50,0,35,0,0,15,0
Dalton Schultz,47304,TE,DAL,1,26.3,0,9,63.0,75.2,48.4,0,0,3,7.1,6.7,100.0,0,0,0,15,0,0,0,57,3,45,0,0,12,34
Eric Saubert,11929,TE,DEN,1,68.2,0,10,51.7,74.7,67.6,0,0,4,36.4,36.4,100.0,0,0,0,15,0,0,0,22,4,11,0,0,11,20
Jaylen Waddle,84088,WR,MIA,1,34.9,0,17,72.7,,59.6,0,0,0,0.0,0.0,,0,0,0,15,0,0,0,43,0,28,0,0,15,0
Quez Watkins,61664,WR,PHI,1,44.1,0,24,63.6,,37.3,0,0,0,0.0,0.0,,0,0,0,15,0,0,0,34,0,19,0,0,15,1
Tom Brady,698,QB,TB,1,23.1,0,30,93.0,,60.0,0,0,0,0.0,0.0,,0,0,0,15,0,0,0,65,0,50,0,0,15,0
James O'Shaughnessy,9606,TE,JAX,1,24.1,0,15,71.6,,87.9,0,0,0,0.0,0.0,,0,0,0,14,0,0,0,58,0,44,0,0,14,24
D.J. Chark Jr.,47702,WR,JAX,1,22.6,0,15,66.5,,81.7,0,0,0,0.0,0.0,,1,0,0,14,0,0,0,62,0,48,0,0,14,0
Darrell Daniels,12122,TE,ARZ,1,93.3,0,1,45.7,,49.7,0,0,0,0.0,0.0,,0,0,0,14,0,0,0,15,0,1,0,0,14,12
Ethan Pocic,11813,C,SEA,1,100.0,0,29,49.4,6.6,59.1,0,0,9,100.0,100.0,88.9,0,1,1,14,14,0,0,14,9,9,0,0,5,0
Kyle Pitts,83964,TE,ATL,1,28.6,0,2,58.9,47.4,56.2,0,0,1,3.1,5.4,100.0,1,0,0,14,0,0,0,49,2,37,0,0,12,12
Bryan Edwards,28486,WR,LV,1,24.6,0,23,74.1,,60.2,0,0,0,0.0,0.0,,1,0,0,14,0,0,0,57,0,43,0,0,14,0
Jared Cook,5012,TE,LAC,1,29.8,0,27,60.1,73.9,55.3,0,0,3,8.8,8.3,100.0,0,0,0,14,0,0,0,47,3,36,0,0,11,22
Chris Godwin,11839,WR,TB,1,21.9,0,30,65.3,,55.0,0,0,0,0.0,0.0,,0,0,0,14,0,0,0,64,0,50,0,0,14,0
Tyrell Williams,10154,WR,DET,1,35.9,0,11,58.7,,56.0,0,0,0,0.0,0.0,,0,0,0,14,0,0,0,39,0,25,0,0,14,0
Daniel Jones,39395,QB,NYG,1,23.0,0,21,65.1,,60.0,0,0,0,0.0,0.0,,1,0,0,14,0,0,0,61,0,45,0,0,14,0
Geoff Swaim,9679,TE,TEN,1,53.8,0,31,33.5,74.6,44.9,0,0,2,14.3,14.3,100.0,0,0,0,14,0,0,0,26,2,14,0,0,12,22
Russell Gage,44771,WR,ATL,1,29.2,0,2,46.7,,58.6,0,0,0,0.0,0.0,,0,0,0,14,0,0,0,48,0,34,0,0,14,0
Keith Smith,9302,FB,ATL,1,70.0,0,2,67.1,77.0,58.6,0,0,1,20.0,33.3,100.0,0,0,0,14,0,0,0,20,2,6,0,0,12,2
Darren Fells,8549,TE,DET,1,51.9,0,11,48.0,69.4,50.5,0,0,2,15.4,13.3,100.0,0,0,0,14,0,0,1,27,2,15,0,0,12,18
Hunter Long,60859,TE,MIA,1,72.2,0,17,50.5,,54.9,0,0,0,0.0,0.0,,0,0,0,13,0,0,0,18,0,5,0,0,13,17
Brian Winters,7853,G,ARZ,1,100.0,0,1,35.5,2.6,49.7,1,0,8,100.0,100.0,93.7,0,1,0,13,0,0,0,13,9,9,13,0,4,0
Mike Evans,8642,WR,TB,1,21.3,0,30,55.1,,61.8,0,0,0,0.0,0.0,,0,0,0,13,0,0,0,61,0,48,0,0,13,0
Lil'Jordan Humphrey,42247,WR,NO,1,72.2,0,20,55.9,67.6,57.0,0,0,1,16.7,16.7,100.0,0,0,0,13,0,0,0,18,1,6,0,0,12,1
Dak Prescott,10769,QB,DAL,1,15.7,0,9,77.6,,60.0,0,0,0,0.0,0.0,,0,0,0,13,0,0,0,83,0,69,0,0,13,0
Garrett Griffin,11439,TE,NO,1,76.5,0,20,48.4,70.2,48.1,0,0,1,20.0,20.0,100.0,0,0,0,13,0,0,0,17,1,5,0,0,12,11
A.J. Brown,48327,WR,TEN,1,25.0,0,31,73.2,,62.0,0,0,0,0.0,0.0,,0,0,0,13,0,0,0,52,0,39,0,0,13,2
K.J. Osborn,23503,WR,MIN,1,19.4,1,18,63.0,,32.6,0,0,0,0.0,0.0,,2,0,0,13,0,0,0,67,0,54,0,0,13,0
Christian McCaffrey,11763,HB,CAR,1,22.8,0,5,69.9,82.6,60.0,0,0,7,24.1,23.3,100.0,0,0,0,13,0,0,0,57,7,30,0,0,6,0
Nico Collins,61441,WR,HST,1,30.2,0,13,50.9,,57.1,0,0,0,0.0,0.0,,1,0,0,13,0,0,0,43,0,30,0,0,13,0
Damiere Byrd,9964,WR,CHI,1,36.1,0,6,49.7,,34.4,0,0,0,0.0,0.0,,0,0,0,13,0,0,0,36,0,23,0,0,13,0
Trent Sherfield,48021,WR,SF,1,48.1,0,28,71.0,,61.7,0,0,0,0.0,0.0,,0,0,0,13,0,0,0,27,0,14,0,0,13,0
Taysom Hill,12112,QB,NO,1,59.1,0,20,62.4,,69.8,0,0,0,0.0,0.0,,0,0,0,13,0,0,0,22,0,7,0,0,13,11
Adam Humphries,10075,WR,WAS,1,39.4,0,32,46.1,,37.0,0,0,0,0.0,0.0,,1,0,0,13,0,0,0,33,0,20,0,0,13,0
Demetrius Harris,8524,TE,ARZ,1,56.5,0,1,55.3,74.3,75.8,0,0,3,23.1,28.6,100.0,1,0,0,13,0,0,0,23,4,14,0,0,9,15
Kenyan Drake,10707,HB,LV,1,29.3,0,23,60.8,71.8,31.2,0,1,9,28.1,32.4,94.4,0,1,0,12,0,0,0,41,11,34,0,0,1,0
Cethan Carter,47149,TE,MIA,1,92.3,0,17,56.9,65.7,55.9,0,0,1,50.0,50.0,100.0,0,0,0,12,0,0,0,13,1,2,0,0,11,4
Stephen Anderson,11160,TE,LAC,1,60.0,0,27,66.9,,75.4,0,0,0,0.0,0.0,,0,0,0,12,0,0,0,20,0,8,0,0,12,12
Diontae Johnson,33441,WR,PIT,1,27.3,0,25,66.1,,55.1,0,0,0,0.0,0.0,,0,0,0,12,0,0,0,44,0,32,0,0,12,0
Deonte Harris,91470,WR,NO,1,44.4,0,20,84.7,,59.3,0,0,0,0.0,0.0,,0,0,0,12,0,0,0,27,0,15,0,0,12,0
Amari Cooper,9437,WR,DAL,1,16.2,0,9,75.8,,57.2,0,0,0,0.0,0.0,,0,0,0,12,0,0,0,74,0,62,0,0,12,0
Johnny Mundt,12206,TE,LA,1,80.0,0,26,46.7,,52.0,0,0,0,0.0,0.0,,1,0,0,12,0,0,0,15,0,3,0,0,12,15
Van Jefferson,47447,WR,LA,1,33.3,0,26,75.4,,60.0,0,0,0,0.0,0.0,,0,0,0,12,0,0,0,36,0,24,0,0,12,0
MyCole Pruitt,9576,TE,TEN,1,75.0,0,31,54.9,61.4,56.7,0,0,1,20.0,20.0,100.0,0,0,0,12,0,0,0,16,1,5,0,0,11,10
Trevon Wesco,42018,TE,NYJ,1,60.0,0,22,51.1,3.6,60.4,0,1,1,11.1,11.1,50.0,0,1,0,12,0,0,0,20,1,9,0,0,11,1
Zach Gentry,36049,TE,PIT,1,75.0,0,25,71.9,73.7,73.3,0,0,3,50.0,50.0,100.0,0,0,0,12,0,0,0,16,4,8,0,1,8,15
Anthony Schwartz,84135,WR,CLV,1,38.7,0,8,82.2,,59.5,0,0,0,0.0,0.0,,0,0,0,12,0,0,0,31,0,18,0,0,12,0
Mike Thomas,10840,WR,CIN,1,75.0,0,7,57.6,,60.5,0,0,0,0.0,0.0,,0,0,0,12,0,0,0,16,0,4,0,0,12,0
Kenny Golladay,11851,WR,NYG,1,23.1,0,21,77.7,,56.1,0,0,0,0.0,0.0,,0,0,0,12,0,0,0,52,0,40,0,0,12,0
Devin Singletary,40485,HB,BUF,1,17.2,0,4,49.0,66.1,71.8,0,0,5,11.9,12.5,100.0,0,0,0,11,0,0,0,64,6,48,0,0,5,0
Nick Westbrook-Ikhine,47861,WR,TEN,1,45.8,0,31,61.9,,57.1,0,0,0,0.0,0.0,,0,0,0,11,0,0,0,24,0,13,0,0,11,1
Kendall Lamm,10017,T,TEN,1,91.7,0,31,29.3,27.9,59.0,0,0,3,75.0,75.0,66.7,2,1,1,11,0,0,9,12,3,4,0,0,8,3
Brandon Aiyuk,84109,WR,SF,1,42.3,0,28,51.6,,54.5,0,0,0,0.0,0.0,,0,0,0,11,0,0,0,26,0,15,0,0,11,0
Marquise Brown,61568,WR,BLT,1,23.4,0,3,77.6,,59.6,0,0,0,0.0,0.0,,0,0,0,11,0,0,0,47,0,35,0,0,11,0
Allen Lazard,48135,WR,GB,1,28.2,0,12,50.3,,35.2,0,0,0,0.0,0.0,,1,0,0,11,0,0,0,39,0,28,0,0,11,1
Najee Harris,57121,HB,PIT,1,19.0,0,25,55.4,68.3,60.0,0,0,5,14.3,18.4,100.0,0,0,0,11,0,0,0,58,7,38,0,0,4,0
Ike Boettger,46918,G,BUF,1,100.0,0,4,53.4,31.6,58.6,0,1,7,100.0,100.0,92.9,0,1,0,10,0,0,0,10,7,7,10,0,3,0
Ty Johnson,45769,HB,NYJ,1,28.6,0,22,49.9,52.1,,0,1,8,28.6,33.3,93.7,0,1,0,10,0,0,0,35,10,30,0,0,0,1
Malcolm Brown,9902,HB,MIA,1,62.5,0,17,74.2,83.7,60.0,0,0,4,80.0,80.0,100.0,0,0,0,10,0,0,0,16,4,5,0,0,6,0
Darrell Henderson,41193,HB,LA,1,20.4,0,26,71.7,82.6,60.0,0,0,4,16.0,15.4,100.0,0,0,0,10,0,0,0,49,4,26,0,0,6,0
Kyle Juszczyk,7912,FB,SF,1,50.0,0,28,58.8,,64.0,0,0,0,0.0,0.0,,0,0,0,10,0,0,0,20,0,10,0,0,10,3
Kaden Smith,40973,TE,NYG,1,35.7,0,21,62.7,39.7,84.3,0,1,2,10.5,10.0,75.0,0,1,0,10,0,0,0,28,2,20,0,0,8,23
Dan Arnold,51842,TE,CAR,1,30.3,0,5,48.8,,49.3,0,0,0,0.0,0.0,,0,0,0,10,0,0,0,33,0,23,0,0,10,11
Miles Sanders,40555,HB,PHI,1,21.3,0,24,70.0,44.9,60.0,0,0,6,24.0,23.1,100.0,0,0,0,10,0,0,0,47,6,26,0,0,4,0
Tyler Kroft,9518,TE,NYJ,1,23.3,0,22,61.6,24.0,59.1,1,0,3,8.8,10.8,83.3,0,1,0,10,0,0,0,43,4,37,0,0,6,28
Terrace Marshall Jr.,84271,WR,CAR,1,29.4,1,5,52.0,,59.4,0,0,0,0.0,0.0,,1,0,0,10,0,0,0,34,0,24,0,0,10,0
Brandon Zylstra,66438,WR,CAR,1,83.3,0,5,57.0,,59.7,0,0,0,0.0,0.0,,0,0,0,10,0,0,0,12,0,2,0,0,10,0
Harrison Bryant,26394,TE,CLV,1,52.6,0,8,60.0,69.6,65.4,0,0,1,10.0,10.0,100.0,0,0,0,10,0,0,0,19,1,10,0,0,9,10
Josh Jacobs,45953,HB,LV,1,22.2,0,23,62.6,40.5,60.0,1,0,5,19.2,23.3,90.0,0,1,0,10,0,0,0,45,7,30,0,0,3,0
Chris Hogan,6468,WR,NO,1,71.4,0,20,79.2,,75.0,0,0,0,0.0,0.0,,0,0,0,10,0,0,0,14,0,4,0,0,10,0
Eric Ebron,8645,TE,PIT,1,37.0,0,25,62.1,72.4,60.0,0,0,2,10.5,10.5,100.0,0,0,0,10,0,0,1,27,2,19,0,0,8,24
Colin Thompson,12239,TE,CAR,1,83.3,0,5,40.4,11.2,59.9,1,0,2,50.0,60.0,75.0,0,1,0,10,0,0,0,12,3,5,0,0,7,12
Olamide Zaccheaus,44920,WR,ATL,1,55.6,0,2,54.7,,59.5,0,0,0,0.0,0.0,,0,0,0,10,0,0,0,18,0,8,0,0,10,0
Ezekiel Elliott,10638,HB,DAL,1,12.9,0,9,47.1,23.4,60.0,1,1,7,13.7,13.8,85.7,0,2,0,9,0,0,0,70,8,58,0,0,1,0
Alec Ingold,34934,FB,LV,1,39.1,0,23,64.7,73.2,66.4,0,0,2,13.3,12.5,100.0,1,0,0,9,0,0,0,23,2,16,0,0,7,0
Drew Dalman,52270,C,ATL,1,100.0,0,2,69.4,73.1,81.5,0,0,2,100.0,100.0,100.0,1,0,0,9,2,7,0,9,3,3,0,0,6,0
Freddie Swain,26448,WR,SEA,1,39.1,0,29,50.9,,59.5,0,0,0,0.0,0.0,,0,0,0,9,0,0,0,23,0,13,0,0,9,0
J.D. McKissic,11047,HB,WAS,1,45.0,0,32,63.1,84.3,59.9,0,0,5,35.7,37.5,100.0,0,0,0,9,0,0,0,20,6,16,0,0,3,0
Ross Dwelley,20994,TE,SF,1,64.3,0,28,64.2,66.3,75.2,0,0,1,16.7,16.7,100.0,0,0,0,9,0,0,0,14,1,6,0,0,8,11
Davante Adams,8688,WR,GB,1,22.5,0,12,67.8,,61.1,0,0,0,0.0,0.0,,0,0,0,9,0,0,0,40,0,31,0,0,9,0
Giovanni Ricci,13756,FB,CAR,1,75.0,0,5,65.0,76.7,64.6,0,0,0,0.0,25.0,,0,0,0,9,0,0,0,12,1,4,0,0,8,0
Aaron Rodgers,2241,QB,GB,1,21.4,0,12,43.3,,60.0,0,0,0,0.0,0.0,,0,0,0,9,0,0,0,42,0,33,0,0,9,0
Amon-Ra St. Brown,84470,WR,DET,1,15.3,0,11,56.7,,53.5,0,0,0,0.0,0.0,,0,0,0,9,0,0,0,59,0,50,0,0,9,1
Mohamed Sanu,7084,WR,SF,1,45.0,0,28,61.3,,48.2,0,0,0,0.0,0.0,,0,0,0,9,0,0,0,20,0,11,0,0,9,0
Ty Montgomery,9527,WR,NO,1,56.3,0,20,55.8,,61.2,0,0,0,0.0,0.0,,0,0,0,9,0,0,0,16,0,7,0,0,9,0
Blake Bell,9550,TE,KC,1,47.4,0,16,56.7,,56.2,0,0,0,0.0,0.0,,0,0,0,9,0,0,0,19,0,9,0,0,9,17
James Conner,11860,HB,ARZ,1,26.5,0,1,63.6,79.3,68.5,0,0,2,18.2,25.0,100.0,0,0,0,9,0,0,0,34,3,12,0,0,6,0
Tommy Tremble,84025,TE,CAR,1,66.7,0,5,65.0,66.2,69.7,0,0,1,20.0,20.0,100.0,0,0,0,8,0,0,0,12,1,5,0,0,7,12
CeeDee Lamb,61570,WR,DAL,1,13.1,0,9,76.4,64.9,31.1,0,0,1,2.1,1.9,100.0,0,0,0,8,0,0,0,61,1,54,0,0,7,0
Michael Gallup,26075,WR,DAL,1,16.0,0,9,71.9,,61.5,0,0,0,0.0,0.0,,0,0,0,8,0,0,0,50,0,42,0,0,8,0
Marquez Valdes-Scantling,47809,WR,GB,1,22.2,0,12,63.3,,54.9,0,0,0,0.0,0.0,,0,0,0,8,0,0,0,36,0,28,0,0,8,0
Blake Jarwin,12320,TE,DAL,1,16.7,0,9,46.5,70.2,47.1,0,0,1,2.8,2.4,100.0,0,0,0,8,0,0,0,48,1,41,0,0,7,24
Jack Stoll,42058,TE,PHI,1,66.7,0,24,52.5,,57.2,0,0,0,0.0,0.0,,0,0,0,8,0,0,0,12,0,4,0,0,8,9
J.J. Arcega-Whiteside,35014,WR,PHI,1,50.0,0,24,74.8,,93.5,0,0,0,0.0,0.0,,0,0,0,8,0,0,0,16,0,8,0,0,8,0
Darius Slayton,25578,WR,NYG,1,18.6,0,21,54.2,,51.1,0,0,0,0.0,0.0,,0,0,0,8,0,0,0,43,0,35,0,0,8,0
James White,8765,HB,NE,1,28.6,0,19,72.8,70.8,,0,0,6,27.3,33.3,100.0,0,0,0,8,0,0,0,28,8,24,0,0,0,0
Larry Rountree III,57308,HB,LAC,1,36.4,0,27,57.2,84.9,60.0,0,0,6,50.0,53.8,100.0,0,0,0,8,0,0,0,22,7,13,0,0,1,0
Marquise Goodwin,7859,WR,CHI,1,30.8,0,6,73.0,,61.3,0,0,0,0.0,0.0,,0,0,0,8,0,0,0,26,0,17,0,0,8,0
Gunner Olszewski,95015,WR,NE,1,72.7,0,19,56.4,,61.7,0,0,0,0.0,0.0,,0,0,0,8,0,0,0,11,0,3,0,0,8,0
Marcedes Lewis,2973,TE,GB,1,53.3,0,12,75.0,65.9,66.2,0,0,1,12.5,12.5,100.0,0,0,0,8,0,0,0,15,1,8,0,0,7,13
Derrick Henry,10679,HB,TEN,1,20.0,0,31,60.9,52.4,,0,0,8,34.8,34.8,100.0,0,0,0,8,0,0,0,40,8,23,0,0,0,0
Dominique Dafney,62825,TE,GB,1,42.1,0,12,50.5,65.8,57.1,0,0,1,9.1,8.3,100.0,1,0,0,8,0,0,0,19,1,12,0,0,7,8
Joe Mixon,11803,HB,CIN,1,13.0,0,7,80.6,33.0,60.0,0,0,5,22.7,21.7,100.0,0,0,0,7,0,0,0,54,5,23,0,0,2,0
Jerry Jeudy,61103,WR,DEN,1,22.6,0,10,83.0,,60.0,0,0,0,0.0,0.0,,0,0,0,7,0,0,0,31,0,24,0,0,7,0
Chase Claypool,42312,WR,PIT,1,17.9,0,25,72.8,,88.0,0,0,0,0.0,0.0,,1,0,0,7,0,0,0,39,0,31,0,0,7,1
Ryan Fitzpatrick,2467,QB,WAS,1,43.8,0,32,38.9,,60.0,0,0,0,0.0,0.0,,0,0,0,7,0,0,0,16,0,9,0,0,7,0
Charlie Woerner,42257,TE,SF,1,77.8,0,28,56.2,71.6,57.5,0,0,1,33.3,33.3,100.0,0,0,0,7,0,0,0,9,1,3,0,0,6,9
Ricky Seals-Jones,12020,TE,WAS,1,70.0,0,32,48.3,69.8,42.1,0,0,1,25.0,25.0,100.0,0,0,0,7,0,0,0,10,1,4,0,0,6,4
Chris Carson,12004,HB,SEA,1,16.7,0,29,65.9,74.6,59.5,0,0,2,10.0,9.5,100.0,1,0,0,7,0,0,0,42,2,21,0,0,5,0
Laviska Shenault Jr.,61220,WR,JAX,1,13.5,0,15,66.1,,60.0,0,0,0,0.0,0.0,,0,0,0,7,0,0,0,52,0,44,0,0,7,0
Mack Hollins,11873,WR,MIA,1,100.0,0,17,60.0,,59.7,0,0,0,,,,0,0,0,7,0,0,0,7,0,0,0,0,7,0
Jeremy McNichols,11917,HB,TEN,1,30.4,0,31,63.4,53.8,,0,0,6,30.0,33.3,100.0,0,0,0,7,0,0,0,23,7,21,0,0,0,1
Alvin Kamara,11822,HB,NO,1,15.6,0,20,69.5,72.5,59.4,0,0,2,10.5,10.0,100.0,0,0,0,7,0,0,0,45,2,20,0,0,5,0
Hunter Renfrow,47509,WR,LV,1,14.9,0,23,66.5,,33.1,0,0,0,0.0,0.0,,0,0,0,7,0,0,0,47,0,40,0,0,7,0
Trent Brown,9677,T,NE,1,100.0,0,19,57.5,73.3,53.9,0,0,2,100.0,100.0,100.0,0,0,0,7,0,0,0,7,2,2,0,7,5,0
Cedrick Wilson,48170,WR,DAL,1,20.6,0,9,59.2,,59.3,0,0,0,0.0,0.0,,0,0,0,7,0,0,0,34,0,27,0,0,7,1
Andy Janovich,10810,FB,CLV,1,58.3,0,8,45.9,76.4,67.8,0,0,1,16.7,16.7,100.0,0,0,0,7,0,0,0,12,1,6,0,0,6,0
Ty'Son Williams,38287,HB,BLT,1,20.0,0,3,70.2,79.9,59.1,0,0,4,18.2,17.4,100.0,0,0,0,7,0,0,0,35,4,23,0,0,3,0
Malik Taylor,94375,WR,GB,1,46.7,0,12,67.6,,59.0,0,0,0,0.0,0.0,,0,0,0,7,0,0,0,15,0,8,0,0,7,0
Trent Scott,24481,T,CAR,1,100.0,0,5,51.7,22.9,58.9,0,0,5,100.0,100.0,100.0,0,0,0,7,0,3,0,7,5,5,4,0,2,0
Jordan Love,40306,QB,GB,1,46.7,0,12,76.8,,60.0,0,0,0,0.0,0.0,,0,0,0,7,0,0,0,15,0,8,0,0,7,0
Mecole Hardman,42683,WR,KC,1,15.6,0,16,56.8,,61.1,0,0,0,0.0,0.0,,0,0,0,7,0,0,0,45,0,38,0,0,7,0
Khari Blasingame,44889,FB,TEN,1,60.0,0,31,54.9,,56.4,0,0,0,0.0,0.0,,0,0,0,6,0,0,0,10,0,4,0,0,6,2
Austin Ekeler,12164,HB,LAC,1,12.8,0,27,58.6,32.6,60.0,1,0,5,16.7,16.1,90.0,0,1,0,6,0,0,0,47,5,31,0,0,1,0
James Washington,47792,WR,PIT,1,40.0,0,25,68.4,,61.5,0,0,0,0.0,0.0,,0,0,0,6,0,0,0,15,0,9,0,0,6,0
Amari Rodgers,61212,WR,GB,1,40.0,0,12,64.2,,55.2,0,0,0,0.0,0.0,,0,0,0,6,0,0,0,15,0,9,0,0,6,2
David Johnson,9519,HB,HST,1,27.3,0,13,62.6,20.8,60.0,0,2,4,23.5,27.8,75.0,0,2,0,6,0,0,0,22,5,18,0,0,1,0
Michael Strachan,143358,WR,IND,1,33.3,0,14,75.2,,60.1,0,0,0,0.0,0.0,,0,0,0,6,0,0,0,18,0,12,0,0,6,0
Josh Palmer,62979,WR,LAC,1,42.9,0,27,66.7,,60.9,0,0,0,0.0,0.0,,0,0,0,6,0,0,0,14,0,8,0,0,6,0
Gabriel Davis,55410,WR,BUF,1,14.0,0,4,59.8,67.4,59.0,0,0,1,2.9,2.6,100.0,0,0,0,6,0,0,0,43,1,38,0,0,5,1
Kendrick Bourne,12270,WR,NE,1,18.2,0,19,71.6,,54.7,0,0,0,0.0,0.0,,0,0,0,6,0,0,0,33,0,27,0,0,6,1
D'Wayne Eskridge,29573,WR,SEA,1,50.0,0,29,65.0,,53.5,0,0,0,0.0,0.0,,0,0,0,6,0,0,0,12,0,4,0,0,6,0
Rondale Moore,62890,WR,ARZ,1,30.0,0,1,80.9,,38.0,0,0,0,0.0,0.0,,1,0,0,6,0,0,0,20,0,14,0,0,6,0
Jakob Johnson,32565,FB,NE,1,75.0,0,19,57.9,79.3,54.1,0,0,2,50.0,60.0,100.0,0,0,0,6,0,0,0,8,3,5,0,0,3,0
Devontae Booker,10770,HB,NYG,1,25.0,0,21,55.6,61.1,60.0,0,0,4,22.2,26.3,100.0,0,0,0,6,0,0,0,24,5,19,0,0,1,0
D'Andre Swift,57212,HB,DET,1,9.5,0,11,61.0,81.6,60.0,0,0,4,8.9,9.8,100.0,0,0,0,6,0,0,0,63,5,51,0,0,1,0
Elijah Mitchell,57272,HB,SF,1,17.1,0,28,63.4,23.4,60.0,0,0,4,28.6,28.6,75.0,0,1,1,6,0,0,0,35,4,14,0,0,2,0
Aaron Jones,11937,HB,GB,1,21.4,0,12,53.2,81.0,,0,0,5,26.3,26.1,100.0,0,0,0,6,0,0,0,28,6,23,0,0,0,1
Cordarrelle Patterson,7810,HB,ATL,1,25.0,0,2,74.8,77.1,59.3,0,0,2,20.0,15.4,100.0,0,0,0,6,0,0,0,24,2,13,0,0,4,3
Dalvin Cook,11796,HB,MIN,1,10.2,0,18,59.0,61.2,,0,0,6,19.4,15.4,100.0,0,0,0,6,0,0,0,59,6,39,0,0,0,0
Jason Cabinda,50714,FB,DET,1,50.0,0,11,41.3,65.8,65.0,0,0,1,20.0,16.7,100.0,0,0,0,5,0,0,0,10,1,6,0,0,4,4
JaMycal Hasty,25582,HB,SF,1,31.3,0,28,54.9,0.0,69.4,1,2,3,25.0,23.1,50.0,0,3,0,5,0,0,0,16,3,13,0,0,2,0
Nick Chubb,45783,HB,CLV,1,16.1,0,8,75.8,81.9,60.0,0,0,4,30.8,30.8,100.0,0,0,0,5,0,0,0,31,4,13,0,0,1,0
O.J. Howard,11774,TE,TB,1,83.3,0,30,50.0,69.6,52.7,0,0,1,50.0,50.0,100.0,0,0,0,5,0,0,0,6,1,2,0,0,4,6
Trinity Benson,94356,WR,DET,1,10.2,0,11,54.9,,59.7,0,0,0,0.0,0.0,,0,0,0,5,0,0,0,49,0,44,0,0,5,0
Jonathan Taylor,57488,HB,IND,1,11.9,0,14,60.3,33.2,,0,0,3,14.3,20.8,100.0,0,0,0,5,0,0,0,42,5,24,0,0,0,0
Kylen Granson,40630,TE,IND,1,71.4,0,14,58.9,69.3,60.4,0,0,2,66.7,50.0,100.0,0,0,0,5,0,0,0,7,2,4,0,0,3,5
Auden Tate,48192,WR,CIN,1,62.5,0,7,57.8,,59.9,0,0,0,0.0,0.0,,0,0,0,5,0,0,0,8,0,3,0,0,5,0
Damien Harris,35134,HB,NE,1,12.5,0,19,69.6,27.8,60.0,1,0,4,28.6,26.7,87.5,0,1,0,5,0,0,0,40,4,15,0,0,1,0
David Montgomery,45719,HB,CHI,1,12.2,0,6,64.5,80.3,60.0,0,0,4,16.7,16.7,100.0,0,0,0,5,0,0,0,41,4,24,0,0,1,0
Erik McCoy,37347,C,NO,1,100.0,0,20,58.2,72.8,56.8,0,0,3,100.0,100.0,100.0,0,0,0,5,5,0,0,5,3,3,0,0,2,0
Braxton Berrios,47961,WR,NYJ,1,13.5,0,22,61.3,,29.9,0,0,0,0.0,0.0,,0,0,0,5,0,0,0,37,0,32,0,0,5,0
Tajae Sharpe,10774,WR,ATL,1,50.0,0,2,54.5,,59.8,0,0,0,0.0,0.0,,0,0,0,5,0,0,0,10,0,5,0,0,5,0
Kareem Hunt,11841,HB,CLV,1,17.9,0,8,72.2,79.6,60.0,0,0,4,21.1,20.0,100.0,0,0,0,5,0,0,0,28,4,20,0,0,1,0
J.P. Holtz,11062,TE,CHI,1,100.0,0,6,71.1,,68.8,0,0,0,,,,0,0,0,5,0,0,0,5,0,0,0,0,5,4
Patrick Mekari,46219,T,BLT,1,83.3,0,3,56.8,67.1,58.1,0,0,1,50.0,50.0,100.0,0,0,0,5,0,0,1,6,1,2,0,0,4,5
Antonio Brown,5718,WR,TB,1,11.9,0,30,84.1,,60.8,0,0,0,0.0,0.0,,0,0,0,5,0,0,0,42,0,36,0,0,5,0
Chester Rogers,10918,WR,TEN,1,12.8,0,31,57.0,,53.1,0,0,0,0.0,0.0,,0,0,0,5,0,0,0,39,0,34,0,0,5,0
Jimmy Graham,5619,TE,CHI,1,35.7,0,6,59.5,,38.0,0,0,0,0.0,0.0,,0,0,0,5,0,0,0,14,0,9,0,0,5,4
Latavius Murray,7962,HB,BLT,1,19.0,0,3,57.7,,59.4,0,0,0,0.0,0.0,,0,0,0,4,0,0,0,21,0,7,0,0,4,1
Samaje Perine,11869,HB,CIN,1,26.7,0,7,57.4,30.3,,0,0,3,33.3,40.0,66.7,0,1,1,4,0,0,0,15,4,10,0,0,0,0
Isaiah McKenzie,11927,WR,BUF,1,26.7,0,4,51.7,,59.9,0,0,0,0.0,0.0,,0,0,0,4,0,0,0,15,0,10,0,0,4,0
Marcus Kemp,12137,WR,KC,1,80.0,0,16,58.6,,59.8,0,0,0,0.0,0.0,,0,0,0,4,0,0,0,5,0,1,0,0,4,0
Robert Tonyan,12193,TE,GB,1,14.3,0,12,44.2,,58.9,0,0,0,0.0,0.0,,0,0,0,4,0,0,0,28,0,24,0,0,4,8
Greg Ward,12258,WR,PHI,1,25.0,0,24,51.9,,60.7,0,0,0,0.0,0.0,,0,0,0,4,0,0,0,16,0,12,0,0,4,0
Phillip Lindsay,12660,HB,HST,1,20.0,0,13,58.3,79.2,60.0,0,0,3,27.3,27.3,100.0,0,0,0,4,0,0,0,20,3,11,0,0,1,0
Darrel Williams,13014,HB,KC,1,28.6,0,16,46.5,17.5,60.0,1,0,2,22.2,18.2,75.0,0,1,0,4,0,0,0,14,2,11,0,0,2,0
James Robinson,22425,HB,JAX,1,8.7,0,15,51.7,73.2,60.0,0,0,2,5.7,5.3,100.0,0,0,0,4,0,0,0,46,2,38,0,0,2,0
Tyler Mabry,25705,TE,SEA,1,66.7,0,29,57.7,,60.5,0,0,0,0.0,0.0,,0,0,0,4,0,0,0,6,0,2,0,0,4,4
Tony Pollard,27126,HB,DAL,1,20.0,1,9,74.4,26.6,60.0,0,0,3,18.8,18.8,100.0,1,0,0,4,0,0,0,20,3,16,0,0,1,0
Justin Jackson,29539,HB,LAC,1,36.4,0,27,62.3,5.4,60.0,0,0,1,16.7,14.3,100.0,0,0,0,4,0,0,0,11,1,7,0,0,3,0
Quintez Cephus,29614,WR,DET,1,12.5,0,11,67.5,,54.4,0,0,0,0.0,0.0,,1,0,0,4,0,0,0,32,0,28,0,0,4,1
Gabe Nabers,40117,FB,LAC,1,44.4,0,27,66.6,,60.0,0,0,0,0.0,0.0,,0,0,0,4,0,0,0,9,0,4,0,0,4,1
Tony Jones Jr.,40498,HB,NO,1,18.2,0,20,81.8,73.8,60.0,0,0,2,28.6,25.0,100.0,0,0,0,4,0,0,0,22,2,8,0,0,2,0
Spencer Brown,42296,T,BUF,1,100.0,0,4,60.9,70.7,59.6,0,0,1,100.0,100.0,100.0,0,0,0,4,0,0,1,4,2,2,0,0,2,3
Chase Edmonds,45851,HB,ARZ,1,10.0,0,1,63.8,73.0,60.0,0,0,1,3.8,3.8,100.0,0,0,0,4,0,0,0,40,1,26,0,0,3,0
Cameron Brate,9207,TE,TB,1,22.2,0,30,47.7,,56.3,0,0,0,0.0,0.0,,0,0,0,4,0,0,0,18,0,14,0,0,4,13
Damien Williams,9205,HB,CHI,1,13.3,0,6,72.7,76.2,60.0,0,0,2,9.1,9.1,100.0,0,0,0,4,0,0,0,30,2,22,0,0,2,0
Albert Wilson,8943,WR,MIA,1,18.2,0,17,51.1,,60.3,0,0,0,0.0,0.0,,0,0,0,4,0,0,0,22,0,18,0,0,4,0
Chris Herndon,47164,TE,MIN,1,33.3,0,18,37.1,69.7,60.3,0,0,1,12.5,11.1,100.0,0,0,0,4,0,0,0,12,1,9,0,0,3,7
Christian Blake,47900,WR,ATL,1,80.0,0,2,58.2,,60.2,0,0,0,0.0,0.0,,0,0,0,4,0,0,0,5,0,1,0,0,4,0
Jauan Jennings,48027,WR,SF,1,66.7,0,28,54.8,,53.0,0,0,0,0.0,0.0,,0,0,0,4,0,0,0,6,0,2,0,0,4,0
A.J. Dillon,57165,HB,GB,1,25.0,0,12,59.0,79.9,60.0,0,0,3,30.0,30.0,100.0,0,0,0,4,0,0,0,16,3,10,0,0,1,0
Mark Ingram II,6180,HB,HST,1,11.1,0,13,55.2,73.2,60.0,0,0,2,33.3,25.0,100.0,0,0,0,4,0,0,0,36,2,8,0,0,2,0
K.J. Hamler,61590,WR,DEN,1,16.7,0,10,74.1,,60.2,0,0,0,0.0,0.0,,0,0,0,4,0,0,0,24,0,20,0,0,4,0
Javonte Williams,77803,HB,DEN,1,12.1,0,10,65.5,79.4,,0,0,4,21.1,21.1,100.0,0,0,0,4,0,0,0,33,4,19,0,0,0,0
DeSean Jackson,4363,WR,LA,1,28.6,0,26,64.9,,58.0,0,0,0,0.0,0.0,,0,0,0,4,0,0,0,14,0,10,0,0,4,0
Trey Pipkins,91462,T,LAC,1,66.7,0,27,68.5,,70.2,0,0,0,0.0,0.0,,0,0,0,4,0,0,0,6,0,2,0,0,4,6
Anthony Firkser,51837,TE,TEN,1,9.7,0,31,54.8,68.2,60.1,0,0,1,3.6,3.4,100.0,0,0,0,3,0,0,0,31,1,29,0,0,2,5
Netane Muti,41339,G,DEN,1,100.0,0,10,57.7,,57.9,0,0,0,,,,0,0,0,3,0,0,0,3,0,0,3,0,3,0
Joe Fortson,94384,TE,KC,1,42.9,0,16,57.2,,60.0,0,0,0,0.0,0.0,,0,0,0,3,0,0,0,7,0,4,0,0,3,5
Jake Kumerow,9883,WR,BUF,1,100.0,0,4,59.7,,59.0,0,0,0,,,,0,0,0,3,0,0,0,3,0,0,0,0,3,0
Mike Gesicki,47153,TE,MIA,1,14.3,0,17,60.2,,59.9,0,0,0,0.0,0.0,,0,0,0,3,0,0,0,21,0,18,0,0,3,1
Racey McMath,61401,WR,TEN,1,33.3,0,31,55.2,,60.0,0,0,0,0.0,0.0,,0,0,0,3,0,0,0,9,0,6,0,0,3,0
Derek Carrier,7406,TE,LV,1,27.3,0,23,52.5,,59.6,0,0,0,0.0,0.0,,0,0,0,3,0,0,0,11,0,8,0,0,3,7
Michael Burton,9601,FB,KC,1,60.0,0,16,72.9,,60.0,0,0,0,0.0,0.0,,0,0,0,3,0,0,0,5,0,1,0,0,3,0
C.J. Board,12088,WR,NYG,1,50.0,0,21,77.0,,60.0,0,0,0,0.0,0.0,,0,0,0,3,0,0,0,6,0,3,0,0,3,0
Melvin Gordon III,9448,HB,DEN,1,9.1,0,10,78.3,48.8,,0,0,3,13.6,13.6,100.0,0,0,0,3,0,0,0,33,3,22,0,0,0,0
Jesse James,9593,TE,CHI,1,33.3,0,6,51.0,,59.4,0,0,0,0.0,0.0,,0,0,0,3,0,0,0,9,0,6,0,0,3,7
Tevin Coleman,9506,HB,NYJ,1,17.6,0,22,53.8,77.5,60.0,0,0,1,16.7,28.6,100.0,0,0,0,3,0,0,0,17,2,7,0,0,1,0
Myles Gaskin,45914,HB,MIA,1,10.3,0,17,80.1,24.0,60.0,0,1,2,11.1,10.5,75.0,0,1,0,3,0,0,0,29,2,19,0,0,1,0
Noah Gray,60878,TE,KC,1,42.9,0,16,46.4,,51.2,0,0,0,0.0,0.0,,0,0,0,3,0,0,0,7,0,4,0,0,3,6
Jakeem Grant,10820,WR,MIA,1,42.9,0,17,55.5,,60.0,0,0,0,0.0,0.0,,0,0,0,3,0,0,0,7,0,4,0,0,3,0
J.C. Hassenauer,45600,C,PIT,1,100.0,0,25,60.0,72.0,,0,0,3,100.0,100.0,100.0,0,0,0,3,3,0,0,3,3,3,0,0,0,0
Derek Watt,10832,FB,PIT,1,75.0,0,25,60.0,,60.0,0,0,0,0.0,0.0,,0,0,0,3,0,0,0,4,0,1,0,0,3,0
Parker Hesse,48369,TE,ATL,1,75.0,0,2,58.8,,60.4,0,0,0,,0.0,,0,0,0,3,0,0,0,4,0,1,0,0,3,4
Josiah Deguara,47034,TE,GB,1,60.0,0,12,66.9,,74.3,0,0,0,0.0,0.0,,0,0,0,3,0,0,0,5,0,2,0,0,3,0
Leonard Fournette,11759,HB,TB,1,7.1,0,30,64.0,75.1,60.0,0,0,2,6.5,6.5,100.0,0,0,0,3,0,0,0,42,2,31,0,0,1,0
Jeremy Sprinkle,11909,TE,DAL,1,100.0,0,9,60.1,,60.2,0,0,0,,,,0,0,0,3,0,0,0,3,0,0,0,0,3,3
Kenneth Gainwell,77737,HB,PHI,1,12.0,0,24,68.8,58.5,,0,1,3,21.4,18.8,83.3,0,1,0,3,0,0,0,25,3,16,0,0,0,0
Wes Schweitzer,10829,G,WAS,1,100.0,0,32,60.2,70.2,59.1,0,0,1,100.0,100.0,100.0,0,0,0,3,0,0,1,3,1,1,0,0,2,2
Clyde Edwards-Helaire,57279,HB,KC,1,6.4,0,16,53.8,9.2,60.0,0,2,2,6.7,6.3,50.0,0,2,0,3,0,0,0,47,2,32,0,0,1,0
Ashton Dulin,91479,WR,IND,1,50.0,0,14,55.6,,60.5,0,0,0,0.0,0.0,,0,0,0,3,0,0,0,6,0,3,0,0,3,0
Michael Carter,57337,HB,NYJ,1,12.5,0,22,45.8,,60.0,0,0,0,0.0,0.0,,0,0,0,2,0,0,0,16,0,10,0,0,2,0
Ray-Ray McCloud III,47895,WR,PIT,1,66.7,0,25,54.7,,53.1,0,0,0,0.0,0.0,,0,0,0,2,0,0,0,3,0,1,0,0,2,0
Scotty Miller,47481,WR,TB,1,25.0,0,30,54.0,,60.0,0,0,0,0.0,0.0,,0,0,0,2,0,0,0,8,0,6,0,0,2,0
Zay Jones,11792,WR,LV,1,10.0,0,23,77.1,,60.0,0,0,0,0.0,0.0,,0,0,0,2,0,0,0,20,0,18,0,0,2,0
Minkah Fitzpatrick,51206,S,PIT,1,100.0,0,25,60.0,,60.0,0,0,0,,,,0,0,0,2,0,0,0,2,0,0,0,0,2,0
Tommy Sweeney,47216,TE,BUF,1,100.0,0,4,60.0,67.4,60.0,0,0,1,100.0,100.0,100.0,0,0,0,2,0,0,0,2,1,1,0,0,1,2
Rhamondre Stevenson,98689,HB,NE,1,40.0,0,19,29.0,9.0,,0,0,1,33.3,50.0,100.0,0,0,0,2,0,0,0,5,2,4,0,0,0,0
Giovani Bernard,7818,HB,TB,1,11.8,0,30,63.1,78.0,,0,0,2,11.8,11.8,100.0,0,0,0,2,0,0,0,17,2,17,0,0,0,0
Josh Oliver,47083,TE,BLT,1,40.0,0,3,42.4,,40.8,0,0,0,0.0,0.0,,0,0,0,2,0,0,0,5,0,3,0,0,2,3
Carlos Hyde,8692,HB,JAX,1,8.0,0,15,75.8,78.4,,0,0,2,12.5,12.5,100.0,0,0,0,2,0,0,0,25,2,16,0,0,0,0
Kylin Hill,57306,HB,GB,1,14.3,0,12,56.5,77.2,,0,0,2,22.2,22.2,100.0,0,0,0,2,0,0,0,14,2,9,0,0,0,0
Jerick McKinnon,8731,HB,KC,1,50.0,0,16,57.5,,60.0,0,0,0,0.0,0.0,,0,0,0,2,0,0,0,4,0,2,0,0,2,0
Colby Gossett,46673,G,ATL,1,100.0,0,2,65.9,,66.2,0,0,0,,,,0,0,0,2,0,0,0,2,0,0,2,0,2,0
Justin McCray,9234,G,HST,1,100.0,0,13,60.0,,60.0,0,0,0,,,,0,0,0,2,1,0,0,2,0,0,0,0,2,1
Blake Brandel,46282,T,MIN,1,100.0,0,18,60.0,,55.2,0,0,0,,,,0,0,0,2,0,0,0,2,0,0,0,0,2,2
Alexander Mattison,45817,HB,MIN,1,22.2,0,18,55.0,75.8,,0,0,2,25.0,25.0,100.0,0,0,0,2,0,0,0,9,2,8,0,0,0,0
Saquon Barkley,45791,HB,NYG,1,6.9,0,21,53.1,74.4,,0,0,2,11.1,10.5,100.0,0,0,0,2,0,0,0,29,2,19,0,0,0,0
Mike Davis,9559,HB,ATL,1,3.8,0,2,64.4,72.7,,0,0,2,6.1,5.6,100.0,0,0,0,2,0,0,0,53,2,36,0,0,0,1
Byron Pringle,42345,WR,KC,1,18.2,0,16,55.9,,60.0,0,0,0,0.0,0.0,,0,0,0,2,0,0,0,11,0,9,0,0,2,0
John Bates,42275,TE,WAS,1,100.0,0,32,59.1,9.3,60.0,1,0,1,100.0,100.0,50.0,0,1,0,2,0,0,0,2,1,1,0,0,1,2
Ihmir Smith-Marsette,61324,WR,MIN,1,50.0,0,18,57.8,,60.0,0,0,0,0.0,0.0,,0,0,0,2,0,0,0,4,0,2,0,0,2,0
Elijhaa Penny,11300,HB,NYG,1,66.7,0,21,66.7,,60.0,0,0,0,0.0,0.0,,0,0,0,2,0,0,0,3,0,1,0,0,2,0
Reggie Gilliam,40951,FB,BUF,1,100.0,0,4,60.0,,60.0,0,0,0,,,,0,0,0,2,0,0,0,2,0,0,0,0,2,0
Logan Stenberg,37181,G,DET,1,100.0,0,11,59.3,,58.9,0,0,0,,,,0,0,0,2,0,0,0,2,0,0,0,0,2,2
Josh Rosen,35460,QB,ATL,1,100.0,0,2,60.0,,60.0,0,0,0,,,,0,0,0,2,0,0,0,2,0,0,0,0,2,0
Tyron Johnson,34427,WR,JAX,1,25.0,0,15,55.8,,60.0,0,0,0,0.0,0.0,,0,0,0,2,0,0,0,8,0,6,0,0,2,0
Jason Spriggs,10682,T,ATL,1,100.0,0,2,60.0,,63.6,0,0,0,,,,0,0,0,2,0,0,2,2,0,0,0,0,2,0
Juwan Johnson,28305,TE,NO,1,16.7,0,20,86.4,,53.4,0,0,0,0.0,0.0,,0,0,0,2,0,0,0,12,0,10,0,0,2,3
Dede Westbrook,11865,WR,MIN,1,13.3,0,18,56.2,,59.9,0,0,0,0.0,0.0,,0,0,0,2,0,0,0,15,0,13,0,0,2,0
Tutu Atwell,77965,WR,LA,1,100.0,0,26,60.0,,60.0,0,0,0,,,,0,0,0,2,0,0,0,2,0,0,0,0,2,0
Justin Fields,82118,QB,CHI,1,40.0,0,6,68.0,,60.0,0,0,0,0.0,0.0,,0,0,0,2,0,0,0,5,0,2,0,0,2,0
Rashard Higgins,10806,WR,CLV,1,50.0,0,8,57.7,,60.0,0,0,0,0.0,0.0,,0,0,0,2,0,0,0,4,0,2,0,0,2,0
Matt Breida,12271,HB,BUF,1,20.0,0,4,55.4,,60.0,0,0,0,0.0,0.0,,0,0,0,2,0,0,0,10,0,4,0,0,2,0
Nyheim Hines,48103,HB,IND,1,5.9,0,14,69.6,70.4,60.0,0,0,1,4.3,4.2,100.0,0,0,0,2,0,0,0,34,1,24,0,0,1,0
James Proche,48037,WR,BLT,1,28.6,0,3,56.5,,59.6,0,0,0,0.0,0.0,,0,0,0,2,0,0,0,7,0,5,0,0,2,0
Jeremiah Owusu-Koramoah,58089,LB,CLV,1,100.0,0,8,60.0,,60.0,0,0,0,,,,0,0,0,1,0,0,0,1,0,0,0,0,1,0
Dorance Armstrong,48557,ED,DAL,1,100.0,0,9,60.0,,60.0,0,0,0,,,,0,0,0,1,0,1,0,1,0,0,0,0,1,0
Corey Clement,12253,HB,DAL,1,100.0,0,9,60.0,,60.0,0,0,0,,,,0,0,0,1,0,0,0,1,0,0,0,0,1,0
Olasunkanmi Adeniyi,50154,ED,TEN,1,100.0,0,31,60.0,61.4,,0,0,1,100.0,100.0,100.0,0,0,0,1,0,0,0,1,1,1,0,0,0,0
Demetric Felton,40568,WR,CLV,1,100.0,0,8,60.0,,60.0,0,0,0,,,,0,0,0,1,0,0,0,1,0,0,0,0,1,0
Nick Dzubnar,10127,LB,TEN,1,100.0,0,31,60.0,61.4,,0,0,1,100.0,100.0,100.0,0,0,0,1,0,0,0,1,1,1,0,0,0,0
Elijah Lee,11987,LB,CLV,1,100.0,0,8,60.0,,60.0,0,0,0,,,,0,0,0,1,0,0,0,1,0,0,0,0,1,0
Keanu Neal,10651,LB,DAL,1,100.0,0,9,60.0,,60.0,0,0,0,,,,0,0,0,1,0,0,1,1,0,0,0,0,1,0
Alex Erickson,11107,WR,CAR,1,50.0,0,5,57.3,,60.0,0,0,0,0.0,0.0,,0,0,0,1,0,0,0,2,0,1,0,0,1,0
Donovan Wilson,49408,S,DAL,1,100.0,0,9,60.0,,59.0,0,0,0,,,,0,0,0,1,0,0,0,1,0,0,0,0,1,1
Jabril Cox,30669,LB,DAL,1,100.0,0,9,60.0,,60.0,0,0,0,,,,0,0,0,1,0,0,0,1,0,0,0,1,1,0
Jamal Agnew,11920,WR,JAX,1,10.0,0,15,52.1,,60.0,0,0,0,0.0,0.0,,0,0,0,1,0,0,0,10,0,9,0,0,1,0
Darian Thompson,10705,S,DAL,1,100.0,0,9,60.0,,60.0,0,0,0,,,,0,0,0,1,0,0,0,1,0,0,0,0,1,0
M.J. Stewart,49397,S,CLV,1,100.0,0,8,60.0,,60.0,0,0,0,,,,0,0,0,1,0,0,0,1,0,0,0,0,1,0
Isaiah Prince,47019,T,CIN,1,100.0,0,7,60.0,,60.0,0,0,0,,,,0,0,0,1,0,0,0,1,0,0,0,0,1,1
Anthony Walker,11916,LB,CLV,1,100.0,0,8,60.0,,60.0,0,0,0,,,,0,0,0,1,0,0,0,1,0,0,0,0,1,0
Cam Sims,47908,WR,WAS,1,50.0,0,32,88.8,,60.0,0,0,0,0.0,0.0,,0,0,0,1,0,0,0,2,0,1,0,0,1,0
K.J. Hill,28025,WR,LAC,1,14.3,0,27,71.5,,60.0,0,0,0,0.0,0.0,,0,0,0,1,0,0,0,7,0,6,0,0,1,0
Micah Parsons,81360,LB,DAL,1,100.0,0,9,60.0,,60.0,0,0,0,,,,0,0,0,1,1,0,0,1,0,0,0,0,1,0
Danny Amendola,4717,WR,HST,1,5.9,0,13,71.0,,60.0,0,0,0,0.0,0.0,,0,0,0,1,0,0,0,17,0,16,0,0,1,0
Gary Brightwell,57133,HB,NYG,1,12.5,0,21,59.5,,60.0,0,0,0,0.0,0.0,,0,0,0,1,0,0,0,8,0,7,0,0,1,0
Sony Michel,27589,HB,LA,1,33.3,0,26,45.9,0.0,,0,1,1,50.0,50.0,50.0,0,1,0,1,0,0,0,3,1,2,0,0,0,0
Rashaad Penny,27414,HB,SEA,1,14.3,0,29,52.7,74.1,,0,0,1,20.0,20.0,100.0,0,0,0,1,0,0,0,7,1,5,0,0,0,0
Jeff Smith,48055,WR,NYJ,1,11.1,0,22,46.7,,30.8,0,0,0,0.0,0.0,,0,0,0,1,0,0,0,9,0,8,0,0,1,0
Tyler Johnson,48054,WR,TB,1,33.3,0,30,57.1,,60.0,0,0,0,0.0,0.0,,0,0,0,1,0,0,0,3,0,2,0,0,1,0
DeeJay Dallas,55632,HB,SEA,1,33.3,0,29,66.8,,60.0,0,0,0,0.0,0.0,,0,0,0,1,0,0,0,3,0,1,0,0,1,0
Leighton Vander Esch,50950,LB,DAL,1,100.0,0,9,60.0,,60.0,0,0,0,,,,0,0,0,1,0,0,0,1,0,0,1,0,1,0
Jamaal Williams,11889,HB,DET,1,3.1,0,11,70.0,64.2,,0,0,1,4.8,4.3,100.0,0,0,0,1,0,0,0,32,1,23,0,0,0,0
J.J. Watt,6163,DI,ARZ,1,100.0,0,1,60.0,,60.0,0,0,0,,,,0,0,0,1,0,0,0,1,0,0,0,0,1,0
D'Ernest Johnson,45734,HB,CLV,1,100.0,0,8,60.0,,60.0,0,0,0,,,,0,0,0,1,0,0,0,1,0,0,0,0,1,0
Randall Cobb,6216,WR,GB,1,6.7,0,12,68.4,,60.0,0,0,0,0.0,0.0,,0,0,0,1,0,0,0,15,0,13,0,0,1,0
Travis Homer,45859,HB,SEA,1,50.0,0,29,59.9,25.8,,0,1,1,50.0,50.0,50.0,0,1,0,1,0,0,0,2,1,2,0,0,0,0
Penny Hart,13534,WR,SEA,1,50.0,0,29,58.0,,60.0,0,0,0,,0.0,,0,0,0,1,0,0,0,2,0,1,0,0,1,0
Leki Fotu,44614,DI,ARZ,1,100.0,0,1,60.0,,60.0,0,0,0,,,,0,0,0,1,0,0,0,1,0,0,0,0,1,0
Luke Farrell,42353,TE,JAX,1,25.0,0,15,56.2,,60.0,0,0,0,0.0,0.0,,0,0,0,1,0,0,0,4,0,3,0,0,1,2
A.J. Green,50394,CB,CLV,1,100.0,0,8,60.0,,60.0,0,0,0,,,,0,0,0,1,0,0,0,1,0,0,0,0,1,0
Morgan Cox,6020,LS,TEN,1,100.0,0,31,60.0,60.8,,0,0,1,100.0,100.0,100.0,0,0,0,1,0,0,0,1,1,1,0,0,0,0
Sione Takitaki,12666,LB,CLV,1,100.0,0,8,60.0,,60.0,0,0,0,,,,0,0,0,1,0,0,0,1,0,0,0,0,1,0
Ameer Abdullah,9487,HB,MIN,1,11.1,0,18,69.0,73.4,,0,0,1,12.5,12.5,100.0,0,0,0,1,0,0,0,9,1,8,0,0,0,0
Kadarius Toney,61245,WR,NYG,1,20.0,0,21,58.9,,60.0,0,0,0,0.0,0.0,,0,0,0,1,0,0,0,5,0,4,0,0,1,0
Vita Vea,48956,DI,TB,1,100.0,0,30,60.0,,60.0,0,0,0,,,,0,0,0,1,0,0,0,1,0,0,0,0,1,0
Charley Hughlett,7336,LS,CLV,1,100.0,0,8,60.0,,60.0,0,0,0,,,,0,0,0,1,0,0,0,1,0,0,0,0,1,0
C.J. Goodwin,9243,S,DAL,1,100.0,0,9,60.0,,60.0,0,0,0,,,,0,0,0,1,0,0,0,1,0,0,0,0,1,1
Raheem Mostert,9783,HB,SF,1,25.0,0,28,58.0,,60.0,0,0,0,0.0,0.0,,0,0,0,1,0,0,0,4,0,1,0,0,1,0
DeAndre Carter,9859,WR,WAS,1,50.0,0,32,58.3,,60.0,0,0,0,0.0,0.0,,0,0,0,1,0,0,0,2,0,1,0,0,1,0
