,,,,,,Game and Vegas,,,,,,,Proj. Passing Stats,,,,,Proj. Rushing Stats,,,,,Proj. Receiving Stats,,,,,Proj. Defensive Stats,,,,,,Proj. Fantasy Pts,,,Projected Values,,,,,,,,,Position Rankings,,,Overall Rankings,,,Passing Stat Avgs,,,,,,,Rushing Stat Avgs,,,Receiving Stat Avgs,,,,Defense Stat Avgs,,,,,,
Player,Inj,Likes,Pos,pDepth,Salary,Team,Opp,Def v Pos,VegasPts,STDV,2022 Avg,2023 Avg,Pct,Att,Yrds,TDs,Int,Pct,Att,Yrds,TDs,Att+Tar,Pct,Tar,Rec,Yrds,TDs,Sacks,Int,Fum,Sfty,TDs,PTs,FC,My,Diff,Floor,Ceiling,FC Proj,My Proj,Rdm %,Exp.,Used,Con.,Value,Salary,FC Proj,My Proj,Salary,FC Proj,My Proj,Att,Comp,Yrds,Int,Sack,TDs,Rtg,Att,Yrds,TDs,Trgts,Rec,Yrds,TDs,Sack,Ints,Fmbls,TDs,Sfty,Pts,Yrds
Tyreek Hill,,0,WR,WR1,9600,MIA,@ WAS,32,29.25,11.8,21.3,27.5,0,0,0,0,0,0,0,0,0,12.95,0.3333,12.95,8.99,123.37,0.86,0,0,0,0,0,0,26.49,26.49,0,8.79,50.09,26.49,26.49,0,100,,39,2.8,1,1,1,1,1,1,0.01,,,0.01,,,,0.88,6.56,0.06,8.39,5.76,80.57,0.6,,,,,,,
C.J. Stroud,,0,QB,QB1,8100,HOU,vs DEN,15,25.25,9.5,0,22.7,1,40.47,346.91,2.12,0.61,0.1013,2.85,14.29,0.39,2.85,0,0,0,0,0,0,0,0,0,0,0,25.52,25.52,0,11.27,44.52,25.52,25.52,0,100,,58,3.2,2,1,1,8,2,2,35.55,22.64,296.91,0.45,2.36,1.73,100.05,2.64,12,0.27,0.09,0.09,,,,,,,,,
Christian McCaffrey,,0,RB,RB1,9000,SF,@ PHI,15,25.25,10.7,21.8,26.1,0,0,0,0,0,0.622,19.16,89.39,0.83,24.96,0.19,5.8,4.71,40.51,0.37,0,0,0,0,0,0,24.9,24.9,0,8.85,46.3,24.9,24.9,0,100,,54,2.8,1,1,1,2,3,3,0.05,0.02,0.97,,,0.02,9.08,14.07,65.3,0.56,7.05,5.7,48.8,0.32,,,,,,,
Keenan Allen,!,0,WR,WR1,9000,LAC,@ NE,22,22.25,9.9,17.1,24.7,0,0,0,0,0,0,0,0,0,13.45,0.3616,13.45,9.59,109.13,0.58,0,0,0,0,0,0,23.98,23.98,0,9.13,43.78,23.98,23.98,0,100,,47,2.7,2,2,2,2,4,4,0.03,0.01,0.46,,0.01,0.01,6.56,0.17,1.06,,9.93,6.95,79.93,0.44,,,,,,,
Jalen Hurts,,0,QB,QB1,8200,PHI,vs SF,12,22.25,11.3,26.7,25.6,1,28.71,230.1,1.46,0.65,0.36,10.09,44.28,0.84,10.09,0,0,0,0,0,0,0,0,0,0,0,23.86,23.86,0,6.91,46.46,23.86,23.86,0,100,,45,2.9,1,2,2,7,5,5,25.42,16.18,192.78,0.53,1.91,1.13,82.65,8.76,41.98,0.67,0.04,0.02,0.05,,,,,,,,
Dak Prescott,,0,QB,QB1,7200,DAL,vs SEA,7,28.25,9.2,18.1,22.2,1,37.81,299.03,2.01,0.73,0.1575,5.11,23.71,0.35,5.11,0,0,0,0,0,0,0,0,0,0,0,23.74,23.74,0,9.94,42.14,23.74,23.74,0,100,,56,3.3,6,3,3,16,6,6,33.86,22.64,258.54,0.66,2.02,1.76,99.37,3.56,16.57,0.26,0.02,0.01,0.1,0.01,,,,,,,
CeeDee Lamb,,0,WR,WR1,8900,DAL,vs SEA,28,28.25,9.9,18.6,22.5,0,0,0,0,0,0,0,0,0,11.42,0.302,11.42,8.07,103.86,0.7,0,0,0,0,0,0,22.66,22.66,0,7.81,42.46,22.66,22.66,0,100,,42,2.5,3,3,3,3,7,7,,,,,0.02,,,0.6,4.32,0.03,8.17,5.63,74.37,0.43,,,,,,,
Amon-Ra St. Brown,,0,WR,WR1,8500,DET,@ NO,23,25.5,10.2,17.5,23,0,0,0,0,0,0,0,0,0,12,0.2908,12,8.92,101.15,0.51,0,0,0,0,0,0,22.1,22.1,0,6.8,42.5,22.1,22.1,0,100,,42,2.6,5,4,4,5,8,8,,,,,0.02,,,0.45,4.02,0.02,8.9,6.62,73,0.38,,,,,,,
Tua Tagovailoa,,0,QB,QB1,7900,MIA,@ WAS,32,29.25,8.7,19.4,20,1,38.86,316.03,2.23,0.97,0.1138,3.06,7.09,0.09,3.06,0,0,0,0,0,0,0,0,0,0,0,21.84,21.84,0,8.79,39.24,21.84,21.84,0,100,,50,2.8,4,4,4,10,9,9,30.96,20.66,238.13,0.7,1.66,1.57,95.82,2.74,7.38,0.13,,,,,,,,,,,
Patrick Mahomes,,0,QB,QB1,7800,KC,@ GB,8,24.25,8.5,27,20.8,1,33.47,269.37,1.88,0.6,0.2099,4.82,25.61,0.15,4.82,0,0,0,0,0,0,0,0,0,0,0,21.16,21.16,0,8.41,38.16,21.16,21.16,0,100,,66,2.7,5,5,5,11,10,10,37.4,24.86,298.51,0.64,1.49,2.37,105.84,4.01,21.07,0.15,0.03,0.01,0.06,,,,,,,,
Michael Pittman,,0,WR,WR1,7100,IND,@ TEN,31,21.75,7.4,14,16.4,0,0,0,0,0,0,0,0,0,13.12,0.348,13.12,9.02,92.76,0.42,0,0,0,0,0,0,20.82,20.82,0,9.72,35.62,20.82,20.82,0,100,,44,2.9,13,5,5,17,11,11,,,,,,,,0.19,1.75,,7.74,5.32,57.79,0.25,,,,,,,
Russell Wilson,,0,QB,QB1,5700,DEN,@ HOU,27,22.25,8.2,16.1,18.1,1,33.7,260.4,1.83,0.59,0.2017,5.25,26.95,0.13,5.25,0,0,0,0,0,0,0,0,0,0,0,20.62,20.62,0,8.32,37.02,20.62,20.62,0,100,,59,3.6,14,6,6,31,12,12,31.41,20.44,241.04,0.57,2.91,1.87,101.92,4.75,24.92,0.11,0.03,0.03,0.03,0.01,,,,,,,
Tony Pollard,,0,RB,RB1,6800,DAL,vs SEA,19,28.25,8.8,16.3,14.3,0,0,0,0,0,0.6068,19.7,93.09,0.57,25.08,0.1423,5.38,4.25,29.99,0.09,0,0,0,0,0,0,20.52,20.52,0,7.32,38.12,20.52,20.52,0,100,,21,3,9,2,2,20,13,13,,,,,,,,9.31,45.63,0.29,2.88,2.22,17.22,0.07,,,,,,,
Tank Dell,!,0,WR,WR2,7400,HOU,vs DEN,10,25.25,10.4,0,17.4,0,0,0,0,0,0,0,0,0,9.64,0.2383,9.64,5.95,90.15,0.92,0,0,0,0,0,0,20.49,20.49,0,4.89,41.29,20.49,20.49,0,100,,40,2.8,10,6,6,14,14,14,,,,,0.1,,,1.1,5.1,,7.5,4.7,70.9,0.7,,,,,,,
Zack Moss,,0,RB,RB1,4600,IND,@ TEN,21,21.75,7.6,5.3,14.3,0,0,0,0,0,0.8037,24.68,113.88,0.79,27.36,0.0712,2.68,2.07,14.54,0.1,0,0,0,0,0,0,20.25,20.25,0,8.85,35.45,20.25,20.25,0,100,,12,4.4,29,3,3,42,15,15,,,,,,,,9.02,39.88,0.29,1.76,1.35,9.57,0.06,,,,,,,
Travis Kelce,,0,TE,TE1,8000,KC,@ GB,12,24.25,9,19.7,17.8,0,0,0,0,0,0,0,0,0,10.27,0.3069,10.27,7.48,87.7,0.66,0,0,0,0,0,0,20.21,20.21,0,6.71,38.21,20.21,20.21,0,100,,48,2.5,1,1,1,9,16,16,0.02,0.01,0.03,0.01,,,0.85,0.06,0.11,0.01,8.34,5.97,74.41,0.51,,,,,,,
Justin Herbert,,0,QB,QB1,8000,LAC,@ NE,18,22.25,8.2,18.2,21.9,1,37.2,264.87,1.9,0.61,0.1532,3.39,15.16,0.16,3.39,0,0,0,0,0,0,0,0,0,0,0,20.06,20.06,0,7.76,36.46,20.06,20.06,0,100,,63,2.5,3,7,7,9,17,17,39.47,26.37,281.9,0.68,2.1,1.9,97.36,3.67,15.28,0.18,0.05,0.05,,,,,,,,,
Brock Purdy,,0,QB,QB1,6100,SF,@ PHI,21,25.25,8.2,12.3,19.6,1,30.55,283.06,1.84,0.67,0.1109,3.42,10.9,0.15,3.42,0,0,0,0,0,0,0,0,0,0,0,20,20,0,7.7,36.4,20,20,0,100,,50,3.3,11,8,8,27,18,18,23.75,16.4,212.25,0.5,1.05,1.6,63.19,2.75,6.75,0.15,,,,,,,,,,,
Trevor Lawrence,,0,QB,QB1,6600,JAC,vs CIN,26,24,7.6,19.1,17.9,1,37.03,270.11,1.3,0.76,0.2017,5.3,24.39,0.38,5.3,0,0,0,0,0,0,0,0,0,0,0,19.96,19.96,0,8.56,35.16,19.96,19.96,0,100,,54,3,8,9,9,22,19,19,34.58,22.11,233.33,0.71,1.87,1.09,85.83,4.13,19.22,0.22,,,,,,,,,,,
Jared Goff,,0,QB,QB1,6500,DET,@ NO,17,25.5,8.5,18.3,19.5,1,41.26,310.19,1.79,0.81,0.0811,2.33,4.53,0.12,2.33,0,0,0,0,0,0,0,0,0,0,0,19.93,19.93,0,7.18,36.93,19.93,19.93,0,100,,53,3.1,9,10,10,23,20,20,35.29,22.77,260.64,0.7,1.88,1.55,93.91,2.1,4.44,0.11,0.01,0.01,0.04,,,,,,,,
Raheem Mostert,,0,RB,RB1,7300,MIA,@ WAS,8,29.25,10.5,11,19,0,0,0,0,0,0.5697,15.32,81.45,0.85,19.16,0.0989,3.84,2.81,21.45,0.21,0,0,0,0,0,0,19.46,19.46,0,3.71,40.46,19.46,19.46,0,100,,11,2.7,4,4,4,15,21,21,,,,,,,,10.29,55.72,0.49,1.85,1.38,11.22,0.11,,,,,,,
Sam Howell,,0,QB,QB1,6200,WAS,vs MIA,28,20.25,7.5,19.3,20.6,1,33.86,241.76,1.45,0.94,0.1649,3.91,24.72,0.37,3.91,0,0,0,0,0,0,0,0,0,0,0,19.22,19.22,0,7.97,34.22,19.22,19.22,0,100,,63,3.1,10,11,11,26,22,22,38.85,25.69,269.77,1.08,4.23,1.46,79.68,3.15,19.77,0.31,,,,,,,,,,,
Austin Ekeler,,0,RB,RB1,8300,LAC,@ NE,10,22.25,9.8,22.5,16.3,0,0,0,0,0,0.5361,11.86,51.91,0.5,18.05,0.1664,6.19,4.78,43.13,0.31,0,0,0,0,0,0,19.14,19.14,0,4.44,38.74,19.14,19.14,0,100,,43,2.3,2,5,5,6,23,23,,,,,,,,9.69,43.76,0.4,5.53,4.39,39.45,0.32,,,,,,,
Alvin Kamara,,0,RB,RB1,8200,NO,vs DET,11,21.5,10.5,14.8,19.9,0,0,0,0,0,0.4733,11.69,50.7,0.43,18.55,0.2192,6.86,5.49,46.03,0.22,0,0,0,0,0,0,19.06,19.06,0,3.31,40.06,19.06,19.06,0,100,,48,2.3,3,6,6,7,24,24,0.01,0.01,0.13,,,,1.41,12.95,57.37,0.54,6.4,5.03,42.57,0.24,,,,,,,
Mike Evans,,0,WR,WR1,7700,TB,vs CAR,5,19.75,10.2,15.6,18.1,0,0,0,0,0,0,0,0,0,10.1,0.2748,10.1,5.87,88.6,0.72,0,0,0,0,0,0,19.05,19.05,0,3.75,39.45,19.05,19.05,0,100,,40,2.5,8,7,7,12,25,25,,,,,,,,0.01,0.08,,8.67,5.03,76.89,0.59,,,,,,,
Nico Collins,,0,WR,WR1,6800,HOU,vs DEN,10,25.25,7.9,9.7,16.9,0,0,0,0,0,0,0,0,0,10.07,0.2489,10.07,6.39,93.79,0.51,0,0,0,0,0,0,18.83,18.83,0,6.98,34.63,18.83,18.83,0,100,,23,2.8,16,8,8,20,26,26,,,,,,,,,,,5.88,3.53,50.79,0.24,,,,,,,
Jahmyr Gibbs,,0,RB,RB2,6700,DET,@ NO,22,25.5,9,0,17.6,0,0,0,0,0,0.4216,12.14,63.82,0.61,18.73,0.1598,6.59,5.15,35.71,0,0,0,0,0,0,0,18.76,18.76,0,5.26,36.76,18.76,18.76,0,100,,49,2.8,10,7,7,21,27,27,,,,,,,,12.11,62.89,0.56,5.78,4.56,30.89,,,,,,,,
Kyler Murray,,0,QB,QB1,7000,ARI,@ PIT,11,17.5,8.4,19.9,20.5,1,34.51,231.06,1.18,0.71,0.1842,4.79,27.99,0.41,4.79,0,0,0,0,0,0,0,0,0,0,0,18.51,18.51,0,5.91,35.31,18.51,18.51,0,100,,62,2.6,7,12,12,18,28,28,34.63,23.03,242.78,0.72,2.33,1.43,93.72,6.58,38.17,0.43,,,0.12,,,,,,,,
Jordan Love,,0,QB,QB1,5800,GB,vs KC,14,18.25,9.2,2.9,19.2,1,30.54,226.68,1.63,0.84,0.1895,4.64,25.07,0.2,4.64,0,0,0,0,0,0,0,0,0,0,0,18.45,18.45,0,4.65,36.85,18.45,18.45,0,100,,22,3.2,13,13,13,30,29,29,21.67,13.1,152.62,0.62,1.19,1.05,79.94,2.38,11.76,0.1,,,,,,,,,,,
Gardner Minshew,,0,QB,QB1,5300,IND,@ TEN,10,21.75,8.3,8.8,12.9,1,37.69,267.37,1.35,0.78,0.1213,3.73,13.16,0.3,3.73,0,0,0,0,0,0,0,0,0,0,0,18.43,18.43,0,5.98,35.03,18.43,18.43,0,100,,46,3.5,18,14,14,35,30,30,30,18.85,209.85,0.54,2.15,1.27,87.76,3.22,13.93,0.12,0.02,0.02,,,,,,,,,
A.J. Brown,,0,WR,WR1,8800,PHI,vs SF,29,22.25,10.8,18.6,21.6,0,0,0,0,0,0,0,0,0,9.08,0.3163,9.08,5.84,86.67,0.65,0,0,0,0,0,0,18.41,18.41,0,2.21,40.01,18.41,18.41,0,100,,36,2.1,4,9,9,4,31,31,0.03,,,,,,1.07,0.08,1.07,0.01,7.51,4.74,75.72,0.57,,,,,,,
Baker Mayfield,,0,QB,QB1,5500,TB,vs CAR,2,19.75,6.5,11,16.8,1,36.76,264.45,1.73,0.92,0.1762,3.89,13.68,0.07,3.89,0,0,0,0,0,0,0,0,0,0,0,18.37,18.37,0,8.62,31.37,18.37,18.37,0,100,,59,3.3,16,15,15,33,32,32,31.8,19.66,227.42,0.86,2.36,1.43,88.24,2.81,9.8,0.07,0.02,0.01,0.2,,,,,,,,
De'Von Achane,,0,RB,RB2,6900,MIA,@ WAS,8,29.25,19.7,0,22.6,0,0,0,0,0,0.3165,8.51,71.96,0.73,11.82,0.0851,3.31,2.67,18.76,0.34,0,0,0,0,0,0,18.16,18.16,0,0,57.56,18.16,18.16,0,100,,13,2.6,8,8,8,19,33,33,,,,,,,,7.8,92.2,1,2.4,2,14.2,0.4,,,,,,,
Derrick Henry,,0,RB,RB1,6800,TEN,vs IND,31,20.75,11.8,20.8,14.3,0,0,0,0,0,0.6828,20.19,94.16,0.82,22.61,0.0794,2.42,1.9,16.72,0.03,0,0,0,0,0,0,18.09,18.09,0,0.39,41.69,18.09,18.09,0,100,,29,2.7,9,9,9,20,34,34,0.08,0.06,0.24,,,0.03,11.43,17.4,82.8,0.74,1.74,1.35,12.63,0.03,,,,,,,
Brandon Aiyuk,,0,WR,WR2,7200,SF,@ PHI,26,25.25,7.8,13.6,17.5,0,0,0,0,0,0,0,0,0,8,0.2618,8,5.38,88.06,0.62,0,0,0,0,0,0,17.91,17.91,0,6.21,33.51,17.91,17.91,0,100,,43,2.5,12,10,10,16,35,35,,,,,,,,0.23,2.09,0.04,6.43,4.27,61.96,0.41,,,,,,,
Kyren Williams,,0,RB,RB1,7200,LAR,vs CLE,25,21.75,12.4,3.8,22.6,0,0,0,0,0,0.5725,15.93,84.71,0.65,18.86,0.0849,2.93,1.99,17.15,0.28,0,0,0,0,0,0,17.76,17.76,0,0,42.56,17.76,17.76,0,100,,2,2.5,5,10,10,16,36,36,,,,,,,,9.87,49.2,0.4,2.8,1.87,16.13,0.2,,,,,,,
Travis Etienne,!,0,RB,RB1,7000,JAC,vs CIN,26,24,9.3,13.1,17.7,0,0,0,0,0,0.7036,18.48,76.68,0.55,22.96,0.1209,4.48,3.37,29.64,0.07,0,0,0,0,0,0,17.72,17.72,0,3.77,36.32,17.72,17.72,0,100,,38,2.5,7,11,11,18,37,37,,,,,,,,14.79,66.11,0.43,3.32,2.54,22.43,0.04,,,,,,,
Adam Thielen,,0,WR,WR1,6600,CAR,@ TB,30,16.75,10.1,10.6,16.9,0,0,0,0,0,0,0,0,0,10.13,0.288,10.13,7.09,73.85,0.54,0,0,0,0,0,0,17.72,17.72,0,2.57,37.92,17.72,17.72,0,100,,29,2.7,17,11,11,22,37,37,,,,,,,,0.18,1.41,0.01,7.02,4.88,59.02,0.45,,,,,,,
Jake Browning,,0,QB,QB1,5100,CIN,@ JAC,30,15,5.7,0,7.9,1,32.34,243.57,1.54,0.79,0.1794,3.71,18.01,0.09,3.71,0,0,0,0,0,0,0,0,0,0,0,17.45,17.45,0,8.9,28.85,17.45,17.45,0,100,,28,3.4,20,16,16,37,38,38,13.67,9,98.33,0.33,2.33,0.67,64.03,2.67,16,,,,,,,,,,,,
Jaylen Waddle,,0,WR,WR2,7600,MIA,@ WAS,32,29.25,8.8,16.4,14.6,0,0,0,0,0,0,0,0,0,9.29,0.239,9.29,6.46,84.19,0.42,0,0,0,0,0,0,17.4,17.4,0,4.2,35,17.4,17.4,0,100,,44,2.3,9,12,12,13,39,39,,,,,,,,0.16,0.91,0.02,7.72,5.37,71.21,0.4,,,,,,,
Matthew Stafford,,0,QB,QB1,5900,LAR,vs CLE,3,21.75,7.1,13.6,16.3,1,34.57,261.78,1.68,0.77,0.0641,1.78,6.35,0.02,1.78,0,0,0,0,0,0,0,0,0,0,0,17.18,17.18,0,6.53,31.38,17.18,17.18,0,100,,61,2.9,12,17,17,29,40,40,35.22,23.09,264.5,0.74,2.45,1.72,96.76,1.98,6.81,0.03,0.02,0.01,-0.05,,,,,,,,
Marquise Brown,!,0,WR,WR1,5200,ARI,@ PIT,27,17.5,7.6,13.3,11.2,0,0,0,0,0,0,0,0,0,10.63,0.3079,10.63,6.12,74.45,0.58,0,0,0,0,0,0,17.05,17.05,0,5.65,32.25,17.05,17.05,0,100,,39,3.3,30,13,13,36,41,41,,,,,,,,0.07,0.42,,7.48,4.51,53.1,0.39,,,,,,,
Chris Olave,!,0,WR,WR1,6900,NO,vs DET,11,21.5,6,13.9,15.2,0,0,0,0,0,0,0,0,0,10.39,0.332,10.39,6.34,82.45,0.33,0,0,0,0,0,0,16.57,16.57,0,7.57,28.57,16.57,16.57,0,100,,59,2.4,15,14,14,19,42,42,,,,,,,,,,,8.54,5.19,69.73,0.27,,,,,,,
JaMarr Chase,,0,WR,WR1,8100,CIN,@ JAC,15,15,12.5,21.4,19.4,0,0,0,0,0,0,0,0,0,8.66,0.2679,8.66,5.69,72.92,0.58,0,0,0,0,0,0,16.46,16.46,0,0,41.46,16.46,16.46,0,100,,37,2,6,15,15,8,43,43,,,,,0.03,,,0.38,0.58,,9.35,6.08,85.38,0.7,,,,,,,
Chris Godwin,!,0,WR,WR2,6300,TB,vs CAR,5,19.75,9.3,15.4,11.5,0,0,0,0,0,0,0,0,0,9.03,0.2456,9.03,6.3,75.95,0.35,0,0,0,0,0,0,16,16,0,2.05,34.6,16,16,0,100,,35,2.5,20,16,16,25,44,44,0.01,,,,,,0.02,0.09,0.49,0.01,7.27,5.14,64.66,0.34,,,,,,,
Courtland Sutton,,0,WR,WR1,5400,DEN,@ HOU,13,22.25,6.6,10.8,13.5,0,0,0,0,0,0,0,0,0,8.74,0.2594,8.74,5.36,70.3,0.6,0,0,0,0,0,0,15.99,15.99,0,6.09,29.19,15.99,15.99,0,100,,40,3,29,17,17,34,45,45,0.03,0.03,0.7,,,,4.71,0.06,0.27,,6.43,3.78,53.04,0.29,,,,,,,
Puka Nacua,,0,WR,WR2,7000,LAR,vs CLE,8,21.75,10.3,0,17.9,0,0,0,0,0,0,0,0,0,9.67,0.2798,9.67,6.14,77.66,0.3,0,0,0,0,0,0,15.71,15.71,0,0.26,36.31,15.71,15.71,0,100,,42,2.2,14,18,18,18,46,46,,,,,,,,0.27,1,,10.09,6.64,84,0.27,,,,,,,
Cooper Kupp,,0,WR,WR1,7800,LAR,vs CLE,8,21.75,10.6,24.2,11.5,0,0,0,0,0,0,0,0,0,8.22,0.2378,8.22,5.58,69.67,0.45,0,0,0,0,0,0,15.25,15.25,0,0,36.45,15.25,15.25,0,100,,42,2,7,19,19,11,47,47,0.05,,,,,,1.37,0.26,1.5,0.01,8.65,6.17,77.17,0.55,,,,,,,
Javonte Williams,,0,RB,RB1,5700,DEN,@ HOU,14,22.25,6.4,10.7,10.7,0,0,0,0,0,0.6174,16.08,64.85,0.1,21.08,0.1483,5,3.91,22.23,0.33,0,0,0,0,0,0,15.2,15.2,0,5.6,28,15.2,15.2,0,100,,45,2.7,20,12,12,31,48,48,,,,,,,,12.58,53.06,0.13,3.52,2.74,16.87,0.16,,,,,,,
Amari Cooper,,0,WR,WR1,5700,CLE,@ LAR,18,18.75,10.7,15.4,13.1,0,0,0,0,0,0,0,0,0,8.71,0.261,8.71,5.27,74.52,0.41,0,0,0,0,0,0,15.18,15.18,0,0,36.58,15.18,15.18,0,100,,26,2.7,26,20,20,31,49,49,0.01,,,0.01,,,,0.11,0.3,,7.62,4.68,65.44,0.42,,,,,,,
Rachaad White,,0,RB,RB1,6300,TB,vs CAR,24,19.75,6.7,9.1,15.2,0,0,0,0,0,0.6282,13.85,50.69,0.31,18.33,0.122,4.48,4.09,31.38,0.13,0,0,0,0,0,0,14.94,14.94,0,4.89,28.34,14.94,14.94,0,100,,42,2.4,14,13,13,25,50,50,,,,,,,,10.56,38.52,0.19,3.85,3.44,24.22,0.11,,,,,,,
Geno Smith,,0,QB,QB1,5400,SEA,@ DAL,13,19.25,8.7,19.5,14.7,1,28.07,212.78,1.24,0.61,0.2338,4.11,16.84,0.04,4.11,0,0,0,0,0,0,0,0,0,0,0,14.79,14.79,0,1.74,32.19,14.79,14.79,0,100,,38,2.7,17,18,18,34,51,51,26.88,18.12,195.45,0.52,2.31,1.21,87.96,2.93,13.07,0.05,0.02,0.02,-0.05,,,,,,,,
Joe Mixon,,0,RB,RB1,6200,CIN,@ JAC,4,15,9.3,17.3,13.5,0,0,0,0,0,0.7764,16.06,64.34,0.48,19.44,0.1044,3.38,2.8,19.78,0.11,0,0,0,0,0,0,14.75,14.75,0,0.8,33.35,14.75,14.75,0,100,,41,2.4,15,14,14,26,52,52,,,,,,,,16.21,65.92,0.48,3.54,2.9,21.92,0.12,,,,,,,
Sam LaPorta,,0,TE,TE1,5600,DET,@ NO,23,25.5,5.5,0,13,0,0,0,0,0,0,0,0,0,8.22,0.1993,8.22,5.8,54.97,0.57,0,0,0,0,0,0,14.72,14.72,0,6.47,25.72,14.72,14.72,0,100,,58,2.6,3,2,2,32,53,53,,,,,,,,,,,7,5,49,0.45,,,,,,,
Kenny Pickett,,0,QB,QB1,5100,PIT,vs ARI,29,23.5,4.4,12.4,10.1,1,37.15,244.85,0.97,0.47,0.1341,3.74,8.5,0.11,3.74,0,0,0,0,0,0,0,0,0,0,0,14.71,14.71,0,8.11,23.51,14.71,14.71,0,100,,61,2.9,20,19,19,37,54,54,29.29,18.29,183.5,0.54,0.96,0.54,37.11,3.92,12,0.17,,,,,,,,,,,
George Kittle,,0,TE,TE1,6200,SF,@ PHI,26,25.25,9.7,13.6,13.5,0,0,0,0,0,0,0,0,0,6.67,0.2183,6.67,4.85,67.04,0.52,0,0,0,0,0,0,14.67,14.67,0,0.12,34.07,14.67,14.67,0,100,,29,2.4,2,3,3,26,55,55,,,,,,,,0.13,0.74,,6.49,4.68,62.42,0.38,,,,,,,
James Conner,,0,RB,RB1,5800,ARI,@ PIT,5,17.5,10.3,15.7,10.7,0,0,0,0,0,0.5031,13.1,57.87,0.52,16.72,0.1049,3.62,2.96,21.2,0.1,0,0,0,0,0,0,14.59,14.59,0,0,35.19,14.59,14.59,0,100,,27,2.5,19,15,15,30,56,56,,,,,,,,12.15,51.92,0.55,3.19,2.63,19.93,0.1,,,,,,,
Derek Carr,,0,QB,QB1,5600,NO,vs DET,31,21.5,7.6,15.9,14.1,1,31.3,221.67,1.41,0.58,0.0665,1.64,4.71,0.03,1.64,0,0,0,0,0,0,0,0,0,0,0,14.58,14.58,0,3.18,29.78,14.58,14.58,0,100,,55,2.6,15,20,20,32,57,57,34.53,22.6,251.72,0.67,1.92,1.5,93.98,1.96,5.78,0.04,0.01,0.01,-0.07,,,,,,,,
Isiah Pacheco,,0,RB,RB1,6500,KC,@ GB,20,24.25,6.7,8.2,14.1,0,0,0,0,0,0.6339,14.56,64.5,0.49,17.7,0.0937,3.14,2.77,19.1,0.08,0,0,0,0,0,0,14.55,14.55,0,4.5,27.95,14.55,14.55,0,100,,37,2.2,12,16,16,23,58,58,,,,,,,,11.71,53.54,0.36,1.71,1.54,11.64,0.04,,,,,,,
D'Andre Swift,,0,RB,RB1,6600,PHI,vs SF,9,22.25,7.5,13.9,15.1,0,0,0,0,0,0.4583,12.85,59.89,0.47,16.51,0.1275,3.66,2.95,20.33,0.1,0,0,0,0,0,0,14.39,14.39,0,3.14,29.39,14.39,14.39,0,100,,50,2.2,11,17,17,22,59,59,0.02,,,,,,0.78,10.29,48.04,0.43,4.78,3.73,27.43,0.16,,,,,,,
Calvin Ridley,,0,WR,WR1,6400,JAC,vs CIN,7,24,9.8,0,14.3,0,0,0,0,0,0,0,0,0,7.57,0.2043,7.57,4.9,65.54,0.49,0,0,0,0,0,0,14.39,14.39,0,0,33.99,14.39,14.39,0,100,,38,2.2,19,21,21,24,59,59,,,,,,,,0.3,1.5,,7.6,4.92,66.75,0.55,,,,,,,
DeVonta Smith,,0,WR,WR2,7300,PHI,vs SF,29,22.25,8.5,15.9,15,0,0,0,0,0,0,0,0,0,7.46,0.2597,7.46,5.25,66.46,0.41,0,0,0,0,0,0,14.36,14.36,0,1.61,31.36,14.36,14.36,0,100,,39,2,11,22,22,15,60,60,,,,,,,,,,,7.02,4.76,63.33,0.38,,,,,,,
Deebo Samuel,,0,WR,WR1,6200,SF,@ PHI,26,25.25,8.7,13.3,13.6,0,0,0,0,0,0.0925,2.85,17.79,0.33,8.58,0.1875,5.73,3.84,55.4,0.2,0,0,0,0,0,0,14.34,14.34,0,1.29,31.74,14.34,14.34,0,100,,44,2.3,21,23,23,26,61,61,0.05,0.02,0.38,,,0.02,3.17,2.46,16.22,0.27,6.46,4.24,60.81,0.21,,,,,,,
Jerome Ford,,0,RB,RB1,5500,CLE,@ LAR,16,18.75,7.4,0.6,13,0,0,0,0,0,0.5879,17.4,73.57,0.36,21.06,0.1098,3.66,2.37,13.45,0.13,0,0,0,0,0,0,14.01,14.01,0,2.91,28.81,14.01,14.01,0,100,,33,2.5,21,18,18,33,62,62,,,,,,,,11.77,49.23,0.23,3.15,2.08,12.54,0.15,,,,,,,
Christian Kirk,,0,WR,WR2,5800,JAC,vs CIN,7,24,7.7,14.8,14.1,0,0,0,0,0,0,0,0,0,8.07,0.218,8.07,5.27,66.94,0.33,0,0,0,0,0,0,13.94,13.94,0,2.39,29.34,13.94,13.94,0,100,,39,2.4,25,24,24,30,63,63,0.05,0.02,0.38,,,,2.88,0.26,1.89,,6.85,4.48,56.8,0.33,,,,,,,
Jerry Jeudy,,0,WR,WR2,4700,DEN,@ HOU,13,22.25,7.5,14.2,8.7,0,0,0,0,0,0,0,0,0,8.33,0.2472,8.33,5.29,70.94,0.26,0,0,0,0,0,0,13.94,13.94,0,2.69,28.94,13.94,13.94,0,100,,31,3,35,24,24,41,63,63,,,,,,,,0.12,0.84,,6.31,3.8,53.63,0.2,,,,,,,
David Montgomery,,0,RB,RB1,6500,DET,@ NO,22,25.5,8.2,11.4,18.2,0,0,0,0,0,0.4972,14.31,61.7,0.58,17.12,0.0682,2.81,2.13,17.87,0.04,0,0,0,0,0,0,13.81,13.81,0,1.51,30.21,13.81,13.81,0,100,,43,2.1,12,19,19,23,64,64,0.01,,,0.01,,,,15.41,62.6,0.51,3.04,2.4,19.53,0.06,,,,,,,
Rhamondre Stevenson,,0,RB,RB1,6000,NE,vs LAC,17,17.25,8,15.1,13,0,0,0,0,0,0.5825,11.98,53.13,0.33,17.47,0.1642,5.49,4.05,23.56,0.01,0,0,0,0,0,0,13.76,13.76,0,1.76,29.76,13.76,13.76,0,100,,38,2.3,17,20,20,28,65,65,,,,,,,,12.25,55.63,0.35,3.93,3,19.55,0.03,,,,,,,
Josh Downs,,0,WR,WR2,5100,IND,@ TEN,31,21.75,6.5,0,10.9,0,0,0,0,0,0,0,0,0,8.78,0.2329,8.78,5.73,65.69,0.24,0,0,0,0,0,0,13.74,13.74,0,3.99,26.74,13.74,13.74,0,100,,40,2.7,31,25,25,37,66,66,,,,,,,,,,,6.64,4.36,51.45,0.18,,,,,,,
Robert Woods,,0,WR,WR4,3900,HOU,vs DEN,10,25.25,8.3,6.9,7.6,0,0,0,0,0,0,0,0,0,8.67,0.2142,8.67,5.41,64.75,0.28,0,0,0,0,0,0,13.57,13.57,0,1.12,30.17,13.57,13.57,0,100,,34,3.5,43,26,26,49,67,67,,,,,,,,0.59,4.02,0.04,7.14,4.57,55.62,0.25,,,,,,,
DeAndre Hopkins,,0,WR,WR1,6100,TEN,vs IND,14,20.75,9,17.6,13.2,0,0,0,0,0,0,0,0,0,7.55,0.2472,7.55,4.58,61.41,0.46,0,0,0,0,0,0,13.48,13.48,0,0,31.48,13.48,13.48,0,100,,51,2.2,22,27,27,27,68,68,0.02,0.01,0.05,0.01,,0.01,0.24,0.04,0.13,,9.95,6.22,80.57,0.53,,,,,,,
Will Levis,,0,QB,QB1,5200,TEN,vs IND,16,20.75,7.3,0,12.8,1,30.53,212.45,1.13,0.53,0.1149,3.4,6.71,0.05,3.4,0,0,0,0,0,0,0,0,0,0,0,13.46,13.46,0,2.51,28.06,13.46,13.46,0,100,,43,2.6,19,21,21,36,69,69,30.4,18.2,208.4,0.4,2.6,1.2,96.72,3,2.4,,,,,,,,,,,,
Bijan Robinson,,0,RB,RB1,6700,ATL,@ NYJ,30,17.25,7.6,0,15.1,0,0,0,0,0,0.4325,12.5,61.3,0.32,16.54,0.1488,4.04,2.42,17.83,0.2,0,0,0,0,0,0,13.45,13.45,0,2.05,28.65,13.45,13.45,0,100,,50,2,10,21,21,21,70,70,,,,,,,,12.82,63.91,0.27,4.45,2.91,21.82,0.27,,,,,,,
Desmond Ridder,,0,QB,QB1,5000,ATL,@ NYJ,1,17.25,7.1,10.2,14.1,1,27.12,195.76,0.8,0.71,0.1125,3.25,14.78,0.27,3.25,0,0,0,0,0,0,0,0,0,0,0,13.42,13.42,0,2.77,27.62,13.42,13.42,0,100,,45,2.7,21,22,22,38,71,71,27.29,17.64,186.86,0.57,1.79,0.64,60.31,3.93,17.43,0.29,0.07,0.07,-0.43,,,,,,,,
Garrett Wilson,,0,WR,WR1,6000,NYJ,vs ATL,2,16.25,7.7,13.3,13.9,0,0,0,0,0,0,0,0,0,11.12,0.3402,11.12,6.19,59,0.22,0,0,0,0,0,0,13.41,13.41,0,1.86,28.81,13.41,13.41,0,100,,43,2.2,23,28,28,28,72,72,0.07,,,,,,0.07,0.18,0.36,,9.29,5.25,64.21,0.25,,,,,,,
Rashee Rice,,0,WR,WR1,5600,KC,@ GB,12,24.25,6,0,11.8,0,0,0,0,0,0,0,0,0,5.87,0.1754,5.87,4.65,54.41,0.55,0,0,0,0,0,0,13.39,13.39,0,4.39,25.39,13.39,13.39,0,100,,49,2.4,27,29,29,32,73,73,,,,,,,,0.09,-0.27,,5.09,4,47.91,0.45,,,,,,,
Brian Robinson,,0,RB,RB1,6100,WAS,vs MIA,6,20.25,7.2,9.6,14.6,0,0,0,0,0,0.6701,15.89,62.57,0.35,18.36,0.0729,2.47,1.96,20.3,0.17,0,0,0,0,0,0,13.37,13.37,0,2.57,27.77,13.37,13.37,0,100,,40,2.2,16,22,22,27,74,74,,,,,,,,14.92,58.67,0.29,2,1.58,16.04,0.17,,,,,,,
Breece Hall,!,0,RB,RB1,6400,NYJ,vs ATL,13,16.25,7.8,17.4,14.3,0,0,0,0,0,0.5858,10.68,47.01,0.22,15.4,0.1442,4.72,3.6,26.57,0.18,0,0,0,0,0,0,13.36,13.36,0,1.66,28.96,13.36,13.36,0,100,,50,2.1,13,23,23,24,75,75,,,,,,,,11.33,57.33,0.33,4.44,3.17,29.89,0.17,,,,,,,
Bryce Young,,0,QB,QB1,4900,CAR,@ TB,19,16.75,3.8,0,11.7,1,35.16,215.33,0.97,0.8,0.1068,2.59,15.78,0,2.59,0,0,0,0,0,0,0,0,0,0,0,13.27,13.27,0,7.57,20.87,13.27,13.27,0,100,,68,2.7,22,23,23,39,76,76,35,21.6,187.7,0.8,4,0.9,75.66,2.5,16.1,,,,,,,,,,,,
Najee Harris,,0,RB,RB1,5200,PIT,vs ARI,29,23.5,7.1,13.5,10.4,0,0,0,0,0,0.5505,15.36,61.97,0.42,18.81,0.093,3.45,2.58,15.39,0.07,0,0,0,0,0,0,13.26,13.26,0,2.61,27.46,13.26,13.26,0,100,,51,2.6,24,24,24,36,77,77,0.02,0.02,0.09,,,,1.85,16.04,63.02,0.4,3.87,2.98,18.04,0.13,,,,,,,
Jayden Reed,!,0,WR,WR3,4400,GB,vs KC,16,18.25,5.6,0,12,0,0,0,0,0,0,0,0,0,6.94,0.2273,6.94,4.41,57.43,0.49,0,0,0,0,0,0,13.09,13.09,0,4.69,24.29,13.09,13.09,0,100,,53,3,38,30,30,44,78,78,,,,,,,,0.64,7.36,0.09,5.36,3.27,45.18,0.45,,,,,,,
A.J. Dillon,,0,RB,RB1,5400,GB,vs KC,18,18.25,7,9.9,8,0,0,0,0,0,0.6694,16.39,64.23,0.36,19.24,0.0934,2.85,2.2,18.76,0.04,0,0,0,0,0,0,12.9,12.9,0,2.4,26.9,12.9,12.9,0,100,,22,2.4,22,25,25,34,79,79,,,,,,,,10.19,41.91,0.28,1.96,1.54,13.41,0.04,,,,,,,
Brandin Cooks,,0,WR,WR2,4900,DAL,vs SEA,28,28.25,9.2,11.4,10.7,0,0,0,0,0,0,0,0,0,6.67,0.1763,6.67,4.37,60.08,0.41,0,0,0,0,0,0,12.84,12.84,0,0,31.24,12.84,12.84,0,100,,36,2.6,33,31,31,39,80,80,,,,,,,,0.35,1.95,0.01,7.22,4.66,65.21,0.38,,,,,,,
Jaylen Warren,,0,RB,RB2,5400,PIT,vs ARI,29,23.5,5.9,5.8,12.6,0,0,0,0,0,0.3155,8.81,51.1,0.24,13.44,0.1247,4.63,3.85,24.27,0,0,0,0,0,0,0,12.83,12.83,0,3.98,24.63,12.83,12.83,0,100,,31,2.4,22,26,26,34,81,81,,,,,,,,6.3,34.11,0.15,2.89,2.41,17.07,,,,,,,,
Christian Watson,,0,WR,WR1,4600,GB,vs KC,16,18.25,8.9,12.4,9.2,0,0,0,0,0,0,0,0,0,7.38,0.2418,7.38,3.92,58.71,0.5,0,0,0,0,0,0,12.79,12.79,0,0,30.59,12.79,12.79,0,100,,21,2.8,36,32,32,42,82,82,,,,,,,,0.41,3.45,0.09,4.95,2.82,43.73,0.45,,,,,,,
Diontae Johnson,,0,WR,WR1,5000,PIT,vs ARI,1,23.5,7.5,10.6,10.6,0,0,0,0,0,0,0,0,0,9.32,0.251,9.32,5.48,58.92,0.22,0,0,0,0,0,0,12.69,12.69,0,1.44,27.69,12.69,12.69,0,100,,43,2.5,32,33,33,38,83,83,,,,,,,,0.27,1.89,,8.55,5.21,56.79,0.3,,,,,,,
Joe Flacco,,0,QB,QB1,4600,CLE,@ LAR,23,18.75,7.4,12.3,0,1,33.36,215.77,1.17,0.71,0,0,0,0,0,0,0,0,0,0,0,0,0,0,0,0,12.6,12.6,0,1.5,27.4,12.6,12.6,0,100,,50,2.7,25,24,24,42,84,84,37.23,23.51,236.46,0.8,1.92,1.18,83.84,1.44,3.18,0.08,,,-0.04,,,,,,,,
George Pickens,,0,WR,WR2,4800,PIT,vs ARI,1,23.5,7.3,10,12.2,0,0,0,0,0,0,0,0,0,7.69,0.207,7.69,4.37,65.89,0.27,0,0,0,0,0,0,12.58,12.58,0,1.63,27.18,12.58,12.58,0,100,,33,2.6,34,34,34,40,85,85,,,,,,,,0.18,1.39,0.04,5.64,3.29,52.25,0.25,,,,,,,
Terry McLaurin,,0,WR,WR1,5500,WAS,vs MIA,20,20.25,7.6,14.2,11.8,0,0,0,0,0,0,0,0,0,7.72,0.228,7.72,4.78,61.8,0.25,0,0,0,0,0,0,12.46,12.46,0,1.06,27.66,12.46,12.46,0,100,,45,2.3,28,35,35,33,86,86,,,,,,,,0.13,0.95,,7.64,4.79,66.33,0.31,,,,,,,
Tyler Lockett,,0,WR,WR2,5900,SEA,@ DAL,9,19.25,9.7,15.5,12.5,0,0,0,0,0,0,0,0,0,6.4,0.228,6.4,4.52,55.26,0.39,0,0,0,0,0,0,12.39,12.39,0,0,31.79,12.39,12.39,0,100,,27,2.1,24,36,36,29,87,87,,,,,,,,0.28,1.87,0.01,5.98,4.25,56.22,0.42,,,,,,,
Noah Brown,!,0,WR,WR3,4500,HOU,vs DEN,10,25.25,6.8,7.7,15.4,0,0,0,0,0,0,0,0,0,6.84,0.1691,6.84,4.35,68.26,0.18,0,0,0,0,0,0,12.26,12.26,0,2.06,25.86,12.26,12.26,0,100,,0,2.7,37,37,37,43,88,88,,,,,,,,0.04,0.06,,3.32,2.06,28.38,0.08,,,,,,,
Trey McBride,!,0,TE,TE1,4900,ARI,@ PIT,27,17.5,7,6.8,9.1,0,0,0,0,0,0,0,0,0,7.23,0.2094,7.23,5.36,58.62,0.17,0,0,0,0,0,0,12.24,12.24,0,1.74,26.24,12.24,12.24,0,100,,14,2.5,6,4,4,39,89,89,,,,,,,,,,,4.95,3.67,37.43,0.1,,,,,,,
DK Metcalf,,0,WR,WR1,6500,SEA,@ DAL,9,19.25,8.2,13.8,13.2,0,0,0,0,0,0,0,0,0,7.17,0.2556,7.17,4.15,57.07,0.36,0,0,0,0,0,0,12.02,12.02,0,0,28.42,12.02,12.02,0,100,,44,1.8,18,38,38,23,90,90,,,,,,,,0.04,0.22,,7.62,4.62,65.58,0.5,,,,,,,
David Njoku,,0,TE,TE1,4100,CLE,@ LAR,18,18.75,5.9,10.2,10.1,0,0,0,0,0,0,0,0,0,7.46,0.2237,7.46,4.78,50.65,0.33,0,0,0,0,0,0,11.83,11.83,0,2.98,23.63,11.83,11.83,0,100,,25,2.9,10,5,5,47,91,91,,,,,,,,0.05,-0.07,,4.68,3.02,33.81,0.25,,,,,,,
Romeo Doubs,,0,WR,WR2,4800,GB,vs KC,16,18.25,6.2,7.9,11.5,0,0,0,0,0,0,0,0,0,7.18,0.235,7.18,4.32,42.51,0.53,0,0,0,0,0,0,11.75,11.75,0,2.45,24.15,11.75,11.75,0,100,,35,2.4,34,39,39,40,92,92,,,,,,,,0.04,0.46,,5.67,3.46,35.75,0.42,,,,,,,
Kareem Hunt,,0,RB,RB2,4700,CLE,@ LAR,16,18.75,9.5,7.5,8.8,0,0,0,0,0,0.4121,12.19,49.66,0.53,14.28,0.0627,2.09,1.66,12.49,0.09,0,0,0,0,0,0,11.6,11.6,0,0,30.6,11.6,11.6,0,100,,32,2.5,28,27,27,41,93,93,,,,,,,,11.58,50.52,0.44,3.26,2.59,21.74,0.2,,,,,,,
Evan Engram,,0,TE,TE1,4500,JAC,vs CIN,7,24,6.9,10.8,10.5,0,0,0,0,0,0,0,0,0,7.68,0.2073,7.68,5.24,50.07,0.18,0,0,0,0,0,0,11.33,11.33,0,0.98,25.13,11.33,11.33,0,100,,33,2.5,8,6,6,43,94,94,,,,,,,,0.17,1,0.01,6.55,4.29,44.28,0.22,,,,,,,
Devin Singletary,,0,RB,RB1,5900,HOU,vs DEN,27,25.25,6.6,11.5,9.1,0,0,0,0,0,0.3906,10.98,49.68,0.24,13.91,0.0724,2.93,2.25,15.05,0.04,0,0,0,0,0,0,10.4,10.4,0,0.5,23.6,10.4,10.4,0,100,,40,1.8,18,28,28,29,95,95,0.01,0.01,0.08,,,0.01,6.08,11.03,50.66,0.25,3.1,2.32,15.89,0.05,,,,,,,
Tee Higgins,,0,WR,WR2,6300,CIN,@ JAC,15,15,9.4,16.6,10.7,0,0,0,0,0,0,0,0,0,5.97,0.1847,5.97,3.77,48.83,0.28,0,0,0,0,0,0,10.33,10.33,0,0,29.13,10.33,10.33,0,100,,36,1.6,20,40,40,25,96,96,,,,,,,,0.1,0.56,,7.56,4.84,67.12,0.42,,,,,,,
Chuba Hubbard,,0,RB,RB1,5300,CAR,@ TB,2,16.75,5.9,6.5,9.3,0,0,0,0,0,0.4198,10.18,40,0.2,13.85,0.1044,3.67,2.98,19.29,0.03,0,0,0,0,0,0,10.29,10.29,0,1.44,22.09,10.29,10.29,0,100,,28,1.9,23,29,29,35,97,97,,,,,,,,9.39,37.34,0.22,2.1,1.63,12.44,0.02,,,,,,,
Samaje Perine,,0,RB,RB2,4800,DEN,@ HOU,14,22.25,6.7,9.1,8,0,0,0,0,0,0.1809,4.71,20.15,0.11,9.02,0.128,4.31,3.69,30.98,0.13,0,0,0,0,0,0,10.24,10.24,0,0.19,23.64,10.24,10.24,0,100,,6,2.1,27,30,30,40,98,98,,,,,,,,6.08,24.63,0.11,2.24,1.89,15.11,0.08,,,,,,,
Jake Ferguson,,0,TE,TE1,4000,DAL,vs SEA,28,28.25,5.5,4.4,9.6,0,0,0,0,0,0,0,0,0,5.26,0.139,5.26,3.79,39.52,0.41,0,0,0,0,0,0,10.2,10.2,0,1.95,21.2,10.2,10.2,0,100,,21,2.6,11,7,7,48,99,99,,,,,,,,,,,3.64,2.68,27.05,0.27,,,,,,,
Miles Sanders,,0,RB,RB2,4300,CAR,@ TB,2,16.75,8.4,13.4,6.7,0,0,0,0,0,0.4734,11.48,49.75,0.23,14.72,0.0922,3.24,2.2,13.73,0.03,0,0,0,0,0,0,10.11,10.11,0,0,26.91,10.11,10.11,0,100,,31,2.4,32,31,31,45,100,100,,,,,,,,12.5,59.99,0.31,3.13,2.18,15.74,0.04,,,,,,,
Drake London,,0,WR,WR1,4900,ATL,@ NYJ,25,17.25,6.3,10.9,11.7,0,0,0,0,0,0,0,0,0,6.26,0.2307,6.26,4.12,50.73,0.14,0,0,0,0,0,0,10.03,10.03,0,0.58,22.63,10.03,10.03,0,100,,44,2,33,41,41,39,101,101,0.04,0.04,0.81,,,,6.56,,,,6.81,4.33,53,0.22,,,,,,,
Jahan Dotson,,0,WR,WR2,4600,WAS,vs MIA,20,20.25,7.6,11.1,9.4,0,0,0,0,0,0,0,0,0,5.88,0.1736,5.88,3.55,41.02,0.39,0,0,0,0,0,0,9.99,9.99,0,0,25.19,9.99,9.99,0,100,,26,2.2,36,42,42,42,102,102,,,,,,,,0.08,-0.29,,5.42,3.21,39.92,0.46,,,,,,,
Bailey Zappe,,0,QB,QB1,4800,NE,vs LAC,20,17.25,7,12.2,1.1,1,33.41,196.13,0.89,1.68,0,0,0,0,0,0,0,0,0,0,0,0,0,0,0,0,9.73,9.73,0,0,23.73,9.73,9.73,0,100,,0,2,23,25,25,40,103,103,16.38,10.5,117.38,0.63,0.25,0.63,17.59,1.25,,,0.13,0.13,-0.75,,,,,,,,
Hunter Henry,,0,TE,TE1,3100,NE,vs LAC,17,17.25,6,6.5,7.8,0,0,0,0,0,0,0,0,0,5.65,0.169,5.65,3.82,40.26,0.29,0,0,0,0,0,0,9.59,9.59,0,0.59,21.59,9.59,9.59,0,100,,38,3.1,19,8,8,57,104,104,,,,,,,,,,,4.99,3.41,40.17,0.38,,,,,,,
Jets,,0,DST,DST1,3500,NYJ,vs ATL,21,17.25,5.4,6.9,8.7,0,0,0,0,0,0,0,0,0,0,0,0,0,0,0,2.76,1.13,0.76,0.25,0.25,17.25,9.54,9.54,0,1.44,20.34,9.54,9.54,0,100,,7,2.7,6,1,1,53,105,105,,,,,,,,,,,,,,,2.15,0.73,0.5,0.13,0.05,23.65,353.77
Rondale Moore,,0,WR,WR2,3400,ARI,@ PIT,27,17.5,6.5,11,6.8,0,0,0,0,0,0.0725,1.89,10.12,0.05,7.25,0.1554,5.36,3.67,35.34,0.14,0,0,0,0,0,0,9.36,9.36,0,0,22.36,9.36,9.36,0,100,,22,2.8,48,43,43,54,106,106,,,,,,,,1.38,6.68,0.03,4.88,3.62,32.44,0.09,,,,,,,
Cowboys,,0,DST,DST1,3800,DAL,vs SEA,28,19.25,6.8,9.8,13.2,0,0,0,0,0,0,0,0,0,0,0,0,0,0,0,2.8,0.73,0.31,0.1,0.52,19.25,9.2,9.2,0,0,22.8,9.2,9.2,0,100,,8,2.4,3,2,2,50,107,107,,,,,,,,,,,,,,,2.44,0.76,0.61,0.19,0.01,21.26,342.69
Colts,,0,DST,DST1,3200,IND,@ TEN,24,20.75,5.7,6.4,8.5,0,0,0,0,0,0,0,0,0,0,0,0,0,0,0,3.29,1.29,0.47,0,0.23,20.75,9.19,9.19,0,0.64,20.59,9.19,9.19,0,100,,21,2.9,9,3,3,56,108,108,,,,,,,,,,,,,,,2.31,0.88,0.6,0.18,0.06,23.18,357.38
D.J. Chark,,0,WR,WR3,3200,CAR,@ TB,30,16.75,8.6,9.2,8,0,0,0,0,0,0,0,0,0,5.71,0.1625,5.71,3.18,40.71,0.32,0,0,0,0,0,0,9.17,9.17,0,0,26.37,9.17,9.17,0,100,,17,2.9,50,44,44,56,109,109,,,,,,,,0.03,0.33,,5.87,3.26,47.11,0.36,,,,,,,
Chargers,,0,DST,DST1,4000,LAC,@ NE,32,17.25,5.6,5.9,7,0,0,0,0,0,0,0,0,0,0,0,0,0,0,0,3.99,0.65,1.03,0,0.13,17.25,9.13,9.13,0,0.73,20.33,9.13,9.13,0,100,,10,2.3,1,4,4,48,110,110,,,,,,,,,,,,,,,2.24,0.81,0.51,0.15,0.02,23.05,350.52
Dolphins,,0,DST,DST1,3900,MIA,@ WAS,19,20.25,6.7,5.7,8.1,0,0,0,0,0,0,0,0,0,0,0,0,0,0,0,3.76,0.97,0.48,0,0.24,20.25,9.1,9.1,0,0,22.5,9.1,9.1,0,100,,0,2.3,2,5,5,49,111,111,,,,,,,,,,,,,,,2.21,0.87,0.43,0.22,0.03,24.01,365.28
Taysom Hill,,0,TE,QB2,5200,NO,vs DET,11,21.5,7.8,9.3,9.5,0,0,0,0,0,0.173,4.27,22.97,0.29,6.68,0.0769,2.41,1.8,18.3,0.22,0,0,0,0,0,0,8.99,8.99,0,0,24.59,8.99,8.99,0,100,,4,1.7,4,9,9,36,112,112,3.38,2.2,27.44,0.09,0.32,0.13,48.81,4.34,24.1,0.3,1.08,0.79,8.08,0.13,,,,,,,
Michael Gallup,,0,WR,WR3,3600,DAL,vs SEA,28,28.25,7.4,7.5,6.3,0,0,0,0,0,0,0,0,0,5.61,0.1483,5.61,3.2,43.45,0.24,0,0,0,0,0,0,8.99,8.99,0,0,23.79,8.99,8.99,0,100,,24,2.5,46,45,45,52,112,112,,,,,,,,,,,5.92,3.29,46.62,0.25,,,,,,,
Tyler Higbee,,0,TE,TE1,3700,LAR,vs CLE,8,21.75,6.6,9.5,7,0,0,0,0,0,0,0,0,0,5.51,0.1593,5.51,3.69,36.8,0.26,0,0,0,0,0,0,8.93,8.93,0,0,22.13,8.93,8.93,0,100,,12,2.4,13,10,10,51,113,113,,,,,,,,0.01,0.01,,4.53,3.05,31.08,0.2,,,,,,,
Tyler Boyd,,0,WR,WR3,4200,CIN,@ JAC,15,15,8,10.8,10.2,0,0,0,0,0,0,0,0,0,5.37,0.166,5.37,3.67,39.52,0.2,0,0,0,0,0,0,8.82,8.82,0,0,24.82,8.82,8.82,0,100,,31,2.1,40,46,46,46,114,114,0.04,0.03,0.75,,0.01,,3.49,0.16,1.41,,6.38,4.35,50.83,0.27,,,,,,,
Tyler Allgeier,,0,RB,RB2,4500,ATL,@ NYJ,30,17.25,6.3,10.2,7.9,0,0,0,0,0,0.455,13.15,53.07,0.23,14.68,0.0565,1.53,1.17,8.25,0.02,0,0,0,0,0,0,8.8,8.8,0,0,21.4,8.8,8.8,0,100,,32,2,30,32,32,43,115,115,,,,,,,,12.78,55.59,0.22,1.26,1.04,8.22,0.04,,,,,,,
Jaguars,,0,DST,DST1,3400,JAC,vs CIN,14,15,6.5,8.1,7.9,0,0,0,0,0,0,0,0,0,0,0,0,0,0,0,2.5,1.18,0.66,0,0.26,15,8.74,8.74,0,0,21.74,8.74,8.74,0,100,,2,2.6,7,6,6,54,116,116,,,,,,,,,,,,,,,2.24,0.73,0.49,0.22,0.01,23.35,355.1
Tim Boyle,,0,QB,QB1,4800,NYJ,vs ATL,22,16.25,5.1,-0.9,4.9,1,32.7,189.02,0.85,2.27,0.1239,2.26,0.29,0,2.26,0,0,0,0,0,0,0,0,0,0,0,8.72,8.72,0,1.07,18.92,8.72,8.72,0,100,,0,1.8,23,26,26,40,117,117,8.78,5.56,43.67,0.61,0.5,0.22,19.86,1.39,-0.11,,,,,,,,,,,,
Cade Otton,,0,TE,TE1,3200,TB,vs CAR,5,19.75,5.3,6.6,8.3,0,0,0,0,0,0,0,0,0,5.3,0.1441,5.3,3.71,33.88,0.27,0,0,0,0,0,0,8.72,8.72,0,0.77,19.32,8.72,8.72,0,100,,28,2.7,18,11,11,56,117,117,,,,,,,,,,,4.6,3.2,29.56,0.2,,,,,,,
Pat Freiermuth,,0,TE,TE1,4300,PIT,vs ARI,1,23.5,5.4,9.9,8.5,0,0,0,0,0,0,0,0,0,5.27,0.1418,5.27,3.73,36.41,0.21,0,0,0,0,0,0,8.63,8.63,0,0.53,19.43,8.63,8.63,0,100,,43,2,9,12,12,45,118,118,,,,,,,,,,,5.46,3.81,38.08,0.3,,,,,,,
Allen Lazard,,0,WR,WR2,3200,NYJ,vs ATL,2,16.25,6.5,11.9,5.5,0,0,0,0,0,0,0,0,0,5.51,0.1684,5.51,3.25,36.74,0.28,0,0,0,0,0,0,8.6,8.6,0,0,21.6,8.6,8.6,0,100,,31,2.7,50,47,47,56,119,119,,,,,,,,0.14,1.19,,4.83,3.05,40.67,0.33,,,,,,,
Juwan Johnson,,0,TE,TE1,3400,NO,vs DET,11,21.5,5.8,8.4,5.5,0,0,0,0,0,0,0,0,0,5.1,0.1629,5.1,3.16,32.7,0.36,0,0,0,0,0,0,8.59,8.59,0,0,20.19,8.59,8.59,0,100,,0,2.5,16,13,13,54,120,120,,,,,,,,,,,3.15,1.93,21.2,0.3,,,,,,,
Logan Thomas,,0,TE,TE1,3600,WAS,vs MIA,20,20.25,5.8,5.9,9.4,0,0,0,0,0,0,0,0,0,5.56,0.1643,5.56,3.81,33.74,0.22,0,0,0,0,0,0,8.5,8.5,0,0,20.1,8.5,8.5,0,100,,16,2.4,14,14,14,52,121,121,0.03,0.03,0.6,,,,3.7,0.06,0.1,,4.38,2.92,26.88,0.21,,,,,,,
Ezekiel Elliott,!,0,RB,RB2,4500,NE,vs LAC,17,17.25,9,12.4,7.3,0,0,0,0,0,0.4175,8.58,36.67,0.28,10.82,0.0671,2.24,1.7,11.46,0.04,0,0,0,0,0,0,8.43,8.43,0,0,26.43,8.43,8.43,0,100,,49,1.9,30,33,33,43,122,122,0.02,0.01,0.03,0.01,,,-2.86,17.23,75.59,0.6,3.73,2.83,21.23,0.1,,,,,,,
Zach Charbonnet,,0,RB,RB1,5300,SEA,@ DAL,12,19.25,3.6,0,6.4,0,0,0,0,0,0.6643,11.67,53.76,0,14.06,0.0851,2.39,2.06,8.49,0,0,0,0,0,0,0,8.29,8.29,0,2.89,15.49,8.29,8.29,0,100,,44,1.6,23,34,34,35,123,123,,,,,,,,6.7,30.8,,2.7,2.3,10.3,,,,,,,,
Elijah Moore,,0,WR,WR2,3500,CLE,@ LAR,18,18.75,7,6.3,8.2,0,0,0,0,0,0,0,0,0,6.09,0.1825,6.09,3.6,37.35,0.15,0,0,0,0,0,0,8.24,8.24,0,0,22.24,8.24,8.24,0,100,,21,2.4,47,48,48,53,124,124,,,,,,,,0.53,1.94,0.03,6,3.42,38.94,0.19,,,,,,,
Jaxon Smith-Njigba,,0,WR,WR3,4000,SEA,@ DAL,9,19.25,4.1,0,8.2,0,0,0,0,0,0,0,0,0,5.13,0.1828,5.13,3.44,37.01,0.17,0,0,0,0,0,0,8.16,8.16,0,2.01,16.36,8.16,8.16,0,100,,50,2,42,49,49,48,125,125,,,,,,,,,,,5.18,3.45,36.91,0.18,,,,,,,
Chiefs,,0,DST,DST1,3300,KC,@ GB,22,18.25,6.7,7,8.3,0,0,0,0,0,0,0,0,0,0,0,0,0,0,0,3.7,0.7,0.7,0,0.11,18.25,8.16,8.16,0,0,21.56,8.16,8.16,0,100,,19,2.5,8,7,7,55,125,125,,,,,,,,,,,,,,,2.52,0.97,0.59,0.26,0.03,20.7,357.94
Broncos,,0,DST,DST1,2700,DEN,@ HOU,9,25.25,6,5.9,7.6,0,0,0,0,0,0,0,0,0,0,0,0,0,0,0,2.06,0.97,1.3,0.11,0.21,25.25,8.08,8.08,0,0,20.08,8.08,8.08,0,100,,19,3,14,8,8,61,126,126,,,,,,,,,,,,,,,2.43,0.8,0.57,0.14,0.02,20.86,333.78
Jalen Guyton,,0,WR,WR3,3300,LAC,@ NE,22,22.25,5.2,4.2,5.2,0,0,0,0,0,0,0,0,0,4.85,0.1303,4.85,2.51,37.82,0.29,0,0,0,0,0,0,8.03,8.03,0,0.23,18.43,8.03,8.03,0,100,,12,2.4,49,50,50,55,127,127,,,,,,,,0.24,0.92,,3.24,1.78,28.86,0.19,,,,,,,
Josh Reynolds,,0,WR,WR2,3400,DET,@ NO,23,25.5,6.1,8.7,9.4,0,0,0,0,0,0,0,0,0,4.53,0.1098,4.53,2.71,36.87,0.27,0,0,0,0,0,0,8.02,8.02,0,0,20.22,8.02,8.02,0,100,,14,2.4,48,51,51,54,128,128,,,,,,,,0.1,0.43,,4.23,2.49,33.29,0.22,,,,,,,
Tutu Atwell,,0,WR,WR3,3800,LAR,vs CLE,8,21.75,5.7,5.3,9.9,0,0,0,0,0,0,0,0,0,5.06,0.1465,5.06,2.9,37.79,0.22,0,0,0,0,0,0,8,8,0,0,19.4,8,8,0,100,,3,2.1,44,52,52,50,129,129,,,,,,,,0.45,2.38,0.03,3.28,1.86,26.38,0.14,,,,,,,
Tyjae Spears,,0,RB,RB2,4400,TEN,vs IND,31,20.75,3.8,0,7.1,0,0,0,0,0,0.2023,5.98,29.02,0.11,9.62,0.1192,3.64,2.66,16.21,0,0,0,0,0,0,0,7.84,7.84,0,2.14,15.44,7.84,7.84,0,100,,46,1.8,31,35,35,44,130,130,,,,,,,,4.55,23.09,0.09,3.64,2.64,16.27,,,,,,,,
Zay Jones,,0,WR,WR3,3700,JAC,vs CIN,7,24,7.3,12.8,7.2,0,0,0,0,0,0,0,0,0,5.61,0.1516,5.61,3.27,32.23,0.21,0,0,0,0,0,0,7.75,7.75,0,0,22.35,7.75,7.75,0,100,,0,2.1,45,53,53,51,131,131,0.02,0.01,0.32,,,,1.31,0.09,0.26,,5.01,2.91,30.82,0.2,,,,,,,
Curtis Samuel,,0,WR,WR3,4100,WAS,vs MIA,20,20.25,6.8,10.4,10.4,0,0,0,0,0,0,0,0,0,4.93,0.1457,4.93,3.33,33.09,0.18,0,0,0,0,0,0,7.72,7.72,0,0,21.32,7.72,7.72,0,100,,33,1.9,41,54,54,47,132,132,,,,,,,,1.39,8.19,0.08,5.4,3.55,37.8,0.24,,,,,,,
Browns,,0,DST,DST1,3100,CLE,@ LAR,23,21.75,5.5,6.2,9.7,0,0,0,0,0,0,0,0,0,0,0,0,0,0,0,3.26,0.87,0.66,0,0.22,21.75,7.64,7.64,0,0,18.64,7.64,7.64,0,100,,5,2.5,10,9,9,57,133,133,,,,,,,,,,,,,,,2.22,0.73,0.5,0.11,0.02,24.04,351.72
Steelers,,0,DST,DST1,3800,PIT,vs ARI,27,17.5,6.1,6.2,9.5,0,0,0,0,0,0,0,0,0,0,0,0,0,0,0,2.7,1.29,0.46,0.12,0,17.5,7.44,7.44,0,0,19.64,7.44,7.44,0,100,,24,2,3,10,10,50,134,134,,,,,,,,,,,,,,,2.98,0.95,0.59,0.13,0.04,20.33,335.67
Antonio Gibson,,0,RB,RB2,4500,WAS,vs MIA,6,20.25,7.2,11.1,7.9,0,0,0,0,0,0.1651,3.92,16.44,0.09,7.07,0.093,3.15,2.59,19.38,0.12,0,0,0,0,0,0,7.43,7.43,0,0,21.83,7.43,7.43,0,100,,42,1.7,30,36,36,43,135,135,,,,,,,,10.95,45.29,0.38,3.45,2.8,21.05,0.13,,,,,,,
Jonathan Mingo,,0,WR,WR2,3300,CAR,@ TB,30,16.75,3.1,0,5.7,0,0,0,0,0,0,0,0,0,7.65,0.2176,7.65,3.79,35.85,0,0,0,0,0,0,0,7.38,7.38,0,2.73,13.58,7.38,7.38,0,100,,46,2.2,49,55,55,55,136,136,,,,,,,,,,,5.7,2.8,28.6,,,,,,,,
Kalif Raymond,,0,WR,WR4,3200,DET,@ NO,23,25.5,5.6,6.5,6.8,0,0,0,0,0,0,0,0,0,3.86,0.0935,3.86,2.77,39.12,0.11,0,0,0,0,0,0,7.34,7.34,0,0,18.54,7.34,7.34,0,100,,0,2.3,50,56,56,56,137,137,,,,,,,,0.24,1.41,,2.5,1.76,24.73,0.09,,,,,,,
Dontayvion Wicks,!,0,WR,WR4,3000,GB,vs KC,16,18.25,4.3,0,5.9,0,0,0,0,0,0,0,0,0,4.02,0.1317,4.02,2.62,41.54,0.07,0,0,0,0,0,0,7.19,7.19,0,0.74,15.79,7.19,7.19,0,100,,27,2.4,52,57,57,58,138,138,0.1,0.1,1.4,,,,14.38,0.1,0.1,,3.2,2,33.1,0.1,,,,,,,
DeVante Parker,,0,WR,WR1,3300,NE,vs LAC,17,17.25,7.6,8.8,4.8,0,0,0,0,0,0,0,0,0,4.77,0.1427,4.77,2.8,35.84,0.13,0,0,0,0,0,0,7.16,7.16,0,0,22.36,7.16,7.16,0,100,,29,2.2,49,58,58,55,139,139,,,,,,,,,,,6.24,3.65,51.6,0.25,,,,,,,
Gerald Everett,,0,TE,TE1,3500,LAC,@ NE,22,22.25,5,9.3,7.2,0,0,0,0,0,0,0,0,0,4.16,0.1118,4.16,2.88,27.74,0.25,0,0,0,0,0,0,7.15,7.15,0,0,17.15,7.15,7.15,0,100,,28,2,15,15,15,53,140,140,,,,,,,,0.12,0.58,0.01,4.06,2.73,27.75,0.2,,,,,,,
Justin Watson,,0,WR,WR2,3500,KC,@ GB,12,24.25,4.7,3.4,6.4,0,0,0,0,0,0,0,0,0,4.31,0.1289,4.31,2.15,33.29,0.26,0,0,0,0,0,0,7.04,7.04,0,0,16.44,7.04,7.04,0,100,,0,2,47,59,59,53,141,141,,,,,,,,,,,2.63,1.35,21.05,0.14,,,,,,,
Tyler Conklin,,0,TE,TE1,3000,NYJ,vs ATL,2,16.25,5.2,7.7,7.3,0,0,0,0,0,0,0,0,0,4.74,0.1449,4.74,3.48,29.85,0.08,0,0,0,0,0,0,6.95,6.95,0,0,17.35,6.95,6.95,0,100,,21,2.3,20,16,16,58,142,142,,,,,,,,0.03,0.05,,4.2,2.98,29.58,0.11,,,,,,,
JuJu Smith-Schuster,,0,WR,WR2,3200,NE,vs LAC,17,17.25,9.2,12.1,5.1,0,0,0,0,0,0,0,0,0,4.39,0.1313,4.39,3.02,30,0.15,0,0,0,0,0,0,6.92,6.92,0,0,25.32,6.92,6.92,0,100,,30,2.2,50,60,60,56,143,143,,,,,,,,0.04,0.25,0.01,6.93,4.81,55.64,0.35,,,,,,,
Bengals,,0,DST,DST1,2600,CIN,@ JAC,7,24,5,6.3,7.7,0,0,0,0,0,0,0,0,0,0,0,0,0,0,0,2.65,1.16,0.64,0,0.11,24,6.91,6.91,0,0,16.91,6.91,6.91,0,100,,15,2.7,15,11,11,62,144,144,,,,,,,,,,,,,,,2.14,0.87,0.39,0.11,0.01,22.52,371.7
Buccaneers,,0,DST,DST1,3600,TB,vs CAR,30,16.75,6,6.1,7.5,0,0,0,0,0,0,0,0,0,0,0,0,0,0,0,2.85,0.75,0.75,0,0,16.75,6.85,6.85,0,0,18.85,6.85,6.85,0,100,,13,1.9,5,12,12,52,145,145,,,,,,,,,,,,,,,2.51,0.8,0.7,0.16,0.01,23.53,354.65
Falcons,,0,DST,DST1,3400,ATL,@ NYJ,29,16.25,5.5,4.6,5.8,0,0,0,0,0,0,0,0,0,0,0,0,0,0,0,2.43,0.51,0.65,0.13,0.13,16.25,6.79,6.79,0,0,17.79,6.79,6.79,0,100,,0,2,7,13,13,54,146,146,,,,,,,,,,,,,,,1.76,0.72,0.48,0.16,0.03,23.29,361.01
Andrew Ogletree,,0,TE,TE1,2500,IND,@ TEN,31,21.75,4.6,0,4.5,0,0,0,0,0,0,0,0,0,3.21,0.0853,3.21,1.65,26.81,0.41,0,0,0,0,0,0,6.79,6.79,0,0,15.99,6.79,6.79,0,100,,0,2.7,25,17,17,63,146,146,,,,,,,,,,,2.13,1.13,18.38,0.25,,,,,,,
Kyle Pitts,,0,TE,TE1,3800,ATL,@ NYJ,25,17.25,6.1,7.6,7.9,0,0,0,0,0,0,0,0,0,4.61,0.17,4.61,2.8,35.23,0.07,0,0,0,0,0,0,6.74,6.74,0,0,18.94,6.74,6.74,0,100,,34,1.8,12,18,18,50,147,147,,,,,,,,0.03,-0.11,,6,3.5,47.97,0.11,,,,,,,
Alec Pierce,,0,WR,WR3,3300,IND,@ TEN,31,21.75,4.8,7,4.6,0,0,0,0,0,0,0,0,0,5.06,0.1342,5.06,2.84,36.42,0.04,0,0,0,0,0,0,6.72,6.72,0,0,16.32,6.72,6.72,0,100,,21,2,49,61,61,55,148,148,,,,,,,,,,,4.3,2.33,32.74,0.07,,,,,,,
Nick Westbrook,,0,WR,WR3,3200,TEN,vs IND,14,20.75,6.3,5.7,7,0,0,0,0,0,0,0,0,0,3.48,0.1139,3.48,2.15,27.27,0.27,0,0,0,0,0,0,6.5,6.5,0,0,19.1,6.5,6.5,0,100,,0,2,50,62,62,56,149,149,,,,,,,,,,,3.08,1.88,24.73,0.21,,,,,,,
Kenneth Gainwell,,0,RB,RB2,4500,PHI,vs SF,9,22.25,5.3,5.2,6,0,0,0,0,0,0.1817,5.09,20.7,0.29,7.15,0.0716,2.06,1.59,9.57,0.01,0,0,0,0,0,0,6.42,6.42,0,0,17.02,6.42,6.42,0,100,,16,1.4,30,37,37,43,150,150,,,,,,,,4.14,17.05,0.26,2.35,1.72,11.86,0.02,,,,,,,
Jonnu Smith,,0,TE,TE2,3200,ATL,@ NYJ,25,17.25,5.5,4.3,9.1,0,0,0,0,0,0,0,0,0,3.47,0.1281,3.47,2.46,27.26,0.19,0,0,0,0,0,0,6.33,6.33,0,0,17.33,6.33,6.33,0,100,,11,2,18,19,19,56,151,151,0.01,,,,,,0.02,0.18,1.35,0.01,3.28,2.24,24.8,0.21,,,,,,,
Chigoziem Okonkwo,,0,TE,TE1,3100,TEN,vs IND,14,20.75,4.2,6.3,5.2,0,0,0,0,0,0,0,0,0,4.35,0.1424,4.35,2.89,27.49,0.1,0,0,0,0,0,0,6.24,6.24,0,0,14.64,6.24,6.24,0,100,,29,2,19,20,20,57,152,152,,,,,,,,0.15,0.23,,3.65,2.46,26.96,0.12,,,,,,,
Emari Demercado,,0,RB,RB2,4400,ARI,@ PIT,5,17.5,4.5,0,5.7,0,0,0,0,0,0.2401,6.25,25.45,0.11,8.81,0.0741,2.56,1.95,10.1,0,0,0,0,0,0,0,6.17,6.17,0,0,15.17,6.17,6.17,0,100,,21,1.4,31,38,38,44,153,153,,,,,,,,6.5,26.25,0.13,2,1.5,8,,,,,,,,
Donald Parham,,0,TE,TE2,3300,LAC,@ NE,22,22.25,4.6,4.8,5.5,0,0,0,0,0,0,0,0,0,2.95,0.0794,2.95,1.96,20.92,0.35,0,0,0,0,0,0,6.15,6.15,0,0,15.35,6.15,6.15,0,100,,6,1.9,17,21,21,55,154,154,,,,,,,,,,,2.26,1.51,16.85,0.28,,,,,,,
49ers,,0,DST,DST1,3000,SF,@ PHI,5,22.25,5.7,9.3,9.1,0,0,0,0,0,0,0,0,0,0,0,0,0,0,0,2.72,1.1,0.61,0,0,22.25,6.14,6.14,0,0,17.54,6.14,6.14,0,100,,11,2,11,14,14,58,155,155,,,,,,,,,,,,,,,2.37,0.72,0.55,0.1,0.01,22.44,336.67
Cedrick Wilson,,0,WR,WR4,3000,MIA,@ WAS,32,29.25,7.2,2,6.9,0,0,0,0,0,0,0,0,0,3.09,0.0796,3.09,2.05,25.66,0.25,0,0,0,0,0,0,6.12,6.12,0,0,20.52,6.12,6.12,0,100,,0,2,52,63,63,58,156,156,0.1,0.1,2.22,,0.04,0.02,12.5,0.12,0.14,,2.66,1.82,22.88,0.2,,,,,,,
Trey Palmer,,0,WR,WR3,3200,TB,vs CAR,5,19.75,2.5,0,5.5,0,0,0,0,0,0,0,0,0,4.68,0.1274,4.68,2.76,24.26,0.15,0,0,0,0,0,0,6.09,6.09,0,2.34,11.09,6.09,6.09,0,100,,55,1.9,50,64,64,56,157,157,,,,,,,,0.09,0.55,,3.91,2.27,20.64,0.18,,,,,,,
Greg Dortch,,0,WR,WR3,3700,ARI,@ PIT,27,17.5,6.8,7.3,2.4,0,0,0,0,0,0,0,0,0,3.82,0.1108,3.82,2.6,25.09,0.16,0,0,0,0,0,0,6.07,6.07,0,0,19.67,6.07,6.07,0,100,,0,1.6,45,65,65,51,158,158,,,,,,,,0.24,2,,2.53,1.91,17.26,0.09,,,,,,,
Dameon Pierce,,0,RB,RB2,5100,HOU,vs DEN,27,25.25,6.6,13.4,7.4,0,0,0,0,0,0.5081,14.29,50.21,0.17,14.29,0,0,0,0,0,0,0,0,0,0,0,6.04,6.04,0,0,19.24,6.04,6.04,0,100,,41,1.2,25,39,39,37,159,159,,,,,,,,15.9,60.95,0.24,2.48,1.9,12.05,0.05,,,,,,,
Rams,,0,DST,DST1,3700,LAR,vs CLE,15,18.75,6,5.7,4.5,0,0,0,0,0,0,0,0,0,0,0,0,0,0,0,2.68,0.62,0.48,0,0,18.75,5.88,5.88,0,0,17.88,5.88,5.88,0,100,,21,1.6,4,15,15,51,160,160,,,,,,,,,,,,,,,2.68,0.9,0.5,0.16,0.05,21.5,338.67
Texans,,0,DST,DST1,3300,HOU,vs DEN,12,22.25,6,5.8,6.5,0,0,0,0,0,0,0,0,0,0,0,0,0,0,0,2.25,0.79,0.68,0,0.11,22.25,5.85,5.85,0,0,17.85,5.85,5.85,0,100,,3,1.8,8,16,16,55,161,161,,,,,,,,,,,,,,,2.21,0.77,0.53,0.14,0.03,23.6,363.17
Marquez Valdes-Scantling,,0,WR,WR4,3100,KC,@ GB,12,24.25,7.1,7.4,4.1,0,0,0,0,0,0,0,0,0,3.73,0.1114,3.73,1.86,29.85,0.16,0,0,0,0,0,0,5.81,5.81,0,0,20.01,5.81,5.81,0,100,,0,1.9,51,66,66,57,162,162,,,,,,,,0.11,0.56,,4.2,2.13,36.42,0.19,,,,,,,
Panthers,,0,DST,DST1,2500,CAR,@ TB,20,19.75,6.1,5.9,4.3,0,0,0,0,0,0,0,0,0,0,0,0,0,0,0,1.21,0.48,0.24,0,0.36,19.75,5.81,5.81,0,0,18.01,5.81,5.81,0,100,,12,2.3,16,17,17,63,162,162,,,,,,,,,,,,,,,2.49,0.81,0.57,0.17,0.03,23.28,346.78
Allen Robinson,,0,WR,WR3,3000,PIT,vs ARI,1,23.5,9,8.5,4.1,0,0,0,0,0,0,0,0,0,3.98,0.107,3.98,2.39,26.84,0.12,0,0,0,0,0,0,5.79,5.79,0,0,23.79,5.79,5.79,0,100,,31,1.9,52,67,67,58,163,163,,,,,,,,0.03,0.09,,7.76,4.57,58.05,0.37,,,,,,,
Durham Smythe,,0,TE,TE1,2500,MIA,@ WAS,32,29.25,2.9,3.1,4,0,0,0,0,0,0,0,0,0,3.78,0.0974,3.78,2.82,25.62,0.06,0,0,0,0,0,0,5.74,5.74,0,1.39,11.54,5.74,5.74,0,100,,15,2.3,25,22,22,63,164,164,,,,,,,,0.06,0.06,0.01,2.1,1.58,14.73,0.04,,,,,,,
Jameson Williams,,0,WR,WR3,3600,DET,@ NO,23,25.5,4.8,2.5,6.1,0,0,0,0,0,0,0,0,0,3.24,0.0786,3.24,1.54,24.5,0.29,0,0,0,0,0,0,5.73,5.73,0,0,15.33,5.73,5.73,0,100,,0,1.6,46,68,68,52,165,165,,,,,,,,0.08,3.08,,2.46,1,17.31,0.23,,,,,,,
Tanner Hudson,,0,TE,TE1,2700,CIN,@ JAC,15,15,3,3.9,6.9,0,0,0,0,0,0,0,0,0,4.01,0.124,4.01,3,27.34,0,0,0,0,0,0,0,5.73,5.73,0,1.23,11.73,5.73,5.73,0,100,,21,2.1,23,23,23,61,165,165,,,,,,,,,,,2.7,1.85,19.6,,,,,,,,
Seahawks,,0,DST,DST1,2600,SEA,@ DAL,1,28.25,5.2,6.5,8.1,0,0,0,0,0,0,0,0,0,0,0,0,0,0,0,3.05,0.72,0.51,0,0.2,28.25,5.71,5.71,0,0,16.11,5.71,5.71,0,100,,30,2.2,15,18,18,62,166,166,,,,,,,,,,,,,,,2.47,0.78,0.61,0.15,0.05,21.24,352.65
Adam Trautman,,0,TE,TE1,2900,DEN,@ HOU,13,22.25,3.9,3.7,4.1,0,0,0,0,0,0,0,0,0,2.87,0.0853,2.87,2.1,19.98,0.24,0,0,0,0,0,0,5.54,5.54,0,0,13.34,5.54,5.54,0,100,,11,1.9,21,24,24,59,167,167,,,,,,,,,,,2.42,1.77,17.81,0.14,,,,,,,
Dalvin Cook,!,0,RB,RB2,4400,NYJ,vs ATL,13,16.25,10.6,14.6,3.1,0,0,0,0,0,0.2904,5.3,23.24,0.14,7.14,0.0564,1.84,1.36,8.38,0.02,0,0,0,0,0,0,5.48,5.48,0,0,26.68,5.48,5.48,0,100,,36,1.2,31,40,40,44,168,168,,,,,0.01,,,15.77,72.23,0.56,3.64,2.78,21.89,0.06,,,,,,,
Royce Freeman,,0,RB,RB2,4500,LAR,vs CLE,25,21.75,4.5,5,5.9,0,0,0,0,0,0.3634,10.11,39.95,0.24,10.11,0,0,0,0,0,0,0,0,0,0,0,5.44,5.44,0,0,14.44,5.44,5.44,0,100,,24,1.2,30,41,41,43,169,169,,,,,,,,7.14,27.58,0.16,1.69,1.33,8.11,0.02,,,,,,,
Mike Gesicki,,0,TE,TE2,2500,NE,vs LAC,17,17.25,6.8,5.8,4.1,0,0,0,0,0,0,0,0,0,3.76,0.1125,3.76,2.34,23.12,0.13,0,0,0,0,0,0,5.43,5.43,0,0,19.03,5.43,5.43,0,100,,7,2.2,25,25,25,63,170,170,0.01,,,,,,0.44,,,,4.51,2.83,31.45,0.21,,,,,,,
Demarcus Robinson,,0,WR,WR4,3000,LAR,vs CLE,8,21.75,5.8,6.7,3.4,0,0,0,0,0,0,0,0,0,3.17,0.0917,3.17,2.09,22.71,0.16,0,0,0,0,0,0,5.32,5.32,0,0,16.92,5.32,5.32,0,100,,3,1.8,52,69,69,58,171,171,,,,,,,,,,,3.52,2.28,25.34,0.19,,,,,,,
Lions,,0,DST,DST1,3000,DET,@ NO,17,21.5,5.3,5.4,6,0,0,0,0,0,0,0,0,0,0,0,0,0,0,0,2.54,0.81,0.46,0.11,0,21.5,5.3,5.3,0,0,15.9,5.3,5.3,0,100,,2,1.8,11,19,19,58,172,172,,,,,,,,,,,,,,,2.02,0.62,0.49,0.14,0.05,24.73,369.38
Saints,,0,DST,DST1,2700,NO,vs DET,3,25.5,6.1,6.2,7.8,0,0,0,0,0,0,0,0,0,0,0,0,0,0,0,1.06,1.06,0.49,0,0.19,25.5,5.3,5.3,0,0,17.5,5.3,5.3,0,100,,13,2,14,19,19,61,172,172,,,,,,,,,,,,,,,2.54,0.84,0.56,0.13,0.02,22.33,348.11
Treylon Burks,!,0,WR,WR2,3400,TEN,vs IND,14,20.75,5.1,8.3,4.3,0,0,0,0,0,0,0,0,0,4.43,0.1451,4.43,2.2,28.88,0.03,0,0,0,0,0,0,5.27,5.27,0,0,15.47,5.27,5.27,0,100,,27,1.6,48,70,70,54,173,173,,,,,,,,0.38,3.81,,4.5,2.56,35.38,0.06,,,,,,,
A.T. Perry,,0,WR,WR2,3300,NO,vs DET,11,21.5,5.1,0,6.8,0,0,0,0,0,0,0,0,0,2.95,0.0942,2.95,1.7,23.11,0.21,0,0,0,0,0,0,5.27,5.27,0,0,15.47,5.27,5.27,0,100,,0,1.6,49,70,70,55,173,173,,,,,,,,,,,3,1.5,22.5,0.5,,,,,,,
Marvin Mims Jr.,,0,WR,WR3,3300,DEN,@ HOU,13,22.25,6.8,0,4.7,0,0,0,0,0,0,0,0,0,2.62,0.0776,2.62,1.8,29.17,0.09,0,0,0,0,0,0,5.26,5.26,0,0,18.86,5.26,5.26,0,100,,0,1.6,49,71,71,55,174,174,,,,,,,,0.55,0.91,,1.91,1.36,25.64,0.09,,,,,,,
Quentin Johnston,,0,WR,WR2,4000,LAC,@ NE,22,22.25,3.8,0,4.2,0,0,0,0,0,0,0,0,0,4.08,0.1098,4.08,2.35,21.5,0.12,0,0,0,0,0,0,5.22,5.22,0,0,12.82,5.22,5.22,0,100,,10,1.3,42,72,72,48,175,175,,,,,,,,0.09,0.18,,3.36,1.91,17.27,0.09,,,,,,,
Jalen Tolbert,,0,WR,WR4,3200,DAL,vs SEA,28,28.25,4.3,1.6,4.4,0,0,0,0,0,0,0,0,0,3.49,0.0922,3.49,1.95,22.13,0.15,0,0,0,0,0,0,5.06,5.06,0,0,13.66,5.06,5.06,0,100,,0,1.6,50,73,73,56,176,176,,,,,,,,,,,2.82,1.64,17.73,0.09,,,,,,,
Olamide Zaccheaus,,0,WR,WR4,3000,PHI,vs SF,29,22.25,5.5,6.9,3.8,0,0,0,0,0,0,0,0,0,2.74,0.0955,2.74,1.6,21.47,0.21,0,0,0,0,0,0,5.01,5.01,0,0,16.01,5.01,5.01,0,100,,5,1.7,52,74,74,58,177,177,,,,,,,,0.08,0.17,,3.11,1.91,27.25,0.19,,,,,,,
Jauan Jennings,,0,WR,WR3,3500,SF,@ PHI,26,25.25,5.3,5.2,3.7,0,0,0,0,0,0,0,0,0,3.21,0.1052,3.21,1.85,23.38,0.12,0,0,0,0,0,0,4.91,4.91,0,0,15.51,4.91,4.91,0,100,,0,1.4,47,75,75,53,178,178,,,,,,,,,,,3.18,1.92,23.53,0.16,,,,,,,
Noah Gray,,0,TE,TE2,2500,KC,@ GB,12,24.25,2.6,4.1,4.7,0,0,0,0,0,0,0,0,0,2.65,0.0793,2.65,2.05,21.56,0.11,0,0,0,0,0,0,4.87,4.87,0,0.97,10.07,4.87,4.87,0,100,,33,1.9,25,26,26,63,179,179,,,,,,,,0.06,0.06,0.03,2.06,1.6,16.54,0.09,,,,,,,
Trenton Irwin,,0,WR,WR4,3000,CIN,@ JAC,15,15,5.5,7,5.6,0,0,0,0,0,0,0,0,0,2.33,0.0719,2.33,1.6,21.07,0.19,0,0,0,0,0,0,4.85,4.85,0,0,15.85,4.85,4.85,0,100,,0,1.6,52,76,76,58,180,180,,,,,,,,0.04,0.48,,2.3,1.52,21.13,0.22,,,,,,,
Skyy Moore,,0,WR,WR3,3000,KC,@ GB,12,24.25,3.8,3.1,4.7,0,0,0,0,0,0,0,0,0,3.5,0.1045,3.5,2.15,23.45,0.05,0,0,0,0,0,0,4.8,4.8,0,0,12.4,4.8,4.8,0,100,,0,1.6,52,77,77,58,181,181,,,,,,,,0.23,1.81,,2.62,1.62,18.81,0.04,,,,,,,
Packers,,0,DST,DST1,2500,GB,vs KC,13,24.25,5.3,6.8,7.3,0,0,0,0,0,0,0,0,0,0,0,0,0,0,0,2.16,0.31,0.62,0,0.1,24.25,4.62,4.62,0,0,15.22,4.62,4.62,0,100,,18,1.8,16,20,20,63,182,182,,,,,,,,,,,,,,,2.43,0.83,0.48,0.1,0.01,22.05,349.78
Chris Moore,,0,WR,WR4,3100,TEN,vs IND,14,20.75,4.8,7.9,4.9,0,0,0,0,0,0,0,0,0,2.74,0.0897,2.74,1.7,23.28,0.09,0,0,0,0,0,0,4.57,4.57,0,0,14.17,4.57,4.57,0,100,,0,1.5,51,78,78,57,183,183,,,,,,,,0.2,0.84,,2.46,1.56,19.1,0.1,,,,,,,
Cardinals,,0,DST,DST1,2900,ARI,@ PIT,26,23.5,6.2,5.9,4.8,0,0,0,0,0,0,0,0,0,0,0,0,0,0,0,2.42,0.74,0.32,0,0,23.5,4.54,4.54,0,0,16.94,4.54,4.54,0,100,,7,1.6,12,21,21,59,184,184,,,,,,,,,,,,,,,2.53,0.75,0.62,0.16,0.03,23.55,350.13
Eagles,,0,DST,DST1,2800,PHI,vs SF,2,25.25,6.2,8.8,7.2,0,0,0,0,0,0,0,0,0,0,0,0,0,0,0,2.76,0.5,0.29,0.1,0,25.25,4.54,4.54,0,0,16.94,4.54,4.54,0,100,,21,1.6,13,21,21,60,184,184,,,,,,,,,,,,,,,2.63,0.81,0.58,0.22,0.03,21.87,347.08
Mack Hollins,!,0,WR,WR3,3300,ATL,@ NYJ,25,17.25,5.6,9.2,5.2,0,0,0,0,0,0,0,0,0,2.86,0.1054,2.86,1.71,21.7,0.09,0,0,0,0,0,0,4.42,4.42,0,0,15.62,4.42,4.42,0,100,,0,1.3,49,79,79,55,185,185,0.01,0.01,0.06,,,,1.16,0.06,0.56,,3.08,1.82,23.56,0.14,,,,,,,
Colby Parkinson,,0,TE,TE2,2500,SEA,@ DAL,9,19.25,3.4,4.9,3.2,0,0,0,0,0,0,0,0,0,2.66,0.0948,2.66,2,20.08,0.06,0,0,0,0,0,0,4.37,4.37,0,0,11.17,4.37,4.37,0,100,,11,1.7,25,27,27,63,186,186,,,,,,,,,,,2.17,1.59,17.86,0.07,,,,,,,
Van Jefferson,,0,WR,WR2,3100,ATL,@ NYJ,25,17.25,5.2,7.9,3.1,0,0,0,0,0,0,0,0,0,3.09,0.1141,3.09,1.6,22.15,0.09,0,0,0,0,0,0,4.36,4.36,0,0,14.76,4.36,4.36,0,100,,19,1.4,51,80,80,57,187,187,,,,,,,,0.08,0.45,,3.84,2.1,30.49,0.2,,,,,,,
Patriots,,0,DST,DST1,2400,NE,vs LAC,11,22.25,7,10.9,5.7,0,0,0,0,0,0,0,0,0,0,0,0,0,0,0,2.18,0.55,0.43,0.11,0,22.25,4.36,4.36,0,0,18.36,4.36,4.36,0,100,,20,1.8,17,22,22,64,187,187,,,,,,,,,,,,,,,2.41,1.02,0.51,0.2,0.05,18.38,333.89
Irv Smith Jr.,,0,TE,TE2,2500,CIN,@ JAC,15,15,5.6,6.9,3.8,0,0,0,0,0,0,0,0,0,2.62,0.081,2.62,1.91,14.11,0.17,0,0,0,0,0,0,4.34,4.34,0,0,15.54,4.34,4.34,0,100,,15,1.7,25,28,28,63,188,188,,,,,,,,,,,3.64,2.54,23,0.29,,,,,,,
Brevin Jordan,,0,TE,TE1,2500,HOU,vs DEN,10,25.25,4,3,3.6,0,0,0,0,0,0,0,0,0,2.31,0.0572,2.31,1.57,14.91,0.19,0,0,0,0,0,0,4.2,4.2,0,0,12.2,4.2,4.2,0,100,,13,1.7,25,29,29,63,189,189,,,,,,,,,,,2.82,1.82,16.64,0.18,,,,,,,
Rico Dowdle,,0,RB,RB2,4800,DAL,vs SEA,19,28.25,4.4,0,5.4,0,0,0,0,0,0.2357,7.65,32.72,0.15,7.65,0,0,0,0,0,0,0,0,0,0,0,4.17,4.17,0,0,12.97,4.17,4.17,0,100,,0,0.9,27,42,42,40,190,190,,,,,,,,3.82,15.88,0.06,0.65,0.59,4.06,0.12,,,,,,,
Jake Bobo,,0,WR,WR4,3000,SEA,@ DAL,9,19.25,5,0,5.4,0,0,0,0,0,0,0,0,0,1.91,0.0682,1.91,1.5,16.04,0.17,0,0,0,0,0,0,4.12,4.12,0,0,14.12,4.12,4.12,0,100,,7,1.4,52,81,81,58,191,191,,,,,,,,0.11,0.33,0.11,2,1.56,18,0.22,,,,,,,
Byron Pringle,,0,WR,WR4,3000,WAS,vs MIA,20,20.25,5.7,4.4,3.1,0,0,0,0,0,0,0,0,0,2.22,0.0657,2.22,1.55,19.45,0.09,0,0,0,0,0,0,4.04,4.04,0,0,15.44,4.04,4.04,0,100,,3,1.3,52,82,82,58,192,192,,,,,,,,,,,2.76,1.96,25.85,0.2,,,,,,,
Lil'Jordan Humphrey,,0,WR,WR4,3000,DEN,@ HOU,13,22.25,3.9,1.3,2.9,0,0,0,0,0,0,0,0,0,1.83,0.0542,1.83,1.27,16.79,0.18,0,0,0,0,0,0,4.03,4.03,0,0,11.83,4.03,4.03,0,100,,7,1.3,52,83,83,58,193,193,,,,,,,,,,,1.8,1.2,18.4,0.2,,,,,,,
Noah Fant,,0,TE,TE1,2700,SEA,@ DAL,9,19.25,5.8,7.2,4.5,0,0,0,0,0,0,0,0,0,2.4,0.0855,2.4,1.73,18.83,0.07,0,0,0,0,0,0,4.03,4.03,0,0,15.63,4.03,4.03,0,100,,28,1.5,23,30,30,61,193,193,,,,,,,,0.04,-0.16,,4.6,3.27,36.33,0.19,,,,,,,
Braxton Berrios,,0,WR,WR3,3000,MIA,@ WAS,32,29.25,5.6,3.4,4.6,0,0,0,0,0,0,0,0,0,2.59,0.0667,2.59,1.78,16.99,0.08,0,0,0,0,0,0,3.96,3.96,0,0,15.16,3.96,3.96,0,100,,0,1.3,52,84,84,58,194,194,0.01,0.01,0.03,,,0.01,1.63,0.27,2.34,0.05,2.62,1.74,17.52,0.08,,,,,,,
Jamaal Williams,,0,RB,RB2,4300,NO,vs DET,11,21.5,7.8,13.8,3.5,0,0,0,0,0,0.2872,7.09,27.49,0.2,7.09,0,0,0,0,0,0,0,0,0,0,0,3.95,3.95,0,0,19.55,3.95,3.95,0,100,,18,0.9,32,43,43,45,195,195,,,,,,,,9.96,39.15,0.31,2.19,1.76,12.67,0.08,,,,,,,
Tyquan Thornton,,0,WR,WR3,3000,NE,vs LAC,17,17.25,5.4,5.5,2.2,0,0,0,0,0,0,0,0,0,3.95,0.1181,3.95,1.75,16.34,0.09,0,0,0,0,0,0,3.92,3.92,0,0,14.72,3.92,3.92,0,100,,0,1.3,52,85,85,58,196,196,,,,,,,,0.25,1.19,0.06,3.56,1.69,17.56,0.13,,,,,,,
Calvin Austin III,,0,WR,WR4,3000,PIT,vs ARI,1,23.5,4.6,0,3.8,0,0,0,0,0,0,0,0,0,2.8,0.0755,2.8,1.7,17.14,0.08,0,0,0,0,0,0,3.89,3.89,0,0,13.09,3.89,3.89,0,100,,0,1.3,52,86,86,58,197,197,,,,,,,,0.73,2.73,,2.45,1.45,15.45,0.09,,,,,,,
Titans,,0,DST,DST1,2800,TEN,vs IND,10,21.75,5.3,5.4,5.5,0,0,0,0,0,0,0,0,0,0,0,0,0,0,0,2.39,0.22,0.43,0,0,21.75,3.69,3.69,0,0,14.29,3.69,3.69,0,100,,15,1.3,13,23,23,60,198,198,,,,,,,,,,,,,,,2.33,0.77,0.43,0.12,0.01,22.01,356.32
Isaiah McKenzie,,0,WR,WR4,3000,IND,@ TEN,31,21.75,5.9,8,1.8,0,0,0,0,0,0,0,0,0,2.33,0.0619,2.33,1.63,14.04,0.09,0,0,0,0,0,0,3.57,3.57,0,0,15.37,3.57,3.57,0,100,,0,1.2,52,87,87,58,199,199,0.01,0.01,0.14,,,0.01,1.77,0.57,2.77,0.05,2.58,1.77,16.48,0.13,,,,,,,
Cedric Tillman,,0,WR,WR3,3100,CLE,@ LAR,18,18.75,3.4,0,2.9,0,0,0,0,0,0,0,0,0,2.9,0.0868,2.9,1.58,16.76,0.05,0,0,0,0,0,0,3.56,3.56,0,0,10.36,3.56,3.56,0,100,,0,1.1,51,88,88,57,200,200,,,,,,,,0.2,1.6,,2.8,1.4,13,,,,,,,,
Deven Thompkins,,0,WR,WR4,3000,TB,vs CAR,5,19.75,4,3.6,2.9,0,0,0,0,0,0,0,0,0,3.17,0.0862,3.17,1.86,10.38,0.11,0,0,0,0,0,0,3.56,3.56,0,0,11.56,3.56,3.56,0,100,,0,1.2,52,88,88,58,200,200,,,,,,,,0.5,5.43,,2.21,1.36,7.86,0.07,,,,,,,
Patrick Taylor,,0,RB,RB2,4000,GB,vs KC,18,18.25,3.3,1,2.7,0,0,0,0,0,0.1411,3.45,10.83,0.04,5.61,0.0708,2.16,1.37,7.73,0,0,0,0,0,0,0,3.47,3.47,0,0,10.07,3.47,3.47,0,100,,0,0.9,35,44,44,48,201,201,,,,,,,,3.13,10.8,0.07,0.93,0.6,3.47,,,,,,,,
Will Mallory,,0,TE,TE2,2500,IND,@ TEN,31,21.75,2.6,0,2.5,0,0,0,0,0,0,0,0,0,2.5,0.0663,2.5,1.4,17.1,0.04,0,0,0,0,0,0,3.35,3.35,0,0,8.55,3.35,3.35,0,100,,0,1.3,25,31,31,63,202,202,,,,,,,,,,,1.83,1,15.17,,,,,,,,
Joshua Kelley,,0,RB,RB2,4900,LAC,@ NE,10,22.25,4.1,5.4,5,0,0,0,0,0,0.3107,6.88,25.83,0.12,6.88,0,0,0,0,0,0,0,0,0,0,0,3.3,3.3,0,0,11.5,3.3,3.3,0,100,,18,0.7,26,45,45,39,203,203,,,,,,,,6.84,25.07,0.14,1.41,1.07,6.91,,,,,,,,
Luke Farrell,!,0,TE,TE2,2500,JAC,vs CIN,7,24,1.7,2,3.5,0,0,0,0,0,0,0,0,0,2.01,0.0542,2.01,1.61,16.63,0,0,0,0,0,0,0,3.27,3.27,0,0.72,6.67,3.27,3.27,0,100,,26,1.3,25,32,32,63,204,204,,,,,,,,,,,1.5,1.17,11.5,,,,,,,,
Julio Jones,,0,WR,WR3,3100,PHI,vs SF,29,22.25,11.5,7,3.2,0,0,0,0,0,0,0,0,0,1.87,0.065,1.87,1.21,15.66,0.08,0,0,0,0,0,0,3.26,3.26,0,0,26.26,3.26,3.26,0,100,,35,1.1,51,89,89,57,205,205,,,,,,,,0.1,0.72,,8.94,5.82,85.59,0.37,,,,,,,
Stephen Sullivan,,0,TE,TE2,2500,CAR,@ TB,30,16.75,2,0.8,3.6,0,0,0,0,0,0,0,0,0,2.25,0.064,2.25,1.58,16.65,0,0,0,0,0,0,0,3.25,3.25,0,0.25,7.25,3.25,3.25,0,100,,0,1.3,25,33,33,63,206,206,,,,,,,,,,,1.07,0.64,8.57,,,,,,,,
Josh Whyle,,0,TE,TE2,2500,TEN,vs IND,14,20.75,3.2,0,3.1,0,0,0,0,0,0,0,0,0,1.93,0.0632,1.93,1.15,11.19,0.14,0,0,0,0,0,0,3.11,3.11,0,0,9.51,3.11,3.11,0,100,,0,1.2,25,34,34,63,207,207,,,,,,,,,,,1.86,1.14,11.14,0.14,,,,,,,
Commanders,,0,DST,DST1,2300,WAS,vs MIA,8,29.25,5.2,6.6,4.8,0,0,0,0,0,0,0,0,0,0,0,0,0,0,0,2.09,0.42,0.33,0,0.08,29.25,3.07,3.07,0,0,13.47,3.07,3.07,0,100,,20,1.3,18,24,24,65,208,208,,,,,,,,,,,,,,,2.59,0.76,0.55,0.13,0.03,23.18,355.98
Ian Thomas,,0,TE,TE1,2500,CAR,@ TB,30,16.75,3.9,3.1,1.9,0,0,0,0,0,0,0,0,0,2.34,0.0665,2.34,1.5,13.16,0.04,0,0,0,0,0,0,3.06,3.06,0,0,10.86,3.06,3.06,0,100,,0,1.2,25,35,35,63,209,209,,,,,,,,,,,2.79,1.81,16.57,0.06,,,,,,,
Eli Mitchell,,0,RB,RB2,4300,SF,@ PHI,15,25.25,8.4,8.7,2.2,0,0,0,0,0,0.1746,5.38,23.32,0.12,5.38,0,0,0,0,0,0,0,0,0,0,0,3.05,3.05,0,0,19.85,3.05,3.05,0,100,,16,0.7,32,46,46,45,210,210,,,,,,,,12.21,57.42,0.29,1.25,1.08,5.96,0.04,,,,,,,
John Bates,,0,TE,TE2,2500,WAS,vs MIA,20,20.25,3.2,3.4,3.1,0,0,0,0,0,0,0,0,0,1.92,0.0567,1.92,1.5,12.98,0.03,0,0,0,0,0,0,2.98,2.98,0,0,9.38,2.98,2.98,0,100,,16,1.2,25,36,36,63,211,211,,,,,,,,,,,2.28,1.69,16.83,0.07,,,,,,,
Jason Brownlee,,0,WR,WR4,3000,NYJ,vs ATL,2,16.25,0,0,4,0,0,0,0,0,0,0,0,0,1.89,0.0578,1.89,1.23,12.8,0.07,0,0,0,0,0,0,2.93,2.93,0,2.93,2.93,2.93,2.93,0,100,,0,1,52,90,90,58,212,212,,,,,,,,,,,2,2,20,,,,,,,,
Keith Kirkwood,,0,WR,WR4,3000,NO,vs DET,11,21.5,3,1.3,1,0,0,0,0,0,0,0,0,0,2.25,0.0719,2.25,1.14,12.85,0.06,0,0,0,0,0,0,2.79,2.79,0,0,8.79,2.79,2.79,0,100,,9,0.9,52,91,91,58,213,213,,,,,,,,,,,2.16,1.16,14.63,0.11,,,,,,,
Jeremy Ruckert,,0,TE,TE2,2500,NYJ,vs ATL,2,16.25,1.8,0.9,2.7,0,0,0,0,0,0,0,0,0,1.94,0.0593,1.94,1.35,9.72,0,0,0,0,0,0,0,2.32,2.32,0,0,5.92,2.32,2.32,0,100,,22,0.9,25,37,37,63,214,214,,,,,,,,,,,1.78,1.22,10.44,,,,,,,,
Chase Edmonds,,0,RB,RB2,4300,TB,vs CAR,24,19.75,7.3,5.7,1.7,0,0,0,0,0,0.1956,4.31,17.52,0.09,4.31,0,0,0,0,0,0,0,0,0,0,0,2.29,2.29,0,0,16.89,2.29,2.29,0,100,,1,0.5,32,47,47,45,215,215,,,,,,,,5.68,24.92,0.15,2.65,2.01,14.89,0.08,,,,,,,
Jalen Reagor,,0,WR,WR4,3000,NE,vs LAC,17,17.25,4,1.6,1.4,0,0,0,0,0,0,0,0,0,2.01,0.0601,2.01,1.02,10.34,0.04,0,0,0,0,0,0,2.29,2.29,0,0,10.29,2.29,2.29,0,100,,0,0.8,52,92,92,58,215,215,,,,,,,,0.38,1.73,,2.77,1.54,17.1,0.08,,,,,,,
Jack Stoll,,0,TE,TE1,2700,PHI,vs SF,29,22.25,1.6,2.6,1.7,0,0,0,0,0,0,0,0,0,1.85,0.0646,1.85,1.24,9.94,0,0,0,0,0,0,0,2.23,2.23,0,0,5.43,2.23,2.23,0,100,,20,0.8,23,38,38,61,216,216,,,,,,,,,,,1.44,1.06,9.56,,,,,,,,
David Bell,,0,WR,WR4,3000,CLE,@ LAR,18,18.75,2.1,1.4,1.8,0,0,0,0,0,0,0,0,0,2.45,0.0734,2.45,0.98,10.56,0.03,0,0,0,0,0,0,2.22,2.22,0,0,6.42,2.22,2.22,0,100,,0,0.7,52,93,93,58,217,217,,,,,,,,,,,2.17,0.83,8.5,,,,,,,,
Tim Jones,,0,WR,WR4,3000,JAC,vs CIN,7,24,1.6,0,1.9,0,0,0,0,0,0,0,0,0,1.62,0.0438,1.62,1.2,9.04,0.02,0,0,0,0,0,0,2.22,2.22,0,0,5.42,2.22,2.22,0,100,,16,0.7,52,93,93,58,217,217,,,,,,,,,,,1.5,1.17,7.33,,,,,,,,
Khadarel Hodge,,0,WR,WR4,3000,ATL,@ NYJ,25,17.25,3.4,3.2,3.9,0,0,0,0,0,0,0,0,0,1.26,0.0464,1.26,0.79,12.61,0.01,0,0,0,0,0,0,2.11,2.11,0,0,8.91,2.11,2.11,0,100,,0,0.7,52,94,94,58,218,218,,,,,,,,0.02,,,1.84,1.08,16.62,0.02,,,,,,,
Clyde Edwards-Helaire,,0,RB,RB2,4200,KC,@ GB,20,24.25,7.5,9.8,2.9,0,0,0,0,0,0.1562,3.59,14.77,0.1,3.59,0,0,0,0,0,0,0,0,0,0,0,2.08,2.08,0,0,17.08,2.08,2.08,0,100,,26,0.5,33,48,48,46,219,219,,,,,,,,9.51,40.84,0.28,2.51,1.81,14.26,0.14,,,,,,,
Derius Davis,,0,WR,WR4,3000,LAC,@ NE,22,22.25,2.3,0,2.2,0,0,0,0,0,0,0,0,0,1.51,0.0407,1.51,1.41,4.63,0,0,0,0,0,0,0,1.87,1.87,0,0,6.47,1.87,1.87,0,100,,0,0.6,52,95,95,58,220,220,,,,,,,,0.82,6.73,,1.18,1.09,4,,,,,,,,
Ray-Ray McCloud,!,0,WR,WR4,3100,SF,@ PHI,26,25.25,3.5,3.4,2.1,0,0,0,0,0,0,0,0,0,1.14,0.0372,1.14,0.8,8.67,0.01,0,0,0,0,0,0,1.73,1.73,0,0,8.73,1.73,1.73,0,100,,0,0.6,51,96,96,57,221,221,,,,,,,,0.19,2.5,0.01,1.76,1.18,10.08,0.01,,,,,,,
Andre Baccellia,,0,WR,WR4,3000,ARI,@ PIT,27,17.5,1.1,2.3,0,0,0,0,0,0,0,0,0,0,1.29,0.0375,1.29,0.74,6.27,0.02,0,0,0,0,0,0,1.49,1.49,0,0,3.69,1.49,1.49,0,100,,42,0.5,52,97,97,58,222,222,,,,,,,,,,,1.67,1.17,7.5,,,,,,,,
Lynn Bowden,,0,WR,WR3,3000,NO,vs DET,11,21.5,5.3,0,2.1,0,0,0,0,0,0,0,0,0,1.34,0.0429,1.34,0.71,6.24,0,0,0,0,0,0,0,1.33,1.33,0,0,11.93,1.33,1.33,0,100,,0,0.4,52,98,98,58,223,223,0.17,0.08,2.67,,,,13.2,0.92,6,,3.42,2.42,18.58,,,,,,,,
Ty Montgomery,,0,RB,WR3,4000,NE,vs LAC,17,17.25,7,10.3,0.8,0,0,0,0,0,0,0,0,0,1.17,0.0351,1.17,0.73,5.2,0.01,0,0,0,0,0,0,1.31,1.31,0,0,15.31,1.31,1.31,0,100,,0,0.3,35,49,49,48,224,224,,,,,,,,3.3,14.67,0.1,2.56,1.79,14.01,0.05,,,,,,,
D'Ernest Johnson,,0,RB,RB2,4300,JAC,vs CIN,26,24,5.9,0.6,2.8,0,0,0,0,0,0.0947,2.49,11.03,0.03,2.49,0,0,0,0,0,0,0,0,0,0,0,1.28,1.28,0,0,13.08,1.28,1.28,0,100,,0,0.3,32,50,50,45,225,225,,,,,,,,3.15,15.55,0.06,0.89,0.72,6.57,,,,,,,,
Xavier Gipson,,0,WR,WR3,3100,NYJ,vs ATL,2,16.25,1.9,0,1.5,0,0,0,0,0,0,0,0,0,0.94,0.0288,0.94,0.59,5.96,0,0,0,0,0,0,0,1.19,1.19,0,0,4.99,1.19,1.19,0,100,,0,0.4,51,99,99,57,226,226,,,,,,,,0.36,3.09,,1,0.64,7.45,,,,,,,,
DeeJay Dallas,,0,RB,RB2,4400,SEA,@ DAL,12,19.25,4.7,3.1,0.9,0,0,0,0,0,0.1019,1.79,8.05,0.04,1.79,0,0,0,0,0,0,0,0,0,0,0,1.05,1.05,0,0,10.45,1.05,1.05,0,100,,0,0.2,31,51,51,44,227,227,0.02,,,0.02,,,,2.12,8.85,0.08,1.33,1.17,7.62,0.02,,,,,,,
Trey Sermon,,0,RB,RB2,4000,IND,@ TEN,21,21.75,4.1,1.9,0.3,0,0,0,0,0,0.075,2.3,8.33,0.03,2.3,0,0,0,0,0,0,0,0,0,0,0,1.01,1.01,0,0,9.21,1.01,1.01,0,100,,0,0.3,35,52,52,48,228,228,,,,,,,,5.11,21.44,0.11,0.56,0.33,2.89,,,,,,,,
Trayveon Williams,,0,RB,RB2,4000,CIN,@ JAC,4,15,2.3,1.1,1.1,0,0,0,0,0,0.0442,0.91,4.62,0,0.91,0,0,0,0,0,0,0,0,0,0,0,0.46,0.46,0,0,5.06,0.46,0.46,0,100,,0,0.1,35,53,53,48,229,229,,,,,,,,2.11,10.61,,0.61,0.46,2.61,,,,,,,,
Ihmir Smith-Marsette,,0,WR,WR4,3000,CAR,@ TB,30,16.75,4.9,0.3,0.2,0,0,0,0,0,0,0,0,0,0.17,0.0047,0.17,0.14,2.09,0.01,0,0,0,0,0,0,0.41,0.41,0,0,10.21,0.41,0.41,0,100,,0,0.1,52,100,100,58,230,230,,,,,,,,0.05,-0.05,,0.52,0.33,6.9,0.1,,,,,,,
Easton Stick,,0,QB,QB2,4900,LAC,@ NE,18,22.25,0,0,0,0,0,0,0,0,0,0,0,0,0,0,0,0,0,0,0,0,0,0,0,0,0,0,0,0,0,0,0,0,100,,0,0,22,27,27,39,231,231,1,1,4,,,,83.3,1,-2,,,,,,,,,,,,
Marcus Mariota,,0,QB,QB2,4800,PHI,vs SF,12,22.25,9.4,16,0,0,0,0,0,0,0,0,0,0,0,0,0,0,0,0,0,0,0,0,0,0,0,0,0,0,0,0,0,0,100,,38,0,23,27,27,40,231,231,24.52,15.29,182.55,0.62,2.21,1.09,83.51,4.07,23.79,0.2,0.05,0.03,0.78,0.02,,,,,,,
Mac Jones,,0,QB,QB2,4800,NE,vs LAC,20,17.25,6.8,13.9,11.2,0,0,0,0,0,0,0,0,0,0,0,0,0,0,0,0,0,0,0,0,0,0,0,0,0,0,0,0,0,100,,49,0,23,27,27,40,231,231,31.14,20.57,212.33,0.86,2,1.1,81.61,2.79,7.79,0.02,,,,,,,,,,,
Jarrett Stidham,,0,QB,QB2,4700,DEN,@ HOU,27,22.25,9.1,16.5,0,0,0,0,0,0,0,0,0,0,0,0,0,0,0,0,0,0,0,0,0,0,0,0,0,0,0,0,0,0,100,,0,0,24,27,27,41,231,231,11.91,7,84.18,0.64,1.09,0.55,50.5,2.09,8.09,,,,,,,,,,,,
Phillip Walker,,0,QB,QB2,4700,CLE,@ LAR,23,18.75,5.8,7.5,5.4,0,0,0,0,0,0,0,0,0,0,0,0,0,0,0,0,0,0,0,0,0,0,0,0,0,0,0,0,0,100,,0,0,24,27,27,41,231,231,16.95,9.25,106.75,0.8,1.45,0.3,56.77,1.55,4,,0.05,,,,,,,,,,
Blaine Gabbert,,0,QB,QB2,4700,KC,@ GB,8,24.25,8.2,5.2,-0.9,0,0,0,0,0,0,0,0,0,0,0,0,0,0,0,0,0,0,0,0,0,0,0,0,0,0,0,0,0,100,,9,0,24,27,27,41,231,231,19.33,11.54,126.62,0.64,1.67,0.72,63.82,3.1,11.49,0.08,0.03,0.03,-0.41,,,,,,,,
Sam Darnold,,0,QB,QB2,4600,SF,@ PHI,21,25.25,8.6,15.7,-0.1,0,0,0,0,0,0,0,0,0,0,0,0,0,0,0,0,0,0,0,0,0,0,0,0,0,0,0,0,0,100,,37,0,25,27,27,42,231,231,28.98,17.31,193.02,0.9,2.34,1,74.62,3.21,12.08,0.2,,,,,,,,,,,
Jameis Winston,,0,QB,QB2,4600,NO,vs DET,31,21.5,8.8,17.3,3.4,0,0,0,0,0,0,0,0,0,0,0,0,0,0,0,0,0,0,0,0,0,0,0,0,0,0,0,0,0,100,,52,0,25,27,27,42,231,231,32.34,19.79,247.92,1.11,2.2,1.58,81.29,3.31,13.7,0.12,,,,,,,,,,,
Teddy Bridgewater,,0,QB,QB2,4600,DET,@ NO,17,25.5,8.6,9,-0.2,0,0,0,0,0,0,0,0,0,0,0,0,0,0,0,0,0,0,0,0,0,0,0,0,0,0,0,0,0,100,,33,0,25,27,27,42,231,231,25.59,17.12,187.08,0.53,1.97,0.92,80.67,2.68,9.62,0.15,,,,,,,,,,,
Taylor Heinicke,,0,QB,QB2,4600,ATL,@ NYJ,1,17.25,7.3,14.1,12.6,0,0,0,0,0,0,0,0,0,0,0,0,0,0,0,0,0,0,0,0,0,0,0,0,0,0,0,0,0,100,,42,0,25,27,27,42,231,231,26.03,16.44,179.59,0.74,1.91,1.06,87.77,3.03,15,0.06,0.03,0.03,-0.06,,,,,,,,
Mitchell Trubisky,,0,QB,QB2,4600,PIT,vs ARI,29,23.5,9.6,11.3,5,0,0,0,0,0,0,0,0,0,0,0,0,0,0,0,0,0,0,0,0,0,0,0,0,0,0,0,0,0,100,,32,0,25,27,27,42,231,231,27.65,17.71,185.54,0.69,1.91,1.06,84.49,3.46,17.51,0.17,,,,,,,,,,,
Clayton Tune,,0,QB,QB2,4600,ARI,@ PIT,11,17.5,2.2,0,2.6,0,0,0,0,0,0,0,0,0,0,0,0,0,0,0,0,0,0,0,0,0,0,0,0,0,0,0,0,0,100,,15,0,25,27,27,42,231,231,5.25,3,15.5,0.5,1.75,,30.1,1.5,7.25,0.25,,,,,,,,,,,
Andy Dalton,,0,QB,QB2,4600,CAR,@ TB,19,16.75,7.7,13.4,13.3,0,0,0,0,0,0,0,0,0,0,0,0,0,0,0,0,0,0,0,0,0,0,0,0,0,0,0,0,0,100,,52,0,25,27,27,42,231,231,32.14,20.26,228.38,0.75,2.18,1.41,89.11,2.57,8.19,0.11,0.02,0.02,-0.07,,,,,,,,
Kyle Trask,,0,QB,QB2,4600,TB,vs CAR,2,19.75,0.5,0.9,-0.1,0,0,0,0,0,0,0,0,0,0,0,0,0,0,0,0,0,0,0,0,0,0,0,0,0,0,0,0,0,100,,0,0,25,27,27,42,231,231,3.33,1,7.67,,,,14.83,0.33,-0.33,,,,,,,,,,,,
Ryan Tannehill,,0,QB,QB2,4600,TEN,vs IND,16,20.75,7.5,14.4,9.5,0,0,0,0,0,0,0,0,0,0,0,0,0,0,0,0,0,0,0,0,0,0,0,0,0,0,0,0,0,100,,56,0,25,27,27,42,231,231,28.91,18.89,220.3,0.69,2.5,1.47,96.07,2.88,12.5,0.22,0.03,0.03,0.11,0.01,,,,,,,
Mike White,,0,QB,QB2,4600,MIA,@ WAS,32,29.25,10.3,16.9,1.7,0,0,0,0,0,0,0,0,0,0,0,0,0,0,0,0,0,0,0,0,0,0,0,0,0,0,0,0,0,100,,11,0,25,27,27,42,231,231,28.18,17.55,201.09,1.18,1.18,0.82,58.15,1.45,0.09,0.09,,,,,,,,,,,
Jeff Wilson,,0,RB,RB3,4600,MIA,@ WAS,8,29.25,8.3,10.4,6.1,0,0,0,0,0,0,0,0,0,0,0,0,0,0,0,0,0,0,0,0,0,0,0,0,0,0,0,0,0,100,,11,0,29,54,54,42,231,231,,,,,,,,9.28,41.75,0.34,1.96,1.26,10.72,0.09,,,,,,,
Drew Lock,,0,QB,QB2,4600,SEA,@ DAL,13,19.25,8.9,0,1.4,0,0,0,0,0,0,0,0,0,0,0,0,0,0,0,0,0,0,0,0,0,0,0,0,0,0,0,0,0,100,,32,0,25,27,27,42,231,231,27.77,16.35,184.85,0.81,1.27,0.96,73.93,2.81,11.38,0.19,0.04,0.04,0.04,,,,,,,,
C.J. Beathard,,0,QB,QB2,4600,JAC,vs CIN,26,24,8.8,0,0.1,0,0,0,0,0,0,0,0,0,0,0,0,0,0,0,0,0,0,0,0,0,0,0,0,0,0,0,0,0,100,,5,0,25,27,27,42,231,231,19.77,11.65,136.58,0.54,1.81,0.69,70.18,2.27,8.81,0.15,,,,,,,,,,,
Zach Wilson,,0,QB,QB3,4500,NYJ,vs ATL,22,16.25,6.1,12.5,11.4,0,0,0,0,0,0,0,0,0,0,0,0,0,0,0,0,0,0,0,0,0,0,0,0,0,0,0,0,0,100,,50,0,26,27,27,43,231,231,29.56,16.72,186.44,0.78,3.28,0.66,71.72,2.81,15.19,0.16,0.06,0.03,0.06,0.03,,,,,,,
Trevor Siemian,,0,QB,QB2,4500,NYJ,vs ATL,22,16.25,8,5.6,0,0,0,0,0,0,0,0,0,0,0,0,0,0,0,0,0,0,0,0,0,0,0,0,0,0,0,0,0,0,100,,39,0,26,27,27,43,231,231,30.14,17.74,200.77,0.8,2.2,1.2,80.29,2.09,6.03,0.06,,,,,,,,,,,
Sam Ehlinger,,0,QB,QB2,4500,IND,@ TEN,10,21.75,5.6,9.9,0,0,0,0,0,0,0,0,0,0,0,0,0,0,0,0,0,0,0,0,0,0,0,0,0,0,0,0,0,0,100,,3,0,26,27,27,43,231,231,14.43,9.14,81.86,0.43,2,0.43,45.71,2.86,13.71,,,,,,,,,,,,
Jacoby Brissett,,0,QB,QB2,4500,WAS,vs MIA,28,20.25,8.4,13,0,0,0,0,0,0,0,0,0,0,0,0,0,0,0,0,0,0,0,0,0,0,0,0,0,0,0,0,0,0,100,,20,0,26,27,27,43,231,231,21.6,13.19,141.78,0.32,1.77,0.66,67.08,3.12,12.27,0.21,0.01,0.01,0.03,,,,,,,,
Davis Mills,,0,QB,QB2,4500,HOU,vs DEN,15,25.25,7.9,13.7,0.1,0,0,0,0,0,0,0,0,0,0,0,0,0,0,0,0,0,0,0,0,0,0,0,0,0,0,0,0,0,100,,41,0,26,27,27,43,231,231,30.14,19.17,199.45,0.86,2.14,1.14,83.16,1.72,5.24,0.07,,,,,,,,,,,
Cooper Rush,,0,QB,QB2,4500,DAL,vs SEA,7,28.25,6.5,7.5,0.5,0,0,0,0,0,0,0,0,0,0,0,0,0,0,0,0,0,0,0,0,0,0,0,0,0,0,0,0,0,100,,0,0,26,27,27,43,231,231,11.6,7,79.45,0.25,0.55,0.4,78.92,1.6,0.3,,,,,,,,,,,,
Sean Clifford,,0,QB,QB2,4500,GB,vs KC,14,18.25,0,0,0,0,0,0,0,0,0,0,0,0,0,0,0,0,0,0,0,0,0,0,0,0,0,0,0,0,0,0,0,0,100,,0,0,26,27,27,43,231,231,,,,,,,,1,,,,,,,,,,,,,
Tanner McKee,,0,QB,QB3,4500,PHI,vs SF,12,22.25,,,,0,0,0,0,0,0,0,0,0,0,0,0,0,0,0,0,0,0,0,0,0,0,0,0,0,,0,0,0,100,,0,0,26,27,27,43,231,231,,,,,,,,,,,,,,,,,,,,,
Jordan Mason,!,0,RB,RB3,4500,SF,@ PHI,15,25.25,3.6,4,2.6,0,0,0,0,0,0,0,0,0,0,0,0,0,0,0,0,0,0,0,0,0,0,0,0,0,0,0,0,0,100,,0,0,30,54,54,43,231,231,,,,,,,,3.56,20.83,0.17,0.11,0.06,0.72,,,,,,,,
Malik Cunningham,,0,QB,QB3,4400,NE,vs LAC,20,17.25,0,0,0,0,0,0,0,0,0,0,0,0,0,0,0,0,0,0,0,0,0,0,0,0,0,0,0,0,0,0,0,0,100,,0,0,27,27,27,44,231,231,,,,,1,,,,,,,,,,,,,,,,
Carson Wentz,,0,QB,QB2,4400,LAR,vs CLE,3,21.75,7.3,16.5,0,0,0,0,0,0,0,0,0,0,0,0,0,0,0,0,0,0,0,0,0,0,0,0,0,0,0,0,0,0,100,,60,0,27,27,27,44,231,231,34.98,21.88,235.45,0.7,2.53,1.61,89.27,3.59,14.49,0.11,0.02,0.02,0.12,,,,,,,,
Michael Carter,,0,RB,RB3,4200,ARI,@ PIT,5,17.5,6.5,7.9,3.3,0,0,0,0,0,0,0,0,0,0,0,0,0,0,0,0,0,0,0,0,0,0,0,0,0,0,0,0,0,100,,19,0,33,54,54,46,231,231,,,,,,,,6.83,27.45,0.18,3.33,2.4,17.4,,,,,,,,
Cordarrelle Patterson,,0,RB,RB3,4100,ATL,@ NYJ,30,17.25,6.9,12.4,2.7,0,0,0,0,0,0,0,0,0,0,0,0,0,0,0,0,0,0,0,0,0,0,0,0,0,0,0,0,0,100,,0,0,34,54,54,47,231,231,0.01,,,,,,0.31,3.62,16.85,0.14,2.24,1.67,14.94,0.08,,,,,,,
Chris Rodriguez Jr.,,0,RB,RB3,4100,WAS,vs MIA,6,20.25,1.6,0,2.5,0,0,0,0,0,0,0,0,0,0,0,0,0,0,0,0,0,0,0,0,0,0,0,0,0,0,0,0,0,100,,36,0,34,54,54,47,231,231,,,,,,,,4.2,23.6,,0.2,0.2,1,,,,,,,,
Kenny McIntosh,,0,RB,RB3,4000,SEA,@ DAL,12,19.25,,,,0,0,0,0,0,0,0,0,0,0,0,0,0,0,0,0,0,0,0,0,0,0,0,0,0,,0,0,0,100,,0,0,35,54,54,48,231,231,,,,,,,,,,,,,,,,,,,,,
Hunter Luepke,,0,RB,FB1,4000,DAL,vs SEA,19,28.25,2.3,0,1.5,0,0,0,0,0,0,0,0,0,0,0,0,0,0,0,0,0,0,0,0,0,0,0,0,0,0,0,0,0,100,,0,0,35,54,54,48,231,231,,,,,,,,0.43,1.86,0.14,0.43,0.29,1.43,,,,,,,,
Deneric Prince,,0,RB,RB3,4000,KC,@ GB,20,24.25,,,,0,0,0,0,0,0,0,0,0,0,0,0,0,0,0,0,0,0,0,0,0,0,0,0,0,,0,0,0,100,,0,0,35,54,54,48,231,231,,,,,,,,,,,,,,,,,,,,,
James Robinson,,0,RB,RB3,4000,GB,vs KC,18,18.25,9.1,8.3,0,0,0,0,0,0,0,0,0,0,0,0,0,0,0,0,0,0,0,0,0,0,0,0,0,0,0,0,0,0,100,,34,0,35,54,54,48,231,231,,,,,0.03,,,13.18,58,0.46,3.08,2.33,15.82,0.13,,,,,,,
Henry Pearson,,0,RB,RB1,4000,GB,vs KC,18,18.25,0,0,0,0,0,0,0,0,0,0,0,0,0,0,0,0,0,0,0,0,0,0,0,0,0,0,0,0,0,0,0,0,100,,0,0,35,54,54,48,231,231,,,,,,,,,,,,,,,,,,,,,
Chase Brown,,0,RB,RB3,4000,CIN,@ JAC,4,15,0.8,0,0.7,0,0,0,0,0,0,0,0,0,0,0,0,0,0,0,0,0,0,0,0,0,0,0,0,0,0,0,0,0,100,,0,0,35,54,54,48,231,231,,,,,,,,0.33,1,,0.5,0.5,1.17,,,,,,,,
Chris Evans,,0,RB,RB4,4000,CIN,@ JAC,4,15,4.6,1.4,0.7,0,0,0,0,0,0,0,0,0,0,0,0,0,0,0,0,0,0,0,0,0,0,0,0,0,0,0,0,0,100,,0,0,35,54,54,48,231,231,,,,,,,,0.9,4.24,,1.05,0.9,8.95,0.14,,,,,,,
Tank Bigsby,,0,RB,RB3,4000,JAC,vs CIN,26,24,2.4,0,2,0,0,0,0,0,0,0,0,0,0,0,0,0,0,0,0,0,0,0,0,0,0,0,0,0,0,0,0,0,100,,0,0,35,54,54,48,231,231,,,,,,,,3.6,8.6,0.2,0.4,0.1,0.6,,,,,,,,
Brandon Allen,,0,QB,QB3,4000,SF,@ PHI,21,25.25,7.7,0.8,0,0,0,0,0,0,0,0,0,0,0,0,0,0,0,0,0,0,0,0,0,0,0,0,0,0,0,0,0,0,100,,0,0,28,27,27,48,231,231,18.79,10.64,115.07,0.43,1.5,0.71,74.05,2.36,4.57,,0.07,,,,,,,,,,
Tyrion Davis-Price,,0,RB,RB4,4000,SF,@ PHI,15,25.25,1.2,2,2.1,0,0,0,0,0,0,0,0,0,0,0,0,0,0,0,0,0,0,0,0,0,0,0,0,0,0,0,0,0,100,,40,0,35,54,54,48,231,231,,,,,,,,6.67,20,,0.33,,,,,,,,,,
Kyle Juszczyk,,0,RB,FB1,4000,SF,@ PHI,15,25.25,3.9,4.1,3.9,0,0,0,0,0,0,0,0,0,0,0,0,0,0,0,0,0,0,0,0,0,0,0,0,0,0,0,0,0,100,,20,0,35,54,54,48,231,231,,,,,,,,,,,,,,,,,,,,,
Rashaad Penny,,0,RB,RB4,4000,PHI,vs SF,9,22.25,9.9,11,1.6,0,0,0,0,0,0,0,0,0,0,0,0,0,0,0,0,0,0,0,0,0,0,0,0,0,0,0,0,0,100,,0,0,35,54,54,48,231,231,,,,,,,,8.14,46.07,0.31,0.88,0.67,5.4,0.02,,,,,,,
Boston Scott,,0,RB,RB3,4000,PHI,vs SF,9,22.25,7.1,3.1,1.7,0,0,0,0,0,0,0,0,0,0,0,0,0,0,0,0,0,0,0,0,0,0,0,0,0,0,0,0,0,100,,0,0,35,54,54,48,231,231,,,,,,,,5,21.68,0.27,1.52,1.22,9.37,0.02,,,,,,,
Isaiah Spiller,,0,RB,RB3,4000,LAC,@ NE,10,22.25,1.7,1.7,1.5,0,0,0,0,0,0,0,0,0,0,0,0,0,0,0,0,0,0,0,0,0,0,0,0,0,0,0,0,0,100,,0,0,35,54,54,48,231,231,,,,,,,,3,6.8,,0.6,0.6,3.3,,,,,,,,
JaMycal Hasty,,0,RB,RB4,4000,NE,vs LAC,17,17.25,4.8,5,0,0,0,0,0,0,0,0,0,0,0,0,0,0,0,0,0,0,0,0,0,0,0,0,0,0,0,0,0,0,100,,0,0,35,54,54,48,231,231,,,,,,,,3.16,12.81,0.13,2.03,1.56,9.88,0.03,,,,,,,
Jake Haener,,0,QB,QB4,4000,NO,vs DET,31,21.5,,,,0,0,0,0,0,0,0,0,0,0,0,0,0,0,0,0,0,0,0,0,0,0,0,0,0,,0,0,0,100,,0,0,28,27,27,48,231,231,,,,,,,,,,,,,,,,,,,,,
Adam Prentice,,0,RB,FB1,4000,NO,vs DET,11,21.5,0.7,0.8,0.3,0,0,0,0,0,0,0,0,0,0,0,0,0,0,0,0,0,0,0,0,0,0,0,0,0,0,0,0,0,100,,13,0,35,54,54,48,231,231,,,,,,,,,,,,,,,,,,,,,
Craig Reynolds,,0,RB,RB3,4000,DET,@ NO,22,25.5,4.6,5.1,4,0,0,0,0,0,0,0,0,0,0,0,0,0,0,0,0,0,0,0,0,0,0,0,0,0,0,0,0,0,100,,10,0,35,54,54,48,231,231,,,,,,,,6,25.75,0.05,1.2,1.1,10.9,,,,,,,,
Logan Woodside,,0,QB,QB3,4000,ATL,@ NYJ,1,17.25,0.6,0,0,0,0,0,0,0,0,0,0,0,0,0,0,0,0,0,0,0,0,0,0,0,0,0,0,0,0,0,0,0,100,,0,0,28,27,27,48,231,231,0.33,0.11,0.78,,,,15.04,1.44,0.44,,,,,,,,,,,,
Israel Abanikanda,!,0,RB,RB3,4000,NYJ,vs ATL,13,16.25,0,0,2.6,0,0,0,0,0,0,0,0,0,0,0,0,0,0,0,0,0,0,0,0,0,0,0,0,0,0,0,0,0,100,,0,0,35,54,54,48,231,231,,,,,,,,1,11,,2,1,5,,,,,,,,
Nick Bawden,,0,RB,FB1,4000,NYJ,vs ATL,13,16.25,1.6,0,3.1,0,0,0,0,0,0,0,0,0,0,0,0,0,0,0,0,0,0,0,0,0,0,0,0,0,0,0,0,0,100,,20,0,35,54,54,48,231,231,,,,,,,,0.11,0.11,0.11,1,0.78,5.56,,,,,,,,
Keith Smith,,0,RB,FB1,4000,ATL,@ NYJ,30,17.25,1.1,0.2,0.8,0,0,0,0,0,0,0,0,0,0,0,0,0,0,0,0,0,0,0,0,0,0,0,0,0,0,0,0,0,100,,0,0,35,54,54,48,231,231,,,,,,,,,,,,,,,,,,,,,
Mason Rudolph,,0,QB,QB3,4000,PIT,vs ARI,29,23.5,6.9,0,0,0,0,0,0,0,0,0,0,0,0,0,0,0,0,0,0,0,0,0,0,0,0,0,0,0,0,0,0,0,100,,31,0,28,27,27,48,231,231,24,14.75,147.88,0.69,1,1,77.11,2.06,5.63,,,,,,,,,,,,
Godwin Igwebuike,,0,RB,RB3,4000,PIT,vs ARI,29,23.5,0.6,0.3,0,0,0,0,0,0,0,0,0,0,0,0,0,0,0,0,0,0,0,0,0,0,0,0,0,0,0,0,0,0,100,,0,0,35,54,54,48,231,231,,,,,,,,0.38,0.5,,0.13,0.13,0.38,,,,,,,,
Anthony McFarland,,0,RB,RB4,4000,PIT,vs ARI,29,23.5,1.9,6.1,1,0,0,0,0,0,0,0,0,0,0,0,0,0,0,0,0,0,0,0,0,0,0,0,0,0,0,0,0,0,100,,5,0,35,54,54,48,231,231,,,,,,,,2.47,8.59,,0.88,0.65,5.12,,,,,,,,
John Wolford,,0,QB,QB3,4000,TB,vs CAR,2,19.75,5.9,9.4,0,0,0,0,0,0,0,0,0,0,0,0,0,0,0,0,0,0,0,0,0,0,0,0,0,0,0,0,0,0,100,,6,0,28,27,27,48,231,231,20.8,12.2,125.2,1,2,0.2,48.84,3.2,17.4,,,,,,,,,,,,
Raheem Blackshear,,0,RB,RB3,4000,CAR,@ TB,2,16.75,4.5,4.4,2.4,0,0,0,0,0,0,0,0,0,0,0,0,0,0,0,0,0,0,0,0,0,0,0,0,0,0,0,0,0,100,,0,0,35,54,54,48,231,231,,,,,,,,2.27,7.13,0.2,1.13,1,8.93,,,,,,,,
Sean Tucker,,0,RB,RB3,4000,TB,vs CAR,24,19.75,1.9,0,1.7,0,0,0,0,0,0,0,0,0,0,0,0,0,0,0,0,0,0,0,0,0,0,0,0,0,0,0,0,0,100,,0,0,35,54,54,48,231,231,,,,,,,,5,7.67,,0.67,0.67,3,,,,,,,,
Ke'Shawn Vaughn,,0,RB,RB4,4000,TB,vs CAR,24,19.75,3.9,1.7,1.3,0,0,0,0,0,0,0,0,0,0,0,0,0,0,0,0,0,0,0,0,0,0,0,0,0,0,0,0,0,100,,0,0,35,54,54,48,231,231,,,,,,,,4.48,16.7,0.09,1.17,0.61,3.52,0.04,,,,,,,
Malik Willis,,0,QB,QB3,4000,TEN,vs IND,16,20.75,4.1,3.5,2,0,0,0,0,0,0,0,0,0,0,0,0,0,0,0,0,0,0,0,0,0,0,0,0,0,0,0,0,0,100,,0,0,28,27,27,48,231,231,7.33,3.89,38.89,0.33,0.44,,14.49,3.56,16,0.11,,,,,,,,,,,
Tyler Goodson,,0,RB,RB3,4000,IND,@ TEN,21,21.75,,,,0,0,0,0,0,0,0,0,0,0,0,0,0,0,0,0,0,0,0,0,0,0,0,0,0,,0,0,0,100,,0,0,35,54,54,48,231,231,,,,,,,,,,,,,,,,,,,,,
Skylar Thompson,,0,QB,QB3,4000,MIA,@ WAS,32,29.25,3.1,3.2,0,0,0,0,0,0,0,0,0,0,0,0,0,0,0,0,0,0,0,0,0,0,0,0,0,0,0,0,0,0,100,,3,0,28,27,27,48,231,231,15,8.57,76.29,0.43,,0.14,,2,3,,,,,,,,,,,,
Alex Armah,,0,RB,FB1,4000,WAS,vs MIA,6,20.25,1.5,0,0.8,0,0,0,0,0,0,0,0,0,0,0,0,0,0,0,0,0,0,0,0,0,0,0,0,0,0,0,0,0,100,,0,0,35,54,54,48,231,231,,,,,,,,0.46,1.25,,0.5,0.33,0.92,0.04,,,,,,,
Alec Ingold,,0,RB,FB1,4000,MIA,@ WAS,8,29.25,3,3.2,2.6,0,0,0,0,0,0,0,0,0,0,0,0,0,0,0,0,0,0,0,0,0,0,0,0,0,0,0,0,0,100,,0,0,35,54,54,48,231,231,,,,,,,,,,,,,,,,,,,,,
Ben DiNucci,,0,QB,QB3,4000,DEN,@ HOU,27,22.25,2.9,0,0,0,0,0,0,0,0,0,0,0,0,0,0,0,0,0,0,0,0,0,0,0,0,0,0,0,0,0,0,0,100,,0,0,28,27,27,48,231,231,21.5,11.5,109.5,,3.5,,87.15,3,11,,,,,,,,,,,,
Case Keenum,,0,QB,QB3,4000,HOU,vs DEN,15,25.25,8.4,0.2,0,0,0,0,0,0,0,0,0,0,0,0,0,0,0,0,0,0,0,0,0,0,0,0,0,0,0,0,0,0,100,,36,0,28,27,27,48,231,231,29.42,18.75,202.98,0.67,1.68,1.07,81.91,1.88,5.7,0.08,,,,,,,,,,,
Jaleel McLaughlin,,0,RB,RB3,4000,DEN,@ HOU,14,22.25,6.1,0,6.7,0,0,0,0,0,0,0,0,0,0,0,0,0,0,0,0,0,0,0,0,0,0,0,0,0,0,0,0,0,100,,9,0,35,54,54,48,231,231,,,,,,,,4.27,25.55,0.09,1.91,1.73,7.55,0.18,,,,,,,
Dwayne Washington,,0,RB,RB4,4000,DEN,@ HOU,14,22.25,2.7,0.9,0,0,0,0,0,0,0,0,0,0,0,0,0,0,0,0,0,0,0,0,0,0,0,0,0,0,0,0,0,0,100,,0,0,35,54,54,48,231,231,,,,,,,,3.5,12.33,0.02,0.44,0.33,2.1,,,,,,,,
Michael Burton,,0,RB,FB1,4000,DEN,@ HOU,14,22.25,1.9,0.3,0.6,0,0,0,0,0,0,0,0,0,0,0,0,0,0,0,0,0,0,0,0,0,0,0,0,0,0,0,0,0,100,,0,0,35,54,54,48,231,231,,,,,,,,,,,,,,,,,,,,,
Mike Boone,,0,RB,RB3,4000,HOU,vs DEN,27,25.25,5,3.6,1.5,0,0,0,0,0,0,0,0,0,0,0,0,0,0,0,0,0,0,0,0,0,0,0,0,0,0,0,0,0,100,,0,0,35,54,54,48,231,231,,,,,,,,2.54,13.15,0.1,0.85,0.61,4.54,,,,,,,,
Dare Ogunbowale,,0,RB,RB4,4000,HOU,vs DEN,27,25.25,4,3.2,1.1,0,0,0,0,0,0,0,0,0,0,0,0,0,0,0,0,0,0,0,0,0,0,0,0,0,0,0,0,0,100,,0,0,35,54,54,48,231,231,,,,,,,,2.24,7.34,0.07,1.95,1.34,9.62,0.02,,,,,,,
Andrew Beck,,0,RB,FB1,4000,HOU,vs DEN,27,25.25,2.3,1.3,1.5,0,0,0,0,0,0,0,0,0,0,0,0,0,0,0,0,0,0,0,0,0,0,0,0,0,0,0,0,0,100,,0,0,35,54,54,48,231,231,,,,,,,,,,,,,,,,,,,,,
Zach Evans,,0,RB,RB3,4000,LAR,vs CLE,25,21.75,0.4,0,0.5,0,0,0,0,0,0,0,0,0,0,0,0,0,0,0,0,0,0,0,0,0,0,0,0,0,0,0,0,0,100,,20,0,35,54,54,48,231,231,,,,,,,,2.67,5.33,,,,,,,,,,,,
Pierre Strong,,0,RB,RB3,4000,CLE,@ LAR,16,18.75,4.5,6.8,2.8,0,0,0,0,0,0,0,0,0,0,0,0,0,0,0,0,0,0,0,0,0,0,0,0,0,0,0,0,0,100,,0,0,35,54,54,48,231,231,,,,,,,,3.21,18.07,0.14,0.79,0.71,5.71,,,,,,,,
Kadarius Toney,,0,WR,WR5,3200,KC,@ GB,12,24.25,6.8,6.5,4.3,0,0,0,0,0,0,0,0,0,0,0,0,0,0,0,0,0,0,0,0,0,0,0,0,0,0,0,0,0,100,,0,0,50,101,101,56,231,231,0.14,0.04,0.68,,0.04,,7.15,0.64,3.46,0.04,3.82,2.75,26.07,0.11,,,,,,,
Jamison Crowder,,0,WR,WR5,3100,WAS,vs MIA,20,20.25,7.9,3,3.3,0,0,0,0,0,0,0,0,0,0,0,0,0,0,0,0,0,0,0,0,0,0,0,0,0,0,0,0,0,100,,23,0,51,101,101,57,231,231,0.03,0.01,0.38,,0.01,0.01,2.12,0.15,0.73,,5.78,3.87,43.16,0.26,,,,,,,
Scotty Miller,,0,WR,WR5,3000,ATL,@ NYJ,25,17.25,5.5,3.5,3.5,0,0,0,0,0,0,0,0,0,0,0,0,0,0,0,0,0,0,0,0,0,0,0,0,0,0,0,0,0,100,,0,0,52,101,101,58,231,231,,,,,,,,0.16,1.65,0.02,2.84,1.67,20.49,0.12,,,,,,,
Randall Cobb,,0,WR,WR5,3000,NYJ,vs ATL,2,16.25,7.5,6.3,1.2,0,0,0,0,0,0,0,0,0,0,0,0,0,0,0,0,0,0,0,0,0,0,0,0,0,0,0,0,0,100,,26,0,52,101,101,58,231,231,0.03,0.01,0.09,,,,1.34,0.37,1.21,,5.63,3.77,43.34,0.29,,,,,,,
Irvin Charles,,0,WR,WR6,3000,NYJ,vs ATL,2,16.25,0,0,0,0,0,0,0,0,0,0,0,0,0,0,0,0,0,0,0,0,0,0,0,0,0,0,0,0,0,0,0,0,100,,0,0,52,101,101,58,231,231,,,,,,,,,,,,,,,,,,,,,
Miles Boykin,,0,WR,WR5,3000,PIT,vs ARI,1,23.5,3.7,0.3,0.6,0,0,0,0,0,0,0,0,0,0,0,0,0,0,0,0,0,0,0,0,0,0,0,0,0,0,0,0,0,100,,0,0,52,101,101,58,231,231,,,,,,,,,,,1.6,0.93,12.05,0.16,,,,,,,
Dan Chisena,,0,WR,WR5,3000,ARI,@ PIT,27,17.5,0,0,0,0,0,0,0,0,0,0,0,0,0,0,0,0,0,0,0,0,0,0,0,0,0,0,0,0,0,0,0,0,100,,0,0,52,101,101,58,231,231,,,,,,,,,,,,,,,,,,,,,
Terrace Marshall Jr.,,0,WR,WR5,3000,CAR,@ TB,30,16.75,4.1,6.4,4.5,0,0,0,0,0,0,0,0,0,0,0,0,0,0,0,0,0,0,0,0,0,0,0,0,0,0,0,0,0,100,,11,0,52,101,101,58,231,231,,,,,,,,,,,3.41,1.97,23.81,0.03,,,,,,,
Mike Strachan,,0,WR,WR6,3000,CAR,@ TB,30,16.75,2.5,1.8,5.5,0,0,0,0,0,0,0,0,0,0,0,0,0,0,0,0,0,0,0,0,0,0,0,0,0,0,0,0,0,100,,0,0,52,101,101,58,231,231,,,,,,,,,,,1.75,0.75,16.25,,,,,,,,
David Moore,,0,WR,WR5,3000,TB,vs CAR,5,19.75,6.1,0,0,0,0,0,0,0,0,0,0,0,0,0,0,0,0,0,0,0,0,0,0,0,0,0,0,0,0,0,0,0,100,,2,0,52,101,101,58,231,231,,,,,,,,0.28,2.06,,3,1.7,25.96,0.28,,,,,,,
Ryan Miller,,0,WR,WR6,3000,TB,vs CAR,5,19.75,,,,0,0,0,0,0,0,0,0,0,0,0,0,0,0,0,0,0,0,0,0,0,0,0,0,0,,0,0,0,100,,0,0,52,101,101,58,231,231,,,,,,,,,,,,,,,,,,,,,
D.J. Montgomery,,0,WR,WR6,3000,IND,@ TEN,31,21.75,3.3,0,0,0,0,0,0,0,0,0,0,0,0,0,0,0,0,0,0,0,0,0,0,0,0,0,0,0,0,0,0,0,100,,0,0,52,101,101,58,231,231,,,,,,,,,,,3,1.5,18,,,,,,,,
Juwann Winfree,,0,WR,WR5,3000,IND,@ TEN,31,21.75,2.3,0.9,0,0,0,0,0,0,0,0,0,0,0,0,0,0,0,0,0,0,0,0,0,0,0,0,0,0,0,0,0,0,100,,0,0,52,101,101,58,231,231,,,,,,,,,,,2,1,8.33,,,,,,,,
Kyle Philips,,0,WR,WR5,3000,TEN,vs IND,14,20.75,4.3,3.5,4.1,0,0,0,0,0,0,0,0,0,0,0,0,0,0,0,0,0,0,0,0,0,0,0,0,0,0,0,0,0,100,,0,0,52,101,101,58,231,231,,,,,,,,,,,2.91,1.91,22.18,,,,,,,,
Colton Dowell,,0,WR,WR6,3000,TEN,vs IND,14,20.75,0,0,0,0,0,0,0,0,0,0,0,0,0,0,0,0,0,0,0,0,0,0,0,0,0,0,0,0,0,0,0,0,100,,0,0,52,101,101,58,231,231,,,,,,,,,,,0.5,,,,,,,,,,
Dyami Brown,,0,WR,WR6,3000,WAS,vs MIA,20,20.25,5.3,4,2.8,0,0,0,0,0,0,0,0,0,0,0,0,0,0,0,0,0,0,0,0,0,0,0,0,0,0,0,0,0,100,,0,0,52,101,101,58,231,231,,,,,,,,0.1,0.35,,1.94,0.9,15.35,0.1,,,,,,,
Mitchell Tinsley,,0,WR,WR7,3000,WAS,vs MIA,20,20.25,,,,0,0,0,0,0,0,0,0,0,0,0,0,0,0,0,0,0,0,0,0,0,0,0,0,0,,0,0,0,100,,0,0,52,101,101,58,231,231,,,,,,,,,,,,,,,,,,,,,
River Cracraft,,0,WR,WR5,3000,MIA,@ WAS,32,29.25,3.5,3.9,6.9,0,0,0,0,0,0,0,0,0,0,0,0,0,0,0,0,0,0,0,0,0,0,0,0,0,0,0,0,0,100,,0,0,52,101,101,58,231,231,,,,,,,,,,,1.32,0.88,10.96,0.12,,,,,,,
Chase Claypool,,0,WR,WR6,3000,MIA,@ WAS,32,29.25,8.4,7.1,2.9,0,0,0,0,0,0,0,0,0,0,0,0,0,0,0,0,0,0,0,0,0,0,0,0,0,0,0,0,0,100,,15,0,52,101,101,58,231,231,0.02,0.02,0.02,,,0.02,2.28,0.63,3.29,0.04,5.94,3.31,43.27,0.25,,,,,,,
Chosen Anderson,,0,WR,WR7,3000,MIA,@ WAS,32,29.25,8,4.7,6.6,0,0,0,0,0,0,0,0,0,0,0,0,0,0,0,0,0,0,0,0,0,0,0,0,0,0,0,0,0,100,,22,0,52,101,101,58,231,231,,,,,,,,0.15,0.91,,6.26,3.5,46.87,0.28,,,,,,,
Brandon Johnson,,0,WR,WR5,3000,DEN,@ HOU,13,22.25,5.9,3,6.4,0,0,0,0,0,0,0,0,0,0,0,0,0,0,0,0,0,0,0,0,0,0,0,0,0,0,0,0,0,100,,0,0,52,101,101,58,231,231,,,,,,,,,,,2.45,1.27,14.91,0.36,,,,,,,
Cody Thompson,,0,WR,WR5,3000,SEA,@ DAL,9,19.25,0.9,0,1,0,0,0,0,0,0,0,0,0,0,0,0,0,0,0,0,0,0,0,0,0,0,0,0,0,0,0,0,0,100,,0,0,52,101,101,58,231,231,,,,,,,,,,,0.25,0.25,2.5,,,,,,,,
John Metchie III,,0,WR,WR5,3000,HOU,vs DEN,10,25.25,0.9,0,3,0,0,0,0,0,0,0,0,0,0,0,0,0,0,0,0,0,0,0,0,0,0,0,0,0,0,0,0,0,100,,70,0,52,101,101,58,231,231,,,,,,,,,,,1.63,1.38,16.13,,,,,,,,
Xavier Hutchinson,,0,WR,WR6,3000,HOU,vs DEN,10,25.25,1.4,0,1.5,0,0,0,0,0,0,0,0,0,0,0,0,0,0,0,0,0,0,0,0,0,0,0,0,0,0,0,0,0,100,,7,0,52,101,101,58,231,231,,,,,,,,0.57,6.29,,0.57,0.29,6.14,,,,,,,,
KaVontae Turpin,,0,WR,WR5,3000,DAL,vs SEA,28,28.25,3.9,0.2,5.3,0,0,0,0,0,0,0,0,0,0,0,0,0,0,0,0,0,0,0,0,0,0,0,0,0,0,0,0,0,100,,0,0,52,101,101,58,231,231,,,,,,,,0.61,5.33,0.06,0.83,0.61,6.78,0.17,,,,,,,
Austin Trammell,,0,WR,WR6,3000,LAR,vs CLE,8,21.75,1.6,1.6,0.7,0,0,0,0,0,0,0,0,0,0,0,0,0,0,0,0,0,0,0,0,0,0,0,0,0,0,0,0,0,100,,0,0,52,101,101,58,231,231,,,,,,,,,,,1,0.55,3.82,,,,,,,,
Richie James,,0,WR,WR6,3000,KC,@ GB,12,24.25,6.8,8.5,0.2,0,0,0,0,0,0,0,0,0,0,0,0,0,0,0,0,0,0,0,0,0,0,0,0,0,0,0,0,0,100,,0,0,52,101,101,58,231,231,,,,,,,,0.07,0.08,,2.22,1.6,21.07,0.12,,,,,,,
Ben Skowronek,,0,WR,WR5,3000,LAR,vs CLE,8,21.75,4.4,6,1.8,0,0,0,0,0,0,0,0,0,0,0,0,0,0,0,0,0,0,0,0,0,0,0,0,0,0,0,0,0,100,,0,0,52,101,101,58,231,231,,,,,,,,0.09,0.76,0.03,2.59,1.59,15.91,0.03,,,,,,,
James Proche,,0,WR,WR5,3000,CLE,@ LAR,18,18.75,3.4,1.5,-0.2,0,0,0,0,0,0,0,0,0,0,0,0,0,0,0,0,0,0,0,0,0,0,0,0,0,0,0,0,0,100,,0,0,52,101,101,58,231,231,0.03,,,0.03,,,,,,,1.24,0.76,8.42,,,,,,,,
Malik Heath,,0,WR,WR5,3000,GB,vs KC,16,18.25,3.1,0,1.7,0,0,0,0,0,0,0,0,0,0,0,0,0,0,0,0,0,0,0,0,0,0,0,0,0,0,0,0,0,100,,0,0,52,101,101,58,231,231,,,,,,,,,,,1.67,0.83,8.83,,,,,,,,
Samori Toure,,0,WR,WR6,3000,GB,vs KC,16,18.25,2.9,4.8,2.6,0,0,0,0,0,0,0,0,0,0,0,0,0,0,0,0,0,0,0,0,0,0,0,0,0,0,0,0,0,100,,19,0,52,101,101,58,231,231,,,,,,,,,,,2.33,1.11,16,0.11,,,,,,,
Tucker Kraft,,0,TE,TE1,3000,GB,vs KC,16,18.25,3.2,0,2.3,0,0,0,0,0,0,0,0,0,0,0,0,0,0,0,0,0,0,0,0,0,0,0,0,0,0,0,0,0,100,,0,0,20,39,39,58,231,231,,,,,,,,,,,1.13,0.88,7.25,0.13,,,,,,,
Parker Washington,,0,WR,WR5,3000,JAC,vs CIN,7,24,0,0,0,0,0,0,0,0,0,0,0,0,0,0,0,0,0,0,0,0,0,0,0,0,0,0,0,0,0,0,0,0,100,,0,0,52,101,101,58,231,231,,,,,,,,,,,,,,,,,,,,,
Elijah Cooks,,0,WR,WR6,3000,JAC,vs CIN,7,24,,,,0,0,0,0,0,0,0,0,0,0,0,0,0,0,0,0,0,0,0,0,0,0,0,0,0,,0,0,0,100,,0,0,52,101,101,58,231,231,,,,,,,,,,,,,,,,,,,,,
Andrei Iosivas,,0,WR,WR5,3000,CIN,@ JAC,15,15,2.8,0,3,0,0,0,0,0,0,0,0,0,0,0,0,0,0,0,0,0,0,0,0,0,0,0,0,0,0,0,0,0,100,,7,0,52,101,101,58,231,231,,,,,,,,,,,1.14,0.71,5.57,0.29,,,,,,,
Charlie Jones,,0,WR,WR6,3000,CIN,@ JAC,15,15,0.6,0,0.3,0,0,0,0,0,0,0,0,0,0,0,0,0,0,0,0,0,0,0,0,0,0,0,0,0,0,0,0,0,100,,0,0,52,101,101,58,231,231,,,,,,,,,,,0.4,0.2,1.2,,,,,,,,
Ronnie Bell,,0,WR,WR5,3000,SF,@ PHI,26,25.25,3.7,0,2.5,0,0,0,0,0,0,0,0,0,0,0,0,0,0,0,0,0,0,0,0,0,0,0,0,0,0,0,0,0,100,,0,0,52,101,101,58,231,231,,,,,,,,,,,0.83,0.67,8.5,0.17,,,,,,,
Chris Conley,,0,WR,WR6,3000,SF,@ PHI,26,25.25,5.4,2.2,0,0,0,0,0,0,0,0,0,0,0,0,0,0,0,0,0,0,0,0,0,0,0,0,0,0,0,0,0,0,100,,16,0,52,101,101,58,231,231,,,,,,,,0.01,0.03,,3.95,2.34,30.35,0.17,,,,,,,
Quez Watkins,,0,WR,WR5,3000,PHI,vs SF,29,22.25,4.8,5,3.1,0,0,0,0,0,0,0,0,0,0,0,0,0,0,0,0,0,0,0,0,0,0,0,0,0,0,0,0,0,100,,19,0,52,101,101,58,231,231,,,,,,,,0.1,0.1,,3.25,2.18,28.2,0.13,,,,,,,
Britain Covey,,0,WR,WR6,3000,PHI,vs SF,29,22.25,0,0,0,0,0,0,0,0,0,0,0,0,0,0,0,0,0,0,0,0,0,0,0,0,0,0,0,0,0,0,0,0,100,,0,0,52,101,101,58,231,231,,,,,,,,,,,,,,,,,,,,,
Alex Erickson,,0,WR,WR5,3000,LAC,@ NE,22,22.25,4.1,0,2.5,0,0,0,0,0,0,0,0,0,0,0,0,0,0,0,0,0,0,0,0,0,0,0,0,0,0,0,0,0,100,,0,0,52,101,101,58,231,231,0.02,0.01,0.26,,,,2.31,0.18,0.77,,1.54,0.97,11.58,0.01,,,,,,,
Simi Fehoko,,0,WR,WR6,3000,LAC,@ NE,22,22.25,2.9,2.7,4,0,0,0,0,0,0,0,0,0,0,0,0,0,0,0,0,0,0,0,0,0,0,0,0,0,0,0,0,0,100,,12,0,52,101,101,58,231,231,,,,,,,,,,,1.5,1,8.25,0.25,,,,,,,
Matt Slater,,0,WR,WR5,3000,NE,vs LAC,17,17.25,0,0,0,0,0,0,0,0,0,0,0,0,0,0,0,0,0,0,0,0,0,0,0,0,0,0,0,0,0,0,0,0,100,,0,0,52,101,101,58,231,231,,,,,,,,,,,,,,,,,,,,,
Marquez Callaway,,0,WR,WR5,3000,NO,vs DET,11,21.5,5.8,3.8,0,0,0,0,0,0,0,0,0,0,0,0,0,0,0,0,0,0,0,0,0,0,0,0,0,0,0,0,0,0,100,,11,0,52,101,101,58,231,231,,,,,,,,,,,3.97,2.31,29.69,0.19,,,,,,,
Donovan Peoples-Jones,,0,WR,WR5,3000,DET,@ NO,23,25.5,6.8,10.1,2.2,0,0,0,0,0,0,0,0,0,0,0,0,0,0,0,0,0,0,0,0,0,0,0,0,0,0,0,0,0,100,,6,0,52,101,101,58,231,231,,,,,,,,0.02,0.04,,3.86,2.34,36.74,0.16,,,,,,,
Antoine Green,,0,WR,WR6,3000,DET,@ NO,23,25.5,0.6,0,0.6,0,0,0,0,0,0,0,0,0,0,0,0,0,0,0,0,0,0,0,0,0,0,0,0,0,0,0,0,0,100,,0,0,52,101,101,58,231,231,,,,,,,,,,,1,0.5,1,,,,,,,,
Luke Schoonmaker,,0,TE,TE2,2500,DAL,vs SEA,28,28.25,3.5,0,2.5,0,0,0,0,0,0,0,0,0,0,0,0,0,0,0,0,0,0,0,0,0,0,0,0,0,0,0,0,0,100,,0,0,25,39,39,63,231,231,,,,,,,,,,,1.44,0.67,5.44,0.22,,,,,,,
Will Dissly,,0,TE,TE3,2500,SEA,@ DAL,9,19.25,5.2,5.8,3,0,0,0,0,0,0,0,0,0,0,0,0,0,0,0,0,0,0,0,0,0,0,0,0,0,0,0,0,0,100,,5,0,25,39,39,63,231,231,,,,,,,,0.02,0.12,,2.45,2,22.62,0.2,,,,,,,
Brady Russell,,0,TE,TE4,2500,SEA,@ DAL,9,19.25,0,0,0,0,0,0,0,0,0,0,0,0,0,0,0,0,0,0,0,0,0,0,0,0,0,0,0,0,0,0,0,0,100,,0,0,25,39,39,63,231,231,,,,,,,,,,,,,,,,,,,,,
Sean McKeon,,0,TE,TE3,2500,DAL,vs SEA,28,28.25,2.2,1,0,0,0,0,0,0,0,0,0,0,0,0,0,0,0,0,0,0,0,0,0,0,0,0,0,0,0,0,0,0,100,,0,0,25,39,39,63,231,231,,,,,,,,,,,0.79,0.43,2.71,0.07,,,,,,,
Princeton Fant,,0,TE,TE4,2500,DAL,vs SEA,28,28.25,,,,0,0,0,0,0,0,0,0,0,0,0,0,0,0,0,0,0,0,0,0,0,0,0,0,0,,0,0,0,100,,0,0,25,39,39,63,231,231,,,,,,,,,,,,,,,,,,,,,
Blake Bell,,0,TE,TE3,2500,KC,@ GB,12,24.25,2.6,5,3.3,0,0,0,0,0,0,0,0,0,0,0,0,0,0,0,0,0,0,0,0,0,0,0,0,0,0,0,0,0,100,,0,0,25,39,39,63,231,231,,,,,,,,0.08,0.18,,1.55,1,10.36,0.05,,,,,,,
Josiah Deguara,!,0,TE,TE2,2500,GB,vs KC,16,18.25,3.6,2.7,2.1,0,0,0,0,0,0,0,0,0,0,0,0,0,0,0,0,0,0,0,0,0,0,0,0,0,0,0,0,0,100,,0,0,25,39,39,63,231,231,,,,,,,,,,,1.93,1.57,14.53,0.07,,,,,,,
Ben Sims,,0,TE,TE3,2500,GB,vs KC,16,18.25,0.9,0,1.1,0,0,0,0,0,0,0,0,0,0,0,0,0,0,0,0,0,0,0,0,0,0,0,0,0,0,0,0,0,100,,18,0,25,39,39,63,231,231,,,,,,,,,,,1,0.67,4.67,,,,,,,,
Brenton Strange,!,0,TE,TE3,2500,JAC,vs CIN,7,24,4.4,0,3.3,0,0,0,0,0,0,0,0,0,0,0,0,0,0,0,0,0,0,0,0,0,0,0,0,0,0,0,0,0,100,,0,0,25,39,39,63,231,231,,,,,,,,,,,1.75,1,8.5,0.25,,,,,,,
Drew Sample,,0,TE,TE3,2500,CIN,@ JAC,15,15,3.5,0.9,3.9,0,0,0,0,0,0,0,0,0,0,0,0,0,0,0,0,0,0,0,0,0,0,0,0,0,0,0,0,0,100,,3,0,25,39,39,63,231,231,,,,,,,,,,,2.31,1.77,13.85,0.08,,,,,,,
Mitchell Wilcox,,0,TE,TE4,2500,CIN,@ JAC,15,15,3.2,4.1,1,0,0,0,0,0,0,0,0,0,0,0,0,0,0,0,0,0,0,0,0,0,0,0,0,0,0,0,0,0,100,,0,0,25,39,39,63,231,231,,,,,,,,,,,1.53,1.26,9.11,0.05,,,,,,,
Charlie Woerner,,0,TE,TE2,2500,SF,@ PHI,26,25.25,1.5,0,0.3,0,0,0,0,0,0,0,0,0,0,0,0,0,0,0,0,0,0,0,0,0,0,0,0,0,0,0,0,0,100,,0,0,25,39,39,63,231,231,,,,,,,,,,,0.54,0.38,4.04,,,,,,,,
Ross Dwelley,,0,TE,TE3,2500,SF,@ PHI,26,25.25,3.9,3.9,1.1,0,0,0,0,0,0,0,0,0,0,0,0,0,0,0,0,0,0,0,0,0,0,0,0,0,0,0,0,0,100,,7,0,25,39,39,63,231,231,,,,,,,,,,,2,1.47,17.27,0.17,,,,,,,
Brayden Willis,,0,TE,TE4,2500,SF,@ PHI,26,25.25,0,0,0,0,0,0,0,0,0,0,0,0,0,0,0,0,0,0,0,0,0,0,0,0,0,0,0,0,0,0,0,0,100,,0,0,25,39,39,63,231,231,,,,,,,,,,,,,,,,,,,,,
Grant Calcaterra,!,0,TE,TE2,2500,PHI,vs SF,29,22.25,2,2.6,0,0,0,0,0,0,0,0,0,0,0,0,0,0,0,0,0,0,0,0,0,0,0,0,0,0,0,0,0,0,100,,9,0,25,39,39,63,231,231,,,,,,,,,,,1.5,0.83,13.5,,,,,,,,
Albert Okwuegbunam,,0,TE,TE3,2500,PHI,vs SF,29,22.25,4.5,4.3,0,0,0,0,0,0,0,0,0,0,0,0,0,0,0,0,0,0,0,0,0,0,0,0,0,0,0,0,0,0,100,,21,0,25,39,39,63,231,231,,,,,,,,,,,3.17,2.35,23.74,0.17,,,,,,,
Stone Smartt,,0,TE,TE3,2500,LAC,@ NE,22,22.25,3.5,1.9,2.4,0,0,0,0,0,0,0,0,0,0,0,0,0,0,0,0,0,0,0,0,0,0,0,0,0,0,0,0,0,100,,0,0,25,39,39,63,231,231,,,,,,,,,,,1.6,0.7,9.7,0.1,,,,,,,
Stephen Anderson,,0,TE,TE4,2500,LAC,@ NE,22,22.25,3.7,0.4,0,0,0,0,0,0,0,0,0,0,0,0,0,0,0,0,0,0,0,0,0,0,0,0,0,0,0,0,0,0,100,,0,0,25,39,39,63,231,231,,,,,,,,,,,2,1.17,13.24,0.06,,,,,,,
Pharaoh Brown,,0,TE,TE3,2500,NE,vs LAC,17,17.25,3.8,3,5,0,0,0,0,0,0,0,0,0,0,0,0,0,0,0,0,0,0,0,0,0,0,0,0,0,0,0,0,0,100,,0,0,25,39,39,63,231,231,,,,,,,,,,,2.11,1.53,17.05,0.08,,,,,,,
Foster Moreau,,0,TE,TE3,2500,NO,vs DET,11,21.5,4.3,6.2,5.7,0,0,0,0,0,0,0,0,0,0,0,0,0,0,0,0,0,0,0,0,0,0,0,0,0,0,0,0,0,100,,26,0,25,39,39,63,231,231,,,,,,,,,0.04,,2.79,1.96,23.5,0.25,,,,,,,
Jimmy Graham,,0,TE,TE4,2500,NO,vs DET,11,21.5,6.7,0,3.9,0,0,0,0,0,0,0,0,0,0,0,0,0,0,0,0,0,0,0,0,0,0,0,0,0,0,0,0,0,100,,26,0,25,39,39,63,231,231,,,,,,,,0.01,,,4.93,3.16,36.38,0.33,,,,,,,
Brock Wright,,0,TE,TE2,2500,DET,@ NO,23,25.5,3,0,3.4,0,0,0,0,0,0,0,0,0,0,0,0,0,0,0,0,0,0,0,0,0,0,0,0,0,0,0,0,0,100,,0,0,25,39,39,63,231,231,,,,,,,,,,,1.44,1.22,8.78,0.11,,,,,,,
James Mitchell,,0,TE,TE3,2500,DET,@ NO,23,25.5,3.9,4.8,0,0,0,0,0,0,0,0,0,0,0,0,0,0,0,0,0,0,0,0,0,0,0,0,0,0,0,0,0,0,100,,19,0,25,39,39,63,231,231,,,,,,,,,,,1.38,1.38,14.13,0.13,,,,,,,
C.J. Uzomah,,0,TE,TE3,2500,NYJ,vs ATL,2,16.25,5,4,2.5,0,0,0,0,0,0,0,0,0,0,0,0,0,0,0,0,0,0,0,0,0,0,0,0,0,0,0,0,0,100,,9,0,25,39,39,63,231,231,,,,,,,,,,,3.13,2.21,21.62,0.18,,,,,,,
MyCole Pruitt,,0,TE,TE3,2500,ATL,@ NYJ,25,17.25,3.2,5.5,1.7,0,0,0,0,0,0,0,0,0,0,0,0,0,0,0,0,0,0,0,0,0,0,0,0,0,0,0,0,0,100,,11,0,25,39,39,63,231,231,,,,,,,,,,,1.63,1.2,12.2,0.18,,,,,,,
John FitzPatrick,,0,TE,TE4,2500,ATL,@ NYJ,25,17.25,0,0,0,0,0,0,0,0,0,0,0,0,0,0,0,0,0,0,0,0,0,0,0,0,0,0,0,0,0,0,0,0,100,,0,0,25,39,39,63,231,231,,,,,,,,,,,,,,,,,,,,,
Parker Hesse,,0,TE,TE5,2500,ATL,@ NYJ,25,17.25,0.8,2,0,0,0,0,0,0,0,0,0,0,0,0,0,0,0,0,0,0,0,0,0,0,0,0,0,0,0,0,0,0,100,,50,0,25,39,39,63,231,231,,,,,,,,,,,1,0.83,8,,,,,,,,
Darnell Washington,,0,TE,TE2,2500,PIT,vs ARI,1,23.5,0.7,0,1.5,0,0,0,0,0,0,0,0,0,0,0,0,0,0,0,0,0,0,0,0,0,0,0,0,0,0,0,0,0,100,,53,0,25,39,39,63,231,231,,,,,,,,,,,1.17,0.83,6.83,,,,,,,,
Connor Heyward,,0,TE,TE3,2500,PIT,vs ARI,1,23.5,2.4,4.8,4.2,0,0,0,0,0,0,0,0,0,0,0,0,0,0,0,0,0,0,0,0,0,0,0,0,0,0,0,0,0,100,,47,0,25,39,39,63,231,231,,,,,,,,0.13,0.4,,2.8,2.07,19.93,0.07,,,,,,,
Rodney Williams,,0,TE,TE4,2500,PIT,vs ARI,1,23.5,,,,0,0,0,0,0,0,0,0,0,0,0,0,0,0,0,0,0,0,0,0,0,0,0,0,0,,0,0,0,100,,0,0,25,39,39,63,231,231,,,,,,,,,,,,,,,,,,,,,
Geoff Swaim,,0,TE,TE2,2500,ARI,@ PIT,27,17.5,3.5,2.2,2.6,0,0,0,0,0,0,0,0,0,0,0,0,0,0,0,0,0,0,0,0,0,0,0,0,0,0,0,0,0,100,,5,0,25,39,39,63,231,231,,,,,,,,,,,2.23,1.75,13.28,0.1,,,,,,,
Elijah Higgins,,0,TE,TE3,2500,ARI,@ PIT,27,17.5,1.3,0,1,0,0,0,0,0,0,0,0,0,0,0,0,0,0,0,0,0,0,0,0,0,0,0,0,0,0,0,0,0,100,,0,0,25,39,39,63,231,231,,,,,,,,,,,1,0.5,4.67,,,,,,,,
Blake Whiteheart,,0,TE,TE4,2500,ARI,@ PIT,27,17.5,,,,0,0,0,0,0,0,0,0,0,0,0,0,0,0,0,0,0,0,0,0,0,0,0,0,0,,0,0,0,100,,0,0,25,39,39,63,231,231,,,,,,,,,,,,,,,,,,,,,
Payne Durham,,0,TE,TE2,2500,TB,vs CAR,5,19.75,1.3,0,1.5,0,0,0,0,0,0,0,0,0,0,0,0,0,0,0,0,0,0,0,0,0,0,0,0,0,0,0,0,0,100,,13,0,25,39,39,63,231,231,,,,,,,,,,,1.2,0.8,6.6,,,,,,,,
Ko Kieft,,0,TE,TE3,2500,TB,vs CAR,5,19.75,2,2.6,0,0,0,0,0,0,0,0,0,0,0,0,0,0,0,0,0,0,0,0,0,0,0,0,0,0,0,0,0,0,100,,0,0,25,39,39,63,231,231,,,,,,,,,,,0.93,0.5,5.71,0.07,,,,,,,
Kylen Granson,,0,TE,TE3,2500,IND,@ TEN,31,21.75,3.1,4.7,4.5,0,0,0,0,0,0,0,0,0,0,0,0,0,0,0,0,0,0,0,0,0,0,0,0,0,0,0,0,0,100,,21,0,25,39,39,63,231,231,,,,,,,,0.03,,,2.69,1.84,18.22,0.03,,,,,,,
Mo Alie-Cox,,0,TE,TE4,2500,IND,@ TEN,31,21.75,4.9,3.9,2.5,0,0,0,0,0,0,0,0,0,0,0,0,0,0,0,0,0,0,0,0,0,0,0,0,0,0,0,0,0,100,,0,0,25,39,39,63,231,231,,,,,,,,,,,2.03,1.32,17.04,0.17,,,,,,,
Trevon Wesco,,0,TE,TE3,2500,TEN,vs IND,14,20.75,1.5,1.3,1.5,0,0,0,0,0,0,0,0,0,0,0,0,0,0,0,0,0,0,0,0,0,0,0,0,0,0,0,0,0,100,,0,0,25,39,39,63,231,231,,,,,,,,0.11,0.11,,0.84,0.47,7.05,,,,,,,,
Kevin Rader,,0,TE,TE4,2500,TEN,vs IND,14,20.75,0.5,0,0,0,0,0,0,0,0,0,0,0,0,0,0,0,0,0,0,0,0,0,0,0,0,0,0,0,0,0,0,0,100,,0,0,25,39,39,63,231,231,,,,,,,,,,,0.29,0.14,0.57,,,,,,,,
Cole Turner,,0,TE,TE3,2500,WAS,vs MIA,20,20.25,2.3,0.9,3.1,0,0,0,0,0,0,0,0,0,0,0,0,0,0,0,0,0,0,0,0,0,0,0,0,0,0,0,0,0,100,,0,0,25,39,39,63,231,231,,,,,,,,,,,1.92,1,11.75,,,,,,,,
Curtis Hodges,,0,TE,TE4,2500,WAS,vs MIA,20,20.25,,,,0,0,0,0,0,0,0,0,0,0,0,0,0,0,0,0,0,0,0,0,0,0,0,0,0,,0,0,0,100,,0,0,25,39,39,63,231,231,,,,,,,,,,,,,,,,,,,,,
Julian Hill,,0,TE,TE2,2500,MIA,@ WAS,32,29.25,0.6,0,0.8,0,0,0,0,0,0,0,0,0,0,0,0,0,0,0,0,0,0,0,0,0,0,0,0,0,0,0,0,0,100,,25,0,25,39,39,63,231,231,,,,,,,,,,,1.33,0.67,4.67,,,,,,,,
Tyler Kroft,,0,TE,TE3,2500,MIA,@ WAS,32,29.25,5.3,1.9,0,0,0,0,0,0,0,0,0,0,0,0,0,0,0,0,0,0,0,0,0,0,0,0,0,0,0,0,0,0,100,,0,0,25,39,39,63,231,231,,,,,,,,,,,2.55,1.69,17.44,0.21,,,,,,,
Tanner Conner,,0,TE,TE4,2500,MIA,@ WAS,32,29.25,0,0,0,0,0,0,0,0,0,0,0,0,0,0,0,0,0,0,0,0,0,0,0,0,0,0,0,0,0,0,0,0,100,,0,0,25,39,39,63,231,231,,,,,,,,,,,1.5,,,,,,,,,,
Chris Manhertz,,0,TE,TE2,2500,DEN,@ HOU,13,22.25,2.4,1.7,0.9,0,0,0,0,0,0,0,0,0,0,0,0,0,0,0,0,0,0,0,0,0,0,0,0,0,0,0,0,0,100,,0,0,25,39,39,63,231,231,,,,,,,,,,,1.21,0.79,8.21,0.06,,,,,,,
Nate Adkins,,0,TE,TE3,2500,DEN,@ HOU,13,22.25,1,0,1.5,0,0,0,0,0,0,0,0,0,0,0,0,0,0,0,0,0,0,0,0,0,0,0,0,0,0,0,0,0,100,,33,0,25,39,39,63,231,231,,,,,,,,,,,1.25,1,5.5,,,,,,,,
Lucas Krull,,0,TE,TE4,2500,DEN,@ HOU,13,22.25,0,0,0,0,0,0,0,0,0,0,0,0,0,0,0,0,0,0,0,0,0,0,0,0,0,0,0,0,0,0,0,0,100,,0,0,25,39,39,63,231,231,,,,,,,,,,,1,,,,,,,,,,
Eric Saubert,,0,TE,TE2,2500,HOU,vs DEN,10,25.25,2.4,2.6,0,0,0,0,0,0,0,0,0,0,0,0,0,0,0,0,0,0,0,0,0,0,0,0,0,0,0,0,0,0,100,,0,0,25,39,39,63,231,231,,,,,,,,,,,1.53,0.97,8.24,0.06,,,,,,,
Davis Allen,,0,TE,TE2,2500,LAR,vs CLE,8,21.75,0.8,0,0.8,0,0,0,0,0,0,0,0,0,0,0,0,0,0,0,0,0,0,0,0,0,0,0,0,0,0,0,0,0,100,,0,0,25,39,39,63,231,231,,,,,,,,,,,0.5,0.5,3,,,,,,,,
Hunter Long,,0,TE,TE3,2500,LAR,vs CLE,8,21.75,0.8,0,0,0,0,0,0,0,0,0,0,0,0,0,0,0,0,0,0,0,0,0,0,0,0,0,0,0,0,0,0,0,100,,0,0,25,39,39,63,231,231,,,,,,,,,,,0.75,0.25,2,,,,,,,,
Brycen Hopkins,,0,TE,TE4,2500,LAR,vs CLE,8,21.75,2.2,2.6,2,0,0,0,0,0,0,0,0,0,0,0,0,0,0,0,0,0,0,0,0,0,0,0,0,0,0,0,0,0,100,,8,0,25,39,39,63,231,231,,,,,,,,,,,1.45,1,13.55,,,,,,,,
Harrison Bryant,,0,TE,TE2,2500,CLE,@ LAR,18,18.75,3.9,4.4,1.8,0,0,0,0,0,0,0,0,0,0,0,0,0,0,0,0,0,0,0,0,0,0,0,0,0,0,0,0,0,100,,7,0,25,39,39,63,231,231,,,,,,,,0.12,0.33,,2.41,1.65,14.73,0.18,,,,,,,
Jordan Akins,,0,TE,TE3,2500,CLE,@ LAR,18,18.75,4.8,7.8,1.5,0,0,0,0,0,0,0,0,0,0,0,0,0,0,0,0,0,0,0,0,0,0,0,0,0,0,0,0,0,100,,6,0,25,39,39,63,231,231,,,,,,,,0.03,0.09,,2.99,2.07,23.68,0.11,,,,,,,