player,player_id,position,team_name,player_game_count,assists,batted_passes,catch_rate,declined_penalties,forced_fumbles,franchise_id,fumble_recoveries,fumble_recovery_touchdowns,grades_coverage_defense,grades_defense,grades_defense_penalty,grades_pass_rush_defense,grades_run_defense,grades_tackle,hits,hurries,interception_touchdowns,interceptions,longest,missed_tackle_rate,missed_tackles,pass_break_ups,penalties,qb_rating_against,receptions,sacks,safeties,snap_counts_box,snap_counts_corner,snap_counts_coverage,snap_counts_defense,snap_counts_dl,snap_counts_dl_a_gap,snap_counts_dl_b_gap,snap_counts_dl_outside_t,snap_counts_dl_over_t,snap_counts_fs,snap_counts_offball,snap_counts_pass_rush,snap_counts_run_defense,snap_counts_slot,stops,tackles,tackles_for_loss,targets,total_pressures,touchdowns,yards,yards_after_catch,yards_per_reception
Calais Campbell,4364,DI,MIA,1,0,1,,0,0,17,0,0,60.0,52.8,75.9,67.6,45.3,67.4,0,0,0,0,,0.0,0,0,0,0.0,0,0,0,0,0,1,23,23,1,13,4,5,0,0,12,10,0,0,1,0,0,0,0,0,0,
Brandon Graham,5538,ED,PHI,1,0,0,,0,0,24,0,0,62.6,69.8,0.0,73.6,69.4,72.4,0,3,0,0,,,0,0,1,0.0,0,0,0,1,0,2,28,27,0,2,25,0,0,1,15,11,0,0,0,0,0,3,0,0,0,
Jerry Hughes,5556,ED,HST,1,0,0,,0,0,13,0,0,60.0,43.7,75.8,53.1,47.7,,0,0,0,0,,,0,0,0,0.0,0,0,0,0,0,1,13,13,0,0,11,2,0,0,7,5,0,0,0,0,0,0,0,0,0,
Linval Joseph,5571,DI,DAL,1,1,0,,0,0,9,0,0,,28.7,76.8,57.1,29.2,68.3,0,0,0,0,,0.0,0,0,0,0.0,0,0,0,0,0,0,24,24,22,2,0,0,0,0,5,19,0,0,1,0,0,0,0,0,0,
Von Miller,6154,ED,BUF,1,0,0,,0,0,4,0,0,60.6,90.7,76.5,88.0,69.3,72.0,0,3,0,0,,0.0,0,0,0,0.0,0,1,0,0,0,1,29,29,0,0,29,0,0,0,22,6,0,1,1,0,0,4,0,0,0,
Cameron Jordan,6176,ED,NO,1,1,1,,0,0,20,0,0,60.1,62.7,78.0,57.3,65.2,73.1,0,0,0,0,,0.0,0,0,0,0.0,0,0,0,1,0,1,34,33,3,1,17,12,0,1,23,10,0,1,1,0,0,0,0,0,0,
Cameron Heyward,6183,DI,PIT,1,0,0,,0,0,25,0,0,60.0,70.0,76.1,59.7,72.9,70.5,2,4,0,0,,0.0,0,0,0,0.0,0,0,0,0,0,0,41,41,1,17,3,20,0,0,29,12,0,1,3,0,0,6,0,0,0,
Stephon Gilmore,7016,CB,MIN,1,0,0,70.0,0,1,18,0,0,54.3,64.5,77.6,,91.8,80.4,0,0,0,0,22,0.0,0,0,0,90.0,7,0,0,9,56,44,68,0,0,0,0,0,1,68,0,24,2,3,7,0,10,0,0,71,7,10.1
Bobby Wagner,7050,LB,WAS,1,4,0,33.3,0,0,32,0,0,64.5,89.3,75.2,55.8,92.2,81.1,0,0,0,0,8,0.0,0,1,0,42.4,1,0,0,52,1,31,56,2,0,0,2,0,0,54,2,23,1,2,5,1,3,0,0,8,3,8.0
Lavonte David,7060,LB,TB,1,2,0,100.0,0,0,30,0,0,65.2,63.8,75.2,81.5,50.6,27.4,1,0,0,0,9,33.3,3,0,0,87.5,5,0,0,70,1,56,85,4,0,0,4,0,1,81,4,25,9,1,4,0,5,1,0,25,21,5.0
Demario Davis,7079,LB,NO,1,4,0,60.0,0,0,20,0,0,85.5,91.4,76.6,70.6,85.0,82.2,0,0,0,0,15,0.0,0,1,0,69.6,3,0,0,60,0,44,67,2,0,0,2,0,0,65,3,20,5,3,4,0,5,0,0,21,28,7.0
Rodney McLeod,7271,S,CLV,1,1,0,0.0,0,0,8,0,0,71.7,71.9,73.7,59.2,58.6,82.2,0,0,0,0,,0.0,0,1,0,39.6,0,0,0,6,0,23,32,1,0,0,1,0,15,31,1,8,10,0,3,0,1,0,0,0,0,
Harrison Smith,7641,S,MIN,1,2,0,0.0,0,0,18,0,0,66.0,63.0,78.6,55.3,52.7,54.5,0,0,0,0,,16.7,1,1,0,39.6,0,0,0,29,1,38,65,9,0,0,9,0,22,56,4,23,4,0,3,0,1,0,0,0,0,
Darius Slay,7817,CB,PHI,1,2,0,100.0,0,0,24,0,0,52.6,49.1,75.5,,42.7,28.4,0,0,0,0,18,37.5,3,0,0,146.3,5,0,0,12,49,34,61,0,0,0,0,0,0,61,0,27,0,2,3,0,5,0,1,48,10,9.6
Johnathan Hankins,7830,DI,SEA,1,1,0,,0,0,29,0,0,60.0,43.6,76.0,55.3,41.4,34.9,0,0,0,0,,20.0,1,0,0,0.0,0,0,0,0,0,0,27,27,11,16,0,0,0,0,5,22,0,2,3,0,0,0,0,0,0,
Tyrann Mathieu,7850,S,NO,1,0,0,50.0,0,0,20,0,0,78.4,82.9,75.9,60.0,65.4,79.2,0,1,0,1,4,0.0,0,1,0,16.7,1,0,0,24,0,46,67,0,0,0,0,0,39,67,1,20,4,2,3,0,2,1,0,4,1,4.0
John Jenkins,7863,DI,LV,1,0,0,,0,0,23,0,0,,48.7,75.0,55.7,50.8,28.1,0,0,0,0,,33.3,1,0,0,0.0,0,0,0,0,0,0,21,21,15,6,0,0,0,0,6,15,0,0,2,0,0,0,0,0,0,
William Gholston,7908,DI,TB,1,0,0,,0,0,30,0,0,66.6,68.8,0.0,65.9,58.7,69.9,1,0,0,0,,0.0,0,0,1,0.0,0,0,0,0,0,0,27,27,0,12,10,5,0,0,18,9,0,2,2,0,0,1,0,0,0,
Jordan Poyer,8000,S,MIA,1,2,0,100.0,0,0,17,0,0,66.6,56.3,0.0,,52.9,82.4,0,0,0,0,-1,0.0,0,0,1,79.2,1,0,0,6,1,20,41,3,0,0,3,0,24,38,0,21,7,0,2,0,1,0,0,-1,8,-1.0
Tony Jefferson,8361,S,LAC,1,0,0,,0,0,27,0,0,60.5,60.8,67.9,,,,0,0,0,0,,,0,0,0,0.0,0,0,0,0,0,7,7,0,0,0,0,0,6,7,0,0,1,0,0,0,0,0,0,0,0,
Jadeveon Clowney,8636,ED,CAR,1,4,0,100.0,0,0,5,0,0,33.8,30.5,0.0,42.5,59.4,55.8,0,2,0,0,15,14.3,1,0,1,118.8,2,0,0,0,0,6,40,40,0,0,40,0,0,0,14,20,0,2,2,0,2,2,0,30,19,15.0
Khalil Mack,8640,ED,LAC,1,1,0,,0,0,27,0,0,68.6,69.5,77.7,53.9,68.3,72.0,0,1,0,0,,0.0,0,0,0,0.0,0,0,0,1,0,0,32,31,0,0,31,0,0,1,19,13,0,0,1,0,0,1,0,0,0,
C.J. Mosley,8652,LB,NYJ,1,0,0,,0,0,22,0,0,66.4,75.4,70.6,,69.2,77.6,0,0,0,0,,0.0,0,0,0,0.0,0,0,0,16,0,6,16,0,0,0,0,0,0,16,0,10,0,0,2,0,0,0,0,0,0,
Jimmie Ward,8665,S,HST,1,1,0,75.0,0,0,13,0,0,66.4,70.6,76.3,,71.5,84.4,0,0,0,0,6,0.0,0,0,0,77.1,3,0,0,18,1,51,70,1,0,0,1,0,33,69,0,19,17,1,5,0,4,0,0,12,7,4.0
DeMarcus Lawrence,8669,ED,DAL,1,2,0,,0,0,9,0,0,,62.1,78.8,58.8,61.6,36.7,0,0,0,0,,25.0,1,0,0,0.0,0,0,0,0,0,0,34,34,0,0,28,6,0,0,14,20,0,0,1,0,0,0,0,0,0,
Kyle Van Noy,8675,ED,BLT,1,1,0,,0,0,3,0,0,77.6,78.7,75.9,65.8,67.2,74.2,1,0,0,0,,0.0,0,0,0,0.0,0,2,0,0,0,4,26,26,0,0,26,0,0,0,17,5,0,3,1,1,0,3,0,0,0,
DaQuan Jones,8747,DI,BUF,1,1,0,,0,0,4,0,0,,62.8,77.0,73.5,54.0,67.3,0,1,0,0,,0.0,0,0,0,0.0,0,0,0,0,0,0,36,36,1,34,0,1,0,0,16,20,0,0,0,0,0,1,0,0,0,
Brent Urban,8769,ED,BLT,1,1,0,,0,0,3,0,0,,82.0,73.8,56.6,78.2,72.4,0,0,0,0,,0.0,0,0,0,0.0,0,0,0,0,0,0,9,9,0,0,7,2,0,0,2,7,0,2,2,0,0,0,0,0,0,
Shelby Harris,8869,DI,CLV,1,0,0,,0,0,8,0,0,,57.1,74.8,58.4,57.1,,1,0,0,0,,,0,0,0,0.0,0,0,0,0,0,0,25,25,0,13,0,12,0,0,13,12,0,0,0,0,0,1,0,0,0,
Mike Pennel,9316,DI,KC,1,0,0,,0,0,16,0,0,,75.2,75.4,64.2,71.2,,0,1,0,0,,,0,0,0,0.0,0,0,0,0,0,0,21,21,3,18,0,0,0,0,10,11,0,0,0,0,0,1,0,0,0,
Dante Fowler Jr.,9436,ED,WAS,1,1,0,,0,0,32,0,0,,55.2,76.9,53.8,59.5,72.4,0,0,0,0,,0.0,0,0,0,0.0,0,0,0,0,0,0,22,22,0,0,22,0,0,0,14,8,0,1,1,0,0,0,0,0,0,
Leonard Williams,9439,DI,SEA,1,2,0,,0,0,29,0,0,,79.2,78.2,63.3,79.0,38.2,2,1,0,0,,33.3,1,0,0,0.0,0,2,0,0,0,0,52,52,1,32,7,12,0,0,27,25,0,1,0,0,0,5,0,0,0,
Arik Armstead,9450,ED,JAX,1,0,0,,0,0,15,0,0,60.0,68.4,78.0,61.9,67.2,70.5,0,2,0,0,,0.0,0,0,0,0.0,0,0,0,0,0,0,34,34,0,3,20,11,0,0,23,11,0,2,2,0,0,2,0,0,0,
Bud Dupree,9455,ED,LAC,1,0,0,,0,0,27,0,0,60.0,58.5,75.6,54.3,63.2,72.8,0,0,0,0,,0.0,0,0,0,0.0,0,0,0,1,0,1,31,30,0,0,30,0,0,1,21,9,0,2,2,0,0,0,0,0,0,
Shaq Thompson,9458,LB,CAR,1,3,0,100.0,0,0,5,0,0,50.5,65.4,76.9,56.2,73.3,61.7,0,0,0,0,9,11.8,2,0,0,91.7,6,0,0,60,0,22,69,5,0,0,5,0,0,64,2,45,4,5,12,0,6,0,0,36,17,6.0
Mario Edwards Jr.,9468,DI,HST,1,0,0,,0,0,13,0,0,,56.1,0.0,64.4,59.5,26.4,1,2,0,0,,100.0,1,0,1,0.0,0,1,0,0,0,0,38,38,2,32,0,4,0,0,28,10,0,1,0,0,0,4,0,0,0,
Preston Smith,9471,ED,GB,1,0,0,,0,0,12,0,0,,65.3,78.2,52.3,73.5,72.0,0,1,0,0,,0.0,0,0,0,0.0,0,0,0,0,0,0,28,27,0,0,27,0,0,1,19,9,1,2,2,0,0,1,0,0,0,
Eddie Goldman,9472,DI,ATL,1,0,0,,0,0,2,0,0,,57.1,75.8,58.0,57.0,68.6,0,2,0,0,,0.0,0,0,0,0.0,0,0,0,0,0,0,27,27,18,9,0,0,0,0,18,9,0,1,1,0,0,2,0,0,0,
Eric Kendricks,9478,LB,DAL,1,3,0,33.3,0,0,9,0,0,48.7,53.8,76.8,,60.6,65.2,0,0,0,0,57,12.5,1,0,0,121.5,1,0,0,55,0,20,56,0,0,0,0,0,0,56,0,36,1,2,4,0,3,0,1,57,60,57.0
Denzel Perryman,9481,LB,LAC,1,2,0,100.0,0,0,27,0,0,90.8,73.1,72.8,70.3,38.1,48.9,0,0,0,0,1,22.2,2,0,0,79.2,1,1,0,28,0,14,31,1,0,0,1,0,0,30,2,15,2,5,5,0,1,1,0,1,0,1.0
Ronald Darby,9483,CB,JAX,1,0,0,50.0,0,0,15,0,0,73.9,73.6,77.9,,64.3,72.5,0,0,0,0,21,0.0,0,0,0,64.6,2,0,0,2,55,37,60,3,0,0,3,0,0,57,0,23,0,1,1,1,4,0,0,20,3,10.0
Jordan Phillips,9485,DI,DAL,1,0,0,,0,0,9,0,0,,25.8,74.7,56.6,26.1,,0,0,0,0,,,0,0,0,0.0,0,0,0,0,0,0,19,19,0,16,0,3,0,0,4,15,0,0,0,0,0,0,0,0,0,
Jordan Hicks,9517,LB,CLV,1,0,0,66.7,0,0,8,0,0,49.4,58.7,74.2,74.1,61.3,76.9,1,0,0,0,10,0.0,0,1,0,84.0,2,1,0,50,0,24,53,3,0,0,3,0,0,50,10,19,0,1,2,0,3,2,0,19,8,9.5
Danielle Hunter,9521,ED,HST,1,2,0,,0,0,13,0,0,66.5,90.1,81.9,76.8,73.8,49.3,0,5,0,0,,25.0,1,0,0,0.0,0,2,0,0,0,0,58,58,0,0,58,0,0,0,44,14,0,3,1,0,0,7,0,0,0,
Za'Darius Smith,9555,ED,CLV,1,0,0,,0,0,8,0,0,60.0,55.9,78.6,54.7,59.8,,0,2,0,0,,,0,0,0,0.0,0,0,0,0,0,1,37,37,0,1,29,7,0,0,29,7,0,0,0,0,0,2,0,0,0,
Grady Jarrett,9570,DI,ATL,1,0,0,,0,0,2,0,0,,69.6,77.4,64.2,66.6,69.1,2,3,0,0,,0.0,0,0,0,0.0,0,0,0,0,0,0,49,49,3,25,2,19,0,0,25,24,0,2,2,0,0,5,0,0,0,
Quandre Diggs,9633,S,TEN,1,1,0,100.0,0,0,31,0,0,54.3,59.3,82.8,,69.9,61.1,0,0,0,0,11,14.3,1,0,0,112.5,1,0,0,8,0,34,57,1,0,0,1,0,47,56,0,23,1,1,5,0,1,0,0,11,8,11.0
Rakeem Nunez-Roches,9650,DI,NYG,1,2,0,,0,0,21,0,0,60.1,63.1,78.0,56.3,63.9,71.3,0,0,0,0,,0.0,0,0,0,0.0,0,0,0,0,0,1,51,51,1,40,0,10,0,0,25,25,0,1,2,1,0,0,0,0,0,
Troy Hill,9881,CB,CAR,1,2,0,100.0,0,0,5,0,0,57.8,49.6,0.0,57.9,60.4,76.2,0,0,0,0,11,0.0,0,0,1,112.5,1,0,0,5,0,12,27,1,0,0,1,0,0,26,2,13,21,1,2,1,1,0,0,11,5,11.0
Alex Singleton,9994,LB,DEN,1,5,0,100.0,0,0,10,0,0,61.1,78.2,76.3,59.6,83.2,74.4,1,0,0,0,7,7.7,1,0,0,91.7,2,0,0,58,2,25,66,0,0,0,0,0,0,66,8,33,6,5,7,0,2,1,0,12,6,6.0
Joey Bosa,10637,ED,LAC,1,0,0,,0,0,27,0,0,,74.0,76.3,72.2,61.4,71.7,0,0,0,0,,0.0,0,0,0,0.0,0,1,0,0,0,0,14,14,0,0,14,0,0,0,10,4,0,2,1,0,0,1,0,0,0,
Jalen Ramsey,10639,CB,MIA,1,2,0,100.0,0,0,17,0,0,61.0,55.7,77.0,39.8,56.8,26.2,0,1,0,0,33,50.0,3,0,0,118.8,2,0,0,2,30,19,41,2,0,0,2,0,0,39,1,21,7,0,1,0,2,1,0,40,10,20.0
DeForest Buckner,10641,DI,IND,1,1,0,,0,0,14,0,0,60.0,61.2,73.1,52.2,63.4,66.8,0,0,0,0,,0.0,0,0,0,0.0,0,0,0,1,0,0,10,9,0,5,2,2,0,1,7,3,0,0,0,0,0,0,0,0,0,
Leonard Floyd,10643,ED,SF,1,0,0,,0,0,28,0,0,,45.7,79.0,47.6,53.1,,0,0,0,0,,,0,0,0,0.0,0,0,0,0,0,0,32,32,0,0,32,0,0,0,19,13,0,0,0,0,0,0,0,0,0,
Sheldon Rankins,10646,DI,CIN,1,2,0,,0,0,7,0,0,63.4,48.1,75.8,62.5,32.9,70.1,0,0,0,0,,0.0,0,0,0,0.0,0,0,0,0,0,0,33,33,1,30,0,2,0,0,19,14,0,1,2,0,0,0,0,0,0,
Kenny Clark,10661,DI,GB,1,0,0,,0,0,12,0,0,60.3,48.6,76.4,60.4,42.4,69.2,0,3,0,0,,0.0,0,0,0,0.0,0,0,0,0,0,1,35,35,2,27,0,6,0,0,21,13,0,1,2,0,0,3,0,0,0,
Emmanuel Ogbah,10666,ED,MIA,1,0,0,,0,0,17,0,0,61.7,57.2,78.5,51.4,60.0,70.5,0,0,0,0,,0.0,0,0,0,0.0,0,0,0,0,0,2,28,28,0,0,28,0,0,0,11,15,0,0,1,0,0,0,0,0,0,
Chris Jones,10671,DI,KC,1,0,0,,0,0,16,0,0,60.0,73.5,77.7,90.2,28.8,68.1,2,4,0,0,,,0,0,0,0.0,0,1,0,0,0,0,51,51,0,18,7,26,0,0,37,14,0,0,0,0,0,7,0,0,0,
Austin Johnson,10677,DI,BUF,1,1,0,,0,0,4,0,0,,74.9,77.1,71.8,66.4,68.4,1,1,0,0,,0.0,0,0,0,0.0,0,0,0,0,0,0,38,38,5,30,0,3,0,0,22,16,0,1,1,0,0,2,0,0,0,
Jihad Ward,10678,DI,MIN,1,0,0,,0,0,18,1,0,60.0,61.4,0.0,62.2,,,2,1,0,0,,,0,0,1,0.0,0,0,0,0,0,0,17,17,6,6,0,5,0,0,17,0,0,0,0,0,0,3,0,0,0,
A'Shawn Robinson,10680,DI,CAR,1,0,0,,0,0,5,0,0,61.3,46.2,76.2,51.7,43.5,72.1,0,0,0,0,,0.0,0,0,0,0.0,0,0,0,0,0,0,41,41,0,23,1,17,0,0,16,25,0,4,6,0,0,0,0,0,0,
Jarran Reed,10683,DI,SEA,1,3,0,,0,0,29,0,0,62.8,71.0,76.9,58.5,66.1,71.4,0,1,0,0,,0.0,0,0,0,0.0,0,0,0,0,0,0,37,37,4,23,3,7,0,0,15,22,0,3,3,0,0,1,0,0,0,
Vonn Bell,10695,S,CIN,1,3,0,100.0,0,0,7,0,0,62.7,69.9,75.3,,75.8,82.5,0,0,0,0,9,0.0,0,0,0,90.3,3,0,0,24,2,37,64,1,0,0,1,0,28,63,0,27,9,2,4,0,3,0,0,17,21,5.7
Kevin Byard,10698,S,CHI,1,3,0,100.0,0,0,6,1,0,63.0,64.4,73.9,,62.0,70.2,0,0,0,0,18,9.1,1,0,0,94.4,3,0,0,9,0,40,62,0,0,0,0,0,50,62,0,22,3,1,7,1,3,0,0,20,8,6.7
Maliek Collins,10701,DI,SF,1,0,0,,0,0,28,0,0,,51.5,76.8,58.8,49.0,36.4,0,1,0,0,,20.0,1,0,0,0.0,0,0,0,0,0,0,36,36,0,17,1,18,0,0,22,14,0,1,4,0,0,1,0,0,0,
Jonathan Bullard,10706,DI,MIN,1,1,0,,0,0,18,0,0,60.0,47.2,0.0,50.8,59.2,70.5,0,0,0,0,,0.0,0,0,1,0.0,0,0,0,0,0,0,37,37,0,18,8,11,0,0,19,18,0,0,1,0,0,0,0,0,0,
Kendall Fuller,10718,CB,MIA,1,1,0,0.0,0,0,17,0,0,66.6,71.1,74.8,,73.0,77.3,0,0,0,0,,0.0,0,1,0,39.6,0,0,0,8,32,20,41,0,0,0,0,0,0,41,0,21,1,1,3,0,2,0,0,0,0,
Nick Vigil,10721,LB,DAL,1,0,0,,0,0,9,0,0,,60.0,67.0,,60.0,,0,0,0,0,,,0,0,0,0.0,0,0,0,3,0,0,3,0,0,0,0,0,0,3,0,3,0,0,0,0,0,0,0,0,0,
Javon Hargrave,10723,DI,SF,1,1,0,,0,0,28,0,0,60.4,54.0,75.2,68.0,40.3,28.6,0,2,0,0,,33.3,1,0,0,0.0,0,0,0,0,0,0,33,33,0,20,0,13,0,0,22,11,0,1,1,0,0,2,0,0,0,
Justin Simmons,10732,S,ATL,1,0,0,66.7,0,0,2,0,0,65.4,60.2,79.4,58.2,47.9,46.3,0,0,0,0,5,20.0,1,0,0,70.1,2,0,0,23,0,33,62,0,0,0,0,0,30,62,1,28,9,3,4,0,3,0,0,8,9,4.0
Eric Murray,10740,S,HST,1,0,0,66.7,0,0,13,0,0,65.3,69.4,77.5,58.3,68.6,31.0,0,0,0,0,27,33.3,1,1,0,109.7,2,0,0,13,1,36,52,0,0,0,0,0,28,52,1,15,10,1,2,0,3,0,0,39,22,19.5
De'Vondre Campbell,10749,LB,SF,1,3,0,85.7,0,0,28,0,0,66.1,64.3,71.0,60.0,59.0,78.7,0,0,0,0,18,0.0,0,0,0,101.2,6,0,0,47,1,28,51,1,0,0,1,0,0,50,1,22,2,1,2,1,7,0,0,58,62,9.7
David Onyemata,10754,DI,ATL,1,2,0,,0,0,2,0,0,60.0,41.3,77.0,53.5,48.1,26.8,0,2,0,0,,40.0,2,0,0,0.0,0,0,0,0,0,0,38,38,4,23,4,7,0,0,17,21,0,0,1,0,0,2,0,0,0,
Andrew Billings,10756,DI,CHI,1,0,0,,0,1,6,0,0,,80.5,77.4,82.1,65.7,28.1,0,2,0,0,,33.3,1,0,0,0.0,0,0,0,0,0,0,42,42,12,26,0,4,0,0,22,20,0,1,2,0,0,2,0,0,0,
Matthew Judon,10780,ED,ATL,1,2,0,,0,0,2,0,0,61.9,52.8,77.5,56.8,51.3,76.2,0,2,0,0,,0.0,0,0,0,0.0,0,1,0,3,0,3,43,40,0,1,37,2,0,3,19,21,0,2,3,1,0,3,0,0,0,
Quinton Jefferson,10781,DI,CLV,1,0,0,,0,0,8,0,0,,56.7,75.1,56.8,58.3,67.3,0,1,0,0,,,0,0,0,0.0,0,1,0,0,0,0,23,23,2,10,0,11,0,0,16,7,0,1,0,0,0,2,0,0,0,
DJ Reader,10800,DI,DET,1,0,0,,0,0,11,0,0,,67.7,75.0,53.6,70.6,,1,0,0,0,,,0,0,0,0.0,0,0,0,0,0,0,25,25,18,7,0,0,0,0,12,13,0,0,0,0,0,1,0,0,0,
Elandon Roberts,10848,LB,PIT,1,0,0,100.0,0,0,25,0,0,78.5,79.8,69.7,,65.2,51.4,0,0,0,0,8,25.0,1,0,0,81.9,3,0,0,18,0,12,21,0,0,0,0,0,0,21,0,9,3,3,3,0,3,0,0,11,13,3.7
Mike Hilton,10898,CB,CIN,1,0,0,83.3,0,0,7,0,0,39.6,48.6,74.4,56.8,77.9,39.8,0,0,0,0,16,25.0,1,0,0,95.1,5,0,0,6,0,22,39,1,0,0,1,0,1,38,1,16,31,3,3,0,6,0,0,41,37,8.2
Kyle Peko,11027,DI,DET,1,0,0,,0,0,11,0,0,,29.1,72.4,55.2,38.8,,0,0,0,0,,,0,0,0,0.0,0,0,0,0,0,0,9,9,4,2,1,2,0,0,5,4,0,0,0,0,0,0,0,0,0,
Michael Pierce,11101,DI,BLT,1,0,0,,0,0,3,0,0,,68.8,75.2,57.8,72.3,66.8,0,0,0,0,,,0,0,0,0.0,0,1,0,0,0,0,24,24,1,22,0,1,0,0,19,5,0,1,0,0,0,1,0,0,0,
Morgan Fox,11184,DI,LAC,1,0,0,,0,0,27,0,0,,39.8,74.4,61.9,32.3,,0,2,0,0,,,0,0,0,0.0,0,0,0,0,0,0,22,22,1,13,0,8,0,0,16,6,0,0,0,0,0,2,0,0,0,
Jonathan Jones,11217,CB,NE,1,1,0,100.0,0,0,19,0,0,57.0,56.9,77.8,,56.5,81.0,0,0,0,0,16,0.0,0,0,1,104.2,3,0,0,2,47,44,56,1,0,0,1,0,0,55,0,12,6,1,7,0,3,0,0,27,11,9.0
Roy Robertson-Harris,11341,DI,JAX,1,1,0,,0,0,15,0,0,60.1,56.6,77.2,57.3,56.4,69.6,0,3,0,0,,0.0,0,0,0,0.0,0,0,0,0,0,2,49,49,0,35,0,14,0,0,25,22,0,2,2,1,0,3,0,0,0,
Myles Garrett,11756,ED,CLV,1,0,0,100.0,0,1,8,0,0,59.4,67.1,0.0,89.8,50.8,72.8,0,2,0,0,7,0.0,0,0,2,95.8,1,1,0,0,0,2,41,41,1,0,37,3,0,0,29,10,0,2,2,0,1,3,0,7,2,7.0
Solomon Thomas,11758,DI,NYJ,1,1,0,,1,0,22,0,0,60.0,68.5,0.0,55.5,69.7,30.0,0,2,0,0,,33.3,1,1,1,0.0,0,1,0,0,0,0,29,29,0,14,0,15,0,0,15,14,0,1,1,0,0,3,0,0,0,
Jamal Adams,11761,S,TEN,1,0,0,,0,0,31,0,0,60.0,64.2,66.5,,60.0,71.6,0,0,0,0,,0.0,0,0,0,0.0,0,0,0,0,1,1,2,0,0,0,0,0,0,2,0,1,1,1,1,0,0,0,0,0,0,
Derek Barnett,11769,ED,HST,1,0,0,,0,0,13,0,0,,58.6,77.8,61.9,52.0,67.4,0,1,0,0,,,0,0,0,0.0,0,1,0,0,0,0,33,33,0,3,21,9,0,0,26,7,0,1,0,0,0,2,0,0,0,
Malik Hooker,11770,S,DAL,1,1,0,100.0,0,0,9,0,0,28.7,30.1,74.2,,61.9,41.1,0,0,0,0,8,33.3,1,0,0,83.3,2,0,0,17,1,20,54,0,0,0,0,0,24,54,0,34,12,0,1,0,2,0,0,8,12,4.0
Marlon Humphrey,11771,CB,BLT,1,0,0,66.7,0,0,3,0,0,62.4,63.6,76.7,,65.8,81.9,0,0,0,1,13,0.0,0,0,1,75.0,6,0,0,7,54,46,63,1,0,0,1,0,0,62,0,17,1,4,10,1,9,0,1,43,4,7.2
Jonathan Allen,11772,DI,WAS,1,0,0,,0,0,32,0,0,62.2,62.9,76.5,68.2,49.1,69.4,1,1,0,0,,0.0,0,0,0,0.0,0,0,0,0,0,0,41,41,1,31,1,8,0,0,24,17,0,1,2,0,0,2,0,0,0,
Adoree' Jackson,11773,CB,NYG,1,0,0,,0,0,21,0,0,69.6,69.8,72.8,,60.0,72.5,0,0,0,0,,0.0,0,1,0,0.0,0,0,0,1,13,11,14,0,0,0,0,0,0,14,0,3,0,0,1,0,0,0,0,0,0,
Charles Harris,11777,ED,CAR,1,0,0,,0,0,5,0,0,62.3,51.8,77.2,58.6,48.3,21.7,0,1,0,0,,100.0,1,0,0,0.0,0,0,0,0,0,2,34,32,0,0,32,0,0,2,10,22,2,0,0,0,0,1,0,0,0,
Jabrill Peppers,11780,S,NE,1,2,0,50.0,0,0,19,0,0,66.2,71.7,78.7,59.8,74.6,81.9,0,1,0,0,3,0.0,0,0,0,56.3,1,0,0,15,1,46,70,5,0,0,5,0,41,65,6,18,8,3,3,0,2,1,0,3,0,3.0
Takk McKinley,11781,ED,NYJ,1,0,0,,0,0,22,0,0,60.0,42.2,0.0,57.6,54.0,,0,0,0,0,,,0,0,1,0.0,0,0,0,1,0,1,23,22,0,0,21,1,0,1,10,12,0,0,0,0,0,0,0,0,0,
Tre'Davious White,11782,CB,LA,1,0,0,75.0,0,0,26,0,0,53.9,45.5,0.0,58.7,47.3,75.4,0,0,0,0,23,0.0,0,1,1,156.3,3,0,0,13,45,26,60,2,0,0,2,0,0,58,1,33,0,0,2,0,4,0,2,56,1,18.7
T.J. Watt,11785,ED,PIT,1,1,0,,0,0,25,0,0,70.9,77.1,80.5,63.8,73.2,73.1,2,0,0,0,,0.0,0,0,0,0.0,0,1,0,0,0,5,55,55,0,0,55,0,0,0,34,16,0,2,1,1,0,3,0,0,0,
Kevin King,11788,CB,ATL,1,0,0,100.0,0,0,2,0,0,45.2,40.4,65.7,,,71.4,0,0,0,0,13,0.0,0,0,0,118.8,1,0,0,1,0,2,2,0,0,0,0,0,0,2,0,0,1,0,1,0,1,0,0,13,2,13.0
Budda Baker,11791,S,ARZ,1,1,0,75.0,0,0,1,0,0,63.2,78.5,75.6,,90.6,48.3,0,0,0,0,42,18.2,2,1,0,112.5,3,0,0,18,1,32,44,0,0,0,0,0,22,44,0,12,3,7,8,2,4,0,0,46,4,15.3
Marcus Maye,11794,S,MIA,1,2,0,,0,0,17,0,0,,73.2,64.7,,68.1,74.2,0,0,0,0,,0.0,0,0,0,0.0,0,0,0,2,0,0,4,0,0,0,0,0,2,4,0,4,0,0,0,0,0,0,0,0,0,
Marcus Williams,11797,S,BLT,1,0,0,100.0,0,0,3,0,0,48.7,42.7,80.7,60.0,47.6,78.9,0,0,0,0,27,0.0,0,0,0,118.8,3,0,0,13,1,45,63,2,0,0,2,0,43,61,1,17,4,0,3,0,3,0,0,51,17,17.0
DeMarcus Walker,11806,ED,CHI,1,1,0,,0,0,6,0,0,61.0,71.8,79.9,60.3,75.0,71.2,0,1,0,0,,0.0,0,0,0,0.0,0,0,0,0,1,2,52,51,0,1,31,19,0,1,34,16,0,1,1,0,0,1,0,0,0,
Raekwon McMillan,11809,LB,NE,1,2,0,100.0,0,0,19,0,0,78.3,62.8,76.7,52.4,38.5,51.3,0,2,0,0,10,16.7,1,0,0,108.3,1,0,0,33,3,23,41,2,0,0,2,0,0,39,4,14,3,0,3,0,1,2,0,10,9,10.0
Dalvin Tomlinson,11810,DI,CLV,1,1,0,,0,0,8,0,0,,70.0,75.3,53.6,73.1,68.4,0,1,0,0,,0.0,0,0,0,0.0,0,0,0,0,0,0,24,24,0,23,0,1,0,0,12,12,0,0,1,0,0,1,0,0,0,
Chidobe Awuzie,11815,CB,TEN,1,0,0,50.0,0,0,31,0,0,65.4,67.2,77.6,,68.0,75.2,0,0,0,0,19,0.0,0,0,0,83.3,1,0,0,2,48,30,53,1,0,0,1,0,0,52,0,23,2,0,2,0,2,0,0,19,2,19.0
Larry Ogunjobi,11820,DI,PIT,1,1,0,,0,0,25,0,0,,66.8,76.3,63.1,64.1,69.1,0,2,0,0,,0.0,0,0,0,0.0,0,0,0,0,0,0,34,34,1,9,2,22,0,0,24,10,0,1,1,0,0,2,0,0,0,
Alex Anzalone,11831,LB,DET,1,1,0,50.0,0,0,11,0,0,59.1,59.0,74.5,53.1,62.0,77.1,0,0,0,0,21,0.0,0,0,0,87.5,1,0,0,32,3,22,40,1,0,0,1,0,0,39,3,15,4,2,3,0,2,0,0,21,0,21.0
Shaquill Griffin,11845,CB,MIN,1,0,0,,0,0,18,0,0,69.0,69.0,75.8,,60.0,,0,0,0,0,,,0,0,0,0.0,0,0,0,0,30,25,30,0,0,0,0,0,0,30,0,5,0,0,0,0,0,0,0,0,0,
Jourdan Lewis,11846,CB,DAL,1,0,0,33.3,0,0,9,0,0,38.2,41.2,73.2,,52.3,75.2,0,0,0,0,13,0.0,0,1,1,47.9,1,0,0,9,18,9,34,1,0,0,1,0,0,33,0,25,6,0,2,0,3,0,0,13,1,13.0
John Johnson III,11847,S,LA,1,0,0,,0,0,26,0,0,64.3,68.0,78.1,,63.0,78.0,0,0,0,0,,0.0,0,0,0,0.0,0,0,0,5,0,12,21,0,0,0,0,0,13,21,0,9,3,0,2,0,0,0,0,0,0,
Montravius Adams,11848,DI,PIT,1,0,0,,0,0,25,0,0,,59.1,75.3,57.7,59.8,69.0,0,1,0,0,,0.0,0,0,0,0.0,0,0,0,0,0,0,24,24,10,13,0,1,0,0,18,6,0,1,2,0,0,1,0,0,0,
Rasul Douglas,11854,CB,BUF,1,1,0,60.0,0,0,4,0,0,62.4,62.5,79.3,,60.0,41.4,0,0,0,0,21,14.3,1,0,0,89.6,3,0,0,1,65,40,71,3,0,0,3,0,0,68,0,31,2,3,5,1,5,0,0,45,34,15.0
Trey Hendrickson,11858,ED,CIN,1,0,0,,0,0,7,0,0,60.7,89.8,78.5,84.0,73.1,74.3,1,3,0,0,,0.0,0,0,0,0.0,0,2,0,0,0,1,47,47,0,0,46,1,0,0,30,16,0,3,2,0,0,6,0,0,0,
Eddie Jackson,11867,S,BLT,1,1,0,,0,0,3,0,0,67.0,66.2,77.3,,54.9,45.8,0,0,0,0,,33.3,1,0,0,0.0,0,0,0,15,1,37,48,3,0,0,3,0,22,45,0,11,7,0,1,0,0,0,0,0,0,
Rayshawn Jenkins,11868,S,SEA,1,1,0,,0,0,29,0,0,72.2,80.9,73.9,57.8,79.0,82.8,0,0,0,0,,0.0,0,0,0,0.0,0,0,0,32,1,31,68,1,0,0,1,0,24,67,2,35,10,3,7,0,0,0,0,0,0,
Jalen Reeves-Maybin,11879,LB,DET,1,0,0,,0,0,11,0,0,60.6,62.0,66.5,,,,0,0,0,0,,,0,0,0,0.0,0,0,0,2,0,2,2,0,0,0,0,0,0,2,0,0,0,0,0,0,0,0,0,0,0,
Deatrich Wise Jr.,11886,ED,NE,1,0,0,,0,0,19,0,0,,74.6,77.6,68.7,66.7,69.6,0,1,0,0,,0.0,0,0,0,0.0,0,0,0,0,0,0,27,27,0,3,20,4,0,0,22,5,0,1,1,0,0,1,0,0,0,
Carlos Watkins,11897,DI,WAS,1,0,0,,0,0,32,0,0,,58.8,69.1,57.6,60.0,,0,0,0,0,,,0,0,0,0.0,0,0,0,0,0,0,3,3,0,3,0,0,0,0,2,1,0,0,0,0,0,0,0,0,0,
Grover Stewart,11899,DI,IND,1,3,0,,0,0,14,0,0,,73.6,77.5,53.8,73.0,41.7,0,0,0,0,,0.0,0,0,0,0.0,0,0,0,1,0,0,42,41,7,34,0,0,0,1,9,33,0,2,2,1,0,0,0,0,0,
Damontae Kazee,11904,S,PIT,1,0,0,100.0,0,0,25,0,0,52.8,51.3,74.7,,60.0,80.5,0,0,0,1,49,0.0,0,0,0,79.2,5,0,0,1,0,18,20,0,0,0,0,0,15,20,0,2,4,1,3,0,5,0,0,102,40,20.4
Davon Godchaux,11934,DI,NE,1,0,0,,0,0,19,0,0,,57.4,78.0,63.8,51.8,66.8,0,1,0,0,,0.0,0,0,0,0.0,0,0,0,0,0,0,47,47,20,27,0,0,0,0,30,17,0,1,1,0,0,1,0,0,0,
Chuck Clark,11941,S,NYJ,1,1,0,,0,0,22,0,0,51.2,41.9,0.0,59.2,60.7,57.4,0,0,0,0,,20.0,1,0,2,0.0,0,0,0,27,2,37,66,0,0,0,0,0,32,66,1,28,5,0,3,0,0,0,0,0,0,
Xavier Woods,11946,S,CAR,1,4,0,50.0,0,0,5,0,0,47.6,49.6,77.2,,60.2,61.1,0,0,0,0,5,14.3,1,0,0,95.8,1,0,0,18,0,24,69,1,0,0,1,0,36,68,0,45,14,0,2,0,2,0,1,5,0,5.0
D.J. Jones,11953,DI,DEN,1,0,0,,0,0,10,0,0,,43.6,77.5,64.6,42.1,67.9,0,1,0,0,,0.0,0,0,0,0.0,0,0,0,0,0,0,30,30,20,10,0,0,0,0,9,21,0,1,2,0,0,1,0,0,0,
Jeremiah Ledbetter,11960,DI,JAX,1,1,0,,0,0,15,0,0,,56.7,76.8,52.8,59.5,70.0,0,1,0,0,,0.0,0,0,0,0.0,0,0,0,0,0,0,36,36,6,30,0,0,0,0,16,20,0,1,2,0,0,1,0,0,0,
Michael Davis,12040,CB,WAS,1,1,0,60.0,0,0,32,0,0,30.9,31.1,73.6,,48.4,23.0,0,0,0,0,28,75.0,3,0,0,103.7,3,0,0,2,21,14,23,0,0,0,0,0,0,23,0,9,0,0,0,0,5,0,0,62,51,20.7
Adam Butler,12214,DI,LV,1,0,0,,0,0,23,0,0,60.0,57.7,77.3,63.2,51.3,69.2,0,0,0,0,,0.0,0,0,0,0.0,0,0,0,0,0,1,53,53,6,33,1,13,0,0,33,19,0,1,2,0,0,0,0,0,0,
Sam Kamara,24176,DI,CLV,1,0,0,,0,0,8,0,0,,74.2,72.9,61.2,72.7,70.0,0,0,0,0,,0.0,0,0,0,0.0,0,0,0,0,0,0,17,17,0,9,0,8,0,0,10,7,0,1,2,0,0,0,0,0,0,
Nathan Shepherd,24614,DI,NO,1,0,0,,0,0,20,0,0,,57.9,76.7,61.1,55.3,36.0,0,0,0,0,,20.0,1,0,0,0.0,0,0,0,0,0,0,36,36,2,34,0,0,0,0,24,12,0,3,4,0,0,0,0,0,0,
Foyesade Oluokun,24904,LB,JAX,1,1,0,100.0,0,0,15,0,0,72.6,70.5,77.1,69.9,56.7,51.5,0,1,0,0,12,25.0,2,0,0,116.7,1,1,0,40,1,31,59,8,0,0,8,0,0,51,3,25,10,3,5,0,1,2,0,12,0,12.0
Levi Wallace,25445,CB,DEN,1,0,0,100.0,0,0,10,0,0,65.6,66.1,67.9,,,72.5,0,0,0,0,12,0.0,0,0,0,116.7,1,0,0,0,2,3,3,0,0,0,0,0,0,3,0,0,1,0,1,0,1,0,0,12,7,12.0
Anfernee Jennings,25449,ED,NE,1,2,0,100.0,0,0,19,0,0,62.2,72.5,78.1,60.4,75.0,56.2,1,0,0,0,7,14.3,1,0,0,95.8,1,0,0,0,0,2,44,44,0,0,43,1,0,0,26,16,0,2,4,0,1,1,0,7,3,7.0
Sean Murphy-Bunting,25891,CB,ARZ,1,0,0,100.0,0,0,1,0,0,45.9,50.6,75.4,59.0,70.7,25.9,0,0,0,0,16,50.0,2,0,0,118.8,1,0,0,8,35,31,44,1,0,0,1,0,0,43,1,12,0,1,2,1,1,0,0,16,0,16.0
Clelin Ferrell,25955,ED,WAS,1,0,0,100.0,0,0,32,0,0,60.0,36.8,80.0,58.7,44.5,26.8,0,1,0,0,11,66.7,2,0,0,112.5,1,1,0,0,0,1,37,37,0,0,36,1,0,0,20,16,0,1,1,0,1,2,0,11,7,11.0
Dexter Lawrence,25991,DI,NYG,1,1,0,,0,0,21,0,0,60.0,75.3,80.1,65.2,72.9,70.7,0,4,0,0,,0.0,0,0,0,0.0,0,0,0,0,0,0,59,59,47,10,0,2,0,0,34,25,0,1,3,0,0,4,0,0,0,
Maxx Crosby,26316,ED,LV,1,0,1,,0,0,23,0,0,60.0,76.4,82.2,60.7,81.7,53.2,0,2,0,0,,0.0,0,0,0,0.0,0,2,0,1,0,0,65,64,0,0,64,0,0,1,39,26,0,5,4,2,0,4,0,0,0,
Bryce Huff,27128,ED,PHI,1,0,0,,0,0,24,0,0,60.8,68.2,77.3,65.0,63.6,69.9,0,2,0,0,,0.0,0,0,0,0.0,0,0,0,0,0,2,32,32,0,0,32,0,0,0,14,16,0,0,1,0,0,2,0,0,0,
Siran Neal,27130,CB,MIA,1,0,0,,0,0,17,0,0,,61.2,63.4,,60.2,,0,0,0,0,,,0,0,0,0.0,0,0,0,4,0,0,4,0,0,0,0,0,0,4,0,4,0,0,0,0,0,0,0,0,0,
Montez Sweat,27271,ED,CHI,1,0,1,,0,0,6,0,0,60.0,73.1,80.2,71.4,60.4,,0,4,0,0,,,0,0,0,0.0,0,0,0,0,1,1,41,40,0,0,38,2,0,1,29,11,0,0,0,0,0,4,0,0,0,
Devin Bush,27375,LB,CLV,1,0,0,,0,0,8,0,0,60.0,63.0,67.4,,60.0,,0,0,0,0,,,0,0,0,0.0,0,0,0,1,0,1,3,0,0,0,0,0,0,3,0,2,2,0,0,0,0,0,0,0,0,
Josh Uche,27379,ED,NE,1,1,0,100.0,0,0,19,0,0,27.6,38.1,75.6,68.4,60.0,72.4,0,3,0,0,9,0.0,0,0,0,104.2,1,0,0,1,0,5,23,22,0,0,22,0,0,1,17,1,0,0,1,0,1,3,0,9,4,9.0
DaVon Hamilton,28072,DI,JAX,1,0,0,,0,0,15,0,0,63.4,59.4,75.9,66.9,42.9,28.5,1,2,0,0,,33.3,1,0,0,0.0,0,0,0,0,0,0,27,27,0,27,0,0,0,0,16,11,0,2,2,0,0,3,0,0,0,
Dre'Mont Jones,28075,ED,SEA,1,0,0,,0,0,29,0,0,,57.0,76.4,62.6,52.5,69.9,0,1,0,0,,0.0,0,0,0,0.0,0,0,0,0,0,0,35,35,0,0,32,3,0,0,17,18,0,1,1,1,0,1,0,0,0,
Malik Harrison,28081,LB,BLT,1,2,0,100.0,0,0,3,0,0,43.0,37.6,71.7,,54.3,28.7,0,0,0,0,11,33.3,1,0,0,112.5,1,0,0,1,0,2,8,6,0,0,6,0,0,2,0,6,1,0,0,0,1,0,0,11,14,11.0
Jerome Baker,28091,LB,SEA,1,1,0,80.0,0,0,29,0,0,29.3,34.7,70.9,59.2,63.5,42.6,0,0,0,0,17,20.0,1,0,0,103.3,4,0,0,18,0,10,21,0,0,0,0,0,0,21,1,10,3,1,3,0,5,0,0,44,20,11.0
Neville Gallimore,28094,DI,LA,1,0,0,,0,0,26,0,0,,72.7,73.6,56.3,71.7,67.4,0,0,0,0,,0.0,0,0,0,0.0,0,0,0,0,0,0,16,16,0,7,1,8,0,0,4,12,0,1,1,0,0,0,0,0,0,
Troy Dye,28251,LB,LAC,1,0,0,,0,0,27,0,0,64.4,66.3,71.7,,,,0,0,0,0,,,0,0,0,0.0,0,0,0,3,0,5,5,0,0,0,0,0,0,5,0,0,2,0,0,0,0,0,0,0,0,
Kevin Givens,28308,DI,SF,1,0,0,,0,0,28,0,0,,50.2,74.3,80.5,35.2,66.8,1,0,0,0,,,0,0,0,0.0,0,1,0,0,0,0,19,19,0,17,0,2,0,0,8,11,0,1,0,0,0,2,0,0,0,
Myles Adams,28430,DI,SEA,1,0,0,,0,0,29,0,0,,60.0,65.2,60.0,,,0,0,0,0,,,0,0,0,0.0,0,0,0,0,0,0,1,1,0,1,0,0,0,0,1,0,0,0,0,0,0,0,0,0,0,
Bilal Nichols,28451,DI,ARZ,1,0,0,,0,0,1,0,0,,71.4,74.2,56.3,76.4,,0,0,0,0,,,0,0,0,0.0,0,0,0,0,0,0,21,21,0,14,0,7,0,0,15,6,0,0,0,0,0,0,0,0,0,
DeShon Elliott,28854,S,PIT,1,5,0,0.0,0,0,25,0,0,75.1,80.5,0.0,56.2,87.9,80.8,0,0,0,0,,0.0,0,0,1,39.6,0,0,0,15,0,29,47,5,0,0,5,0,6,42,2,16,21,1,3,1,3,0,0,0,0,
Jack Jones,29050,CB,LV,1,1,0,50.0,0,0,23,0,0,61.5,64.7,77.1,,72.9,77.0,0,0,0,0,13,0.0,0,2,1,65.6,2,0,0,4,60,39,65,0,0,0,0,0,0,65,0,26,1,1,2,0,4,0,0,21,5,10.5
David Long Jr.,29367,LB,MIA,1,2,0,100.0,0,0,17,0,0,45.6,61.8,74.5,71.6,70.9,63.5,0,2,0,0,21,8.3,1,0,0,158.3,4,0,0,44,0,18,45,0,0,0,0,0,0,45,2,25,1,6,9,1,4,2,1,53,20,13.3
Germaine Pratt,29407,LB,CIN,1,5,0,100.0,0,1,7,1,0,61.5,83.9,76.2,58.3,90.9,72.6,1,0,0,0,5,0.0,0,0,0,87.5,1,0,0,55,1,33,61,2,0,0,2,0,2,59,1,27,1,5,11,0,1,1,0,5,0,5.0
Logan Wilson,29623,LB,CIN,1,3,0,100.0,0,0,7,0,0,77.8,62.9,76.2,67.4,34.0,62.7,0,0,0,0,13,9.1,1,0,0,104.2,2,0,0,52,0,35,65,1,0,0,1,0,2,64,3,27,10,2,7,0,2,0,0,18,28,9.0
Andrew Van Ginkel,30267,ED,MIN,1,0,0,100.0,1,0,18,0,0,66.0,66.2,0.0,71.0,63.0,75.7,0,2,0,0,12,0.0,0,0,1,100.0,2,1,0,6,0,17,57,49,0,0,49,0,0,8,22,18,2,2,3,1,2,3,0,16,2,8.0
T.J. Edwards,30737,LB,CHI,1,0,0,100.0,0,0,6,0,0,42.2,55.3,74.9,53.8,77.5,64.8,0,0,0,0,28,12.5,1,0,0,158.3,3,0,0,47,1,36,62,8,0,0,8,0,0,54,4,22,6,3,7,0,3,0,1,44,28,14.7
George Odum,31342,S,SF,1,0,0,100.0,0,0,28,0,0,51.6,53.2,72.2,,62.8,79.4,0,0,0,0,97,0.0,0,2,0,158.3,2,0,0,9,0,15,23,1,0,0,1,0,12,22,0,8,1,0,2,0,2,0,1,114,57,57.0
Mike Hughes,34057,CB,ATL,1,1,0,0.0,0,0,2,0,0,75.6,74.6,74.9,,65.2,48.9,0,0,0,0,,16.7,1,0,0,39.6,0,0,0,12,35,27,49,2,0,0,2,0,0,47,0,22,0,3,4,0,1,0,0,0,0,
Zack Baun,34632,LB,PHI,1,1,0,85.7,0,0,24,0,0,30.3,29.1,76.3,52.8,42.4,46.8,0,0,0,0,13,20.0,2,0,0,90.5,6,0,0,55,0,29,60,3,0,0,3,0,0,57,5,26,2,1,7,0,7,0,0,40,34,6.7
Akeem Davis-Gaither,34788,LB,CIN,1,1,0,66.7,0,0,7,0,0,91.9,90.4,69.0,58.8,54.0,74.8,0,0,0,1,1,0.0,0,0,0,70.1,2,0,0,9,0,8,16,1,0,0,1,0,1,15,1,7,5,1,1,0,3,0,1,2,7,1.0
Jamel Dean,34918,CB,TB,1,2,0,57.1,1,0,30,0,0,71.3,68.2,79.9,55.8,50.6,82.2,0,0,0,0,50,0.0,0,1,1,94.3,4,0,0,2,79,58,85,0,0,0,0,0,0,85,2,25,4,3,8,0,7,0,0,75,11,18.8
Trevis Gipson,35241,ED,SEA,1,0,0,,0,0,29,0,0,,81.9,72.1,68.7,68.4,,0,0,0,0,,,0,0,0,0.0,0,0,0,0,0,0,7,7,0,0,7,0,0,0,3,4,0,0,0,0,0,0,0,0,0,
Blake Cashman,35413,LB,MIN,1,7,0,75.0,0,0,18,0,0,90.9,80.9,76.4,63.7,41.7,65.0,0,0,0,0,12,8.3,1,3,0,93.8,3,1,0,65,0,38,69,2,0,0,2,0,0,67,6,25,2,3,4,0,4,1,0,28,12,9.3
Darrell Taylor,36001,ED,CHI,1,0,0,,0,0,6,0,0,60.5,64.7,77.6,52.5,74.2,69.6,1,0,0,0,,0.0,0,0,0,0.0,0,0,0,0,0,2,27,27,0,0,27,0,0,0,18,7,0,1,1,0,0,1,0,0,0,
Shy Tuttle,37279,DI,CAR,1,1,0,,0,0,5,0,0,69.2,54.3,77.4,53.9,49.9,71.0,0,0,0,0,,0.0,0,0,0,0.0,0,0,0,0,0,0,40,40,30,10,0,0,0,0,13,27,0,1,2,0,0,0,0,0,0,
Quinton Bell,37468,ED,MIA,1,0,0,,0,0,17,0,0,,61.1,73.9,67.5,56.7,70.5,0,1,0,0,,0.0,0,0,0,0.0,0,0,0,0,0,0,16,16,0,0,16,0,0,0,3,13,0,1,1,0,0,1,0,0,0,
Troy Reeder,38268,LB,LA,1,5,0,100.0,0,0,26,0,0,71.1,65.8,75.3,,57.3,62.9,0,0,0,0,9,11.1,1,0,0,89.6,2,0,0,64,0,26,65,0,0,0,0,0,0,65,0,39,1,1,3,0,2,0,0,11,5,5.5
Camryn Bynum,38408,S,MIN,1,3,0,66.7,0,0,18,0,0,52.6,49.8,78.2,58.3,54.3,67.7,0,0,0,0,17,11.1,1,0,0,95.1,2,0,0,4,4,38,57,2,0,0,2,0,42,55,1,18,5,2,5,0,3,0,0,27,1,13.5
Casey Toohill,38472,ED,BUF,1,0,0,,0,0,4,0,0,,59.2,76.6,60.3,57.6,72.0,0,0,0,0,,0.0,0,0,0,0.0,0,0,0,0,0,0,23,23,0,0,23,0,0,0,10,13,0,2,2,1,0,0,0,0,0,
Folorunso Fatukasi,38558,DI,HST,1,0,0,,0,0,13,0,0,,50.2,0.0,63.6,54.8,68.7,1,1,0,0,,0.0,0,0,1,0.0,0,0,0,0,0,0,35,35,0,32,0,3,0,0,20,15,0,1,2,1,0,2,0,0,0,
Eric Wilson,38587,LB,GB,1,0,0,0.0,0,1,12,0,0,98.5,99.4,68.6,,51.0,29.2,0,0,0,1,,50.0,1,0,0,0.0,0,0,0,4,0,4,8,3,0,0,3,0,0,5,0,4,1,0,1,0,1,0,0,0,0,
Tershawn Wharton,40292,DI,KC,1,0,0,,0,1,16,0,0,,70.7,77.2,71.2,59.9,28.4,0,2,0,0,,50.0,1,0,0,0.0,0,1,0,0,0,0,44,44,10,28,2,4,0,0,32,12,0,1,1,0,0,3,0,0,0,
Chazz Surratt,40313,LB,NYJ,1,0,0,,0,0,22,0,0,,64.4,65.5,58.8,63.7,71.7,0,0,0,0,,,0,0,0,0.0,0,0,0,5,0,0,6,1,0,0,1,0,0,5,1,5,0,0,0,0,0,0,0,0,0,
L'Jarius Sneed,40588,CB,TEN,1,0,0,50.0,0,0,31,0,0,48.8,46.4,0.0,,64.2,74.5,0,0,0,0,26,0.0,0,0,1,80.2,2,0,0,1,52,34,57,1,0,0,1,0,0,56,0,23,3,0,2,0,4,0,0,35,9,17.5
Ko Kieft,41372,TE,TB,1,0,0,,0,0,30,0,0,,60.0,60.1,60.0,,,0,0,0,0,,,0,0,0,0.0,0,0,0,0,0,0,1,0,0,0,0,0,0,1,1,0,0,0,0,0,0,0,0,0,0,
Trevon Diggs,41817,CB,DAL,1,0,0,100.0,1,0,9,0,0,51.9,51.7,77.4,,52.7,78.0,0,0,0,0,39,0.0,0,0,1,118.8,1,0,0,3,51,20,55,0,0,0,0,0,0,55,0,35,1,1,4,0,1,0,0,39,19,39.0
Ed Oliver,42200,DI,BUF,1,0,0,,0,0,4,0,0,,81.2,77.5,82.9,64.1,71.8,0,2,0,0,,0.0,0,0,0,0.0,0,1,0,1,0,0,46,45,2,27,3,13,0,1,27,19,0,2,2,1,0,3,0,0,0,
Divine Deablo,42208,LB,LV,1,0,0,100.0,0,0,23,0,0,61.5,70.8,72.6,70.4,70.6,31.3,0,0,0,0,12,28.6,2,0,0,116.7,1,0,0,35,0,21,43,5,0,0,5,0,1,38,2,20,2,2,5,0,1,0,0,12,12,12.0
Janarius Robinson,42447,ED,LV,1,0,0,,0,0,23,0,0,,32.4,0.0,54.3,35.0,27.8,0,1,0,0,,100.0,1,0,1,0.0,0,0,0,0,0,0,36,36,0,0,34,2,0,0,26,10,0,0,0,0,0,1,0,0,0,
Isaiah Simmons,42451,LB,NYG,1,1,0,,0,0,21,0,0,53.9,55.4,75.4,59.0,63.1,75.1,0,0,0,0,,0.0,0,0,0,0.0,0,0,0,10,0,12,16,2,0,0,2,0,0,14,1,3,4,1,2,0,0,0,0,0,0,
K'Von Wallace,42467,S,SEA,1,0,0,100.0,0,0,29,0,0,47.5,30.6,71.8,,39.7,30.9,0,0,0,0,5,0.0,0,0,0,127.1,1,0,0,4,2,8,13,0,0,0,0,0,6,13,0,5,1,0,2,0,1,0,1,5,0,5.0
Daniel Thomas,42544,S,JAX,1,0,0,,0,0,15,0,0,60.0,60.4,70.4,,60.0,,0,0,0,0,,,0,0,0,0.0,0,0,0,0,0,1,4,1,0,0,1,0,2,3,0,3,1,0,0,0,0,0,0,0,0,
Krys Barnes,42548,LB,ARZ,1,1,0,50.0,0,0,1,0,0,36.7,51.8,71.1,71.3,65.3,77.2,0,0,0,0,12,0.0,0,0,0,68.8,1,1,0,18,0,8,20,0,0,0,0,0,0,20,2,10,2,2,2,0,2,1,0,12,6,12.0
Nazeeh Johnson,42553,CB,KC,1,0,0,50.0,0,0,16,0,0,50.6,51.8,75.1,,60.0,,0,0,0,0,4,,0,0,0,95.8,1,0,0,0,20,18,22,0,0,0,0,0,0,22,0,4,2,0,0,0,2,0,1,4,0,4.0
Chauncey Golston,42718,ED,DAL,1,1,0,,0,0,9,0,0,,72.1,76.8,62.6,69.3,41.6,0,0,0,0,,25.0,1,0,0,0.0,0,1,0,0,0,0,28,28,0,2,15,11,0,0,8,20,0,2,2,0,0,1,0,0,0,
Nick Bosa,42741,ED,SF,1,1,0,100.0,0,0,28,0,0,61.1,78.5,80.7,69.4,73.2,74.7,0,1,0,0,7,0.0,0,0,0,95.8,1,2,0,0,0,1,46,46,0,1,44,1,0,0,28,17,0,2,2,0,1,3,0,7,1,7.0
Osa Odighizuwa,42754,DI,DAL,1,0,0,,0,0,9,0,0,60.0,36.9,76.9,65.1,29.6,68.7,1,0,0,0,,0.0,0,1,0,0.0,0,0,0,0,0,0,40,40,0,34,0,6,0,0,16,24,0,2,2,1,0,1,0,0,0,
Kristian Fulton,42894,CB,LAC,1,0,0,33.3,0,0,27,0,0,89.9,87.9,77.9,,63.5,72.8,0,0,0,0,-2,0.0,0,1,0,42.4,1,0,0,0,42,26,43,0,0,0,0,0,0,43,0,17,1,1,1,1,3,0,0,-2,0,-2.0
Rashan Gary,42905,ED,GB,1,0,0,,0,0,12,0,0,60.0,45.5,78.2,51.7,60.0,,0,0,0,0,,,0,0,0,0.0,0,0,0,0,0,1,37,37,0,0,34,3,0,0,24,12,0,0,0,0,0,0,0,0,0,
Jonathon Cooper,43021,ED,DEN,1,1,0,,0,0,10,0,0,64.5,57.0,5.2,55.8,64.4,55.8,0,2,0,0,,14.3,1,0,1,0.0,0,0,0,0,0,4,55,55,0,0,55,0,0,0,28,23,0,4,5,0,0,2,0,0,0,
Charvarius Ward,43034,CB,SF,1,0,0,50.0,0,0,28,0,0,65.3,54.6,76.3,,28.7,27.0,0,0,0,0,10,50.0,1,0,0,104.2,1,0,0,5,45,31,53,1,0,0,1,0,0,52,0,22,2,0,1,0,2,0,1,10,0,10.0
Brandon Jones,43049,S,DEN,1,4,0,,0,0,10,0,0,60.9,70.2,73.7,,78.1,64.5,0,0,0,0,,12.5,1,0,0,0.0,0,0,0,10,2,27,57,0,0,0,0,0,36,57,0,30,9,2,3,0,0,0,0,0,0,
Jeremy Chinn,43179,S,WAS,1,0,0,100.0,0,0,32,1,0,62.7,54.9,76.8,41.3,51.0,23.7,0,2,0,0,4,75.0,3,0,0,118.8,3,0,0,18,1,31,56,9,0,0,9,0,17,47,2,23,11,1,1,0,3,2,1,8,4,2.7
Mack Wilson Sr.,43190,LB,ARZ,1,2,0,50.0,0,0,1,0,0,65.5,57.1,0.0,55.6,64.2,48.5,0,0,0,0,10,25.0,1,0,1,64.6,1,0,0,8,0,13,23,11,0,0,11,0,0,12,2,8,4,0,1,0,2,0,0,10,8,10.0
Richie Grant,43196,S,ATL,1,0,0,0.0,0,0,2,0,0,79.1,84.8,73.8,,60.2,77.2,0,0,0,0,,0.0,0,1,0,39.6,0,0,0,4,0,4,10,0,0,0,0,0,5,10,0,6,1,0,1,0,1,0,0,0,0,
Joe Bachie,43250,LB,CIN,1,0,0,,0,0,7,0,0,60.0,62.3,65.2,60.0,,,0,0,0,0,,,0,0,0,0.0,0,0,0,1,0,1,2,1,0,0,1,0,0,1,1,0,0,0,0,0,0,0,0,0,0,
Damar Hamlin,43291,S,BUF,1,1,0,33.3,0,0,4,0,0,52.1,59.0,79.5,,76.7,89.5,0,0,0,0,5,0.0,0,0,0,42.4,1,0,0,10,1,40,71,0,0,0,0,0,56,71,0,31,4,2,9,1,3,0,0,5,1,5.0
Josh Metellus,43395,S,MIN,1,1,0,100.0,0,0,18,0,0,61.5,68.5,74.5,68.6,72.7,83.2,0,1,0,1,14,0.0,0,0,0,72.9,4,0,0,21,2,33,50,1,0,0,1,0,17,49,4,13,9,2,7,1,4,1,0,44,10,11.0
Alex Highsmith,43507,ED,PIT,1,0,0,100.0,0,0,25,0,0,78.9,59.1,0.0,69.0,50.7,75.6,0,3,0,0,6,0.0,0,0,2,87.5,2,1,0,0,0,6,49,49,0,0,49,0,0,0,30,13,0,3,3,1,2,4,0,10,3,5.0
Levi Onwuzurike,43679,DI,DET,1,2,0,,0,1,11,0,0,,64.7,76.2,57.5,67.4,33.1,1,1,0,0,,33.3,1,0,0,0.0,0,1,0,0,0,0,36,36,0,6,8,22,0,0,22,14,0,0,0,0,0,3,0,0,0,
Jeffery Simmons,43742,DI,TEN,1,2,0,,0,0,31,0,0,60.0,65.4,0.0,57.1,76.7,71.7,0,0,0,0,,0.0,0,0,1,0.0,0,0,0,0,0,0,44,44,0,23,3,18,0,0,26,18,0,3,3,0,0,0,0,0,0,
Pat Jones II,43974,ED,MIN,1,1,0,,0,0,18,0,0,61.4,88.6,76.8,69.7,89.2,76.4,0,1,0,0,,0.0,0,0,0,0.0,0,2,0,0,0,3,34,34,0,0,33,1,0,0,22,9,0,4,2,1,0,3,0,0,0,
Byron Murphy Jr.,44027,CB,MIN,1,0,0,83.3,0,0,18,0,0,59.5,60.9,77.7,59.0,66.2,28.4,0,0,0,0,25,33.3,2,0,0,112.5,5,0,0,0,37,35,55,0,0,0,0,0,0,55,1,19,18,2,4,0,6,0,0,66,16,13.2
Benito Jones,44035,DI,MIA,1,0,0,,0,0,17,0,0,,64.1,75.0,68.9,58.5,,0,0,0,0,,,0,0,0,0.0,0,0,0,0,0,0,16,16,6,10,0,0,0,0,4,12,0,0,0,0,0,0,0,0,0,
Julian Okwara,44152,ED,ARZ,1,2,0,100.0,0,0,1,0,0,43.9,48.6,0.0,59.5,75.4,72.0,0,0,0,0,13,0.0,0,0,1,118.8,1,0,0,0,0,3,15,15,0,0,15,0,0,0,7,5,0,0,0,0,1,0,0,13,9,13.0
Quinnen Williams,44216,DI,NYJ,1,0,0,,0,0,22,0,0,60.0,62.1,77.1,57.4,63.7,28.6,0,2,0,0,,33.3,1,0,0,0.0,0,0,0,0,0,1,49,49,1,29,5,14,0,0,31,17,0,1,2,0,0,2,0,0,0,
Nnamdi Madubuike,44304,DI,BLT,1,0,0,,0,0,3,0,0,62.7,66.1,77.3,56.6,63.0,70.8,1,1,0,0,,0.0,0,0,1,0.0,0,0,0,0,0,0,41,41,0,28,3,10,0,0,30,11,0,3,3,2,0,2,0,0,0,
Isaiahh Loudermilk,44416,DI,PIT,1,1,1,,0,0,25,0,0,,69.3,73.7,60.0,68.8,70.2,0,1,0,0,,0.0,0,0,0,0.0,0,0,0,0,0,0,15,15,0,6,1,8,0,0,11,4,0,1,2,0,0,1,0,0,0,
Kyzir White,44485,LB,ARZ,1,3,0,66.7,0,0,1,0,0,44.3,42.2,76.7,56.9,54.7,55.5,0,2,0,0,22,12.5,1,0,0,99.3,2,0,0,43,0,23,44,1,0,0,1,0,0,43,9,12,0,1,4,0,3,2,0,30,22,15.0
Brian Burns,44522,ED,NYG,1,0,1,,0,0,21,0,0,60.1,80.2,80.8,71.3,74.4,73.7,0,2,0,0,,0.0,0,0,0,0.0,0,0,0,1,0,1,64,63,0,0,63,0,0,1,36,27,0,3,3,0,0,2,0,0,0,
Raekwon Davis,44582,DI,IND,1,0,0,,0,0,14,0,0,,52.3,76.0,56.7,53.4,25.2,0,0,0,0,,33.3,1,0,0,0.0,0,0,0,0,0,0,30,30,4,26,0,0,0,0,4,26,0,1,2,0,0,0,0,0,0,
Jonah Williams,44597,DI,MIN,1,0,0,,0,0,18,0,0,,39.5,75.4,65.7,33.1,69.2,1,0,0,0,,,0,0,0,0.0,0,0,0,0,0,0,23,23,0,13,4,6,0,0,12,11,0,0,0,0,0,1,0,0,0,
Luke Masterson,45046,LB,LV,1,0,0,50.0,0,0,23,0,0,34.0,36.5,71.8,58.9,64.1,71.7,0,0,0,0,4,0.0,0,0,0,56.3,1,0,0,11,0,6,12,0,0,0,0,0,0,12,1,5,1,1,1,0,2,0,0,4,0,4.0
Jordan Fuller,45326,S,CAR,1,1,0,,0,0,5,0,0,65.6,74.1,74.4,,76.3,84.5,0,0,0,0,,0.0,0,0,0,0.0,0,0,0,17,0,24,69,0,0,0,0,0,41,69,0,45,11,1,5,0,0,0,0,0,0,
Brandon Stephens,45644,CB,BLT,1,0,0,66.7,0,0,3,0,0,66.8,67.3,78.1,,63.4,29.6,0,0,0,0,30,33.3,1,0,1,109.7,4,0,0,3,57,45,61,0,0,0,0,0,0,61,0,16,1,1,2,0,6,0,0,87,14,21.8
Da'Shawn Hand,48386,DI,MIA,1,0,0,,0,0,17,0,0,,63.3,75.4,64.7,60.0,67.3,0,1,0,0,,0.0,0,0,0,0.0,0,0,0,0,0,0,24,24,0,19,0,5,0,0,7,17,0,1,1,0,0,1,0,0,0,
Jalyn Holmes,48400,DI,NYJ,1,1,0,,0,0,22,0,0,,64.4,72.7,54.5,66.0,68.1,0,1,0,0,,0.0,0,0,0,0.0,0,0,0,0,0,0,15,15,0,8,0,7,0,0,5,10,0,0,0,0,0,1,0,0,0,
Kentavius Street,48404,DI,ATL,1,0,0,,1,0,2,0,0,,42.1,74.5,54.2,45.1,,0,0,0,0,,,0,0,1,0.0,0,0,0,0,0,0,22,22,6,11,0,5,0,0,8,14,0,0,0,0,0,0,0,0,0,
Anthony Nelson,48405,ED,TB,1,0,0,,0,0,30,0,0,64.1,64.6,77.2,69.6,49.8,74.9,3,0,0,0,,0.0,0,0,0,0.0,0,0,0,0,0,2,26,24,0,1,22,1,0,2,17,7,1,0,2,0,0,3,0,0,0,
Jonathan Greenard,48407,ED,MIN,1,0,0,,0,0,18,0,0,60.0,61.8,2.1,65.4,64.1,71.2,0,6,0,0,,0.0,0,0,1,0.0,0,1,0,0,0,1,47,47,0,0,47,0,0,0,30,16,0,2,1,0,0,7,0,0,0,
Mike Danna,48415,ED,KC,1,2,0,,0,0,16,0,0,61.2,73.2,80.1,63.1,73.0,74.7,0,2,0,0,,0.0,0,0,0,0.0,0,1,0,0,0,1,45,45,0,3,36,6,0,0,30,14,0,3,2,1,0,3,0,0,0,
James Smith-Williams,48455,ED,ATL,1,1,0,100.0,0,0,2,0,0,62.8,53.2,78.6,48.4,57.3,71.9,0,0,0,0,4,0.0,0,0,0,83.3,1,0,0,0,0,3,39,38,0,1,35,2,0,1,16,20,1,1,1,1,1,0,0,4,10,4.0
Sam Hubbard,48457,ED,CIN,1,0,0,,0,0,7,0,0,61.7,67.6,79.6,57.1,63.5,72.0,0,1,0,0,,0.0,0,0,0,0.0,0,0,0,0,0,0,48,48,0,1,39,8,0,0,27,21,0,2,3,0,0,1,0,0,0,
Tyquan Lewis,48475,ED,IND,1,0,0,,0,0,14,0,0,,51.1,78.9,50.7,54.2,72.5,0,2,0,0,,0.0,0,0,0,0.0,0,0,0,0,0,0,44,44,4,4,27,9,0,0,15,29,0,3,4,0,0,2,0,0,0,
Carl Granderson,48500,ED,NO,1,2,0,,0,0,20,0,0,60.0,85.6,80.0,78.7,70.8,74.6,0,6,0,0,,0.0,0,0,0,0.0,0,2,0,0,0,1,54,54,0,1,53,0,0,0,40,13,0,2,1,0,0,8,0,0,0,
Oshane Ximines,48538,ED,NE,1,0,0,,0,0,19,0,0,60.0,68.0,68.1,59.1,60.0,,0,0,0,0,,,0,0,0,0.0,0,0,0,0,0,1,3,3,0,0,3,0,0,0,1,1,0,0,0,0,0,0,0,0,0,
Dorance Armstrong,48557,ED,WAS,1,0,0,,0,0,32,0,0,60.0,48.2,79.2,64.3,36.8,26.9,2,1,0,0,,50.0,1,0,0,0.0,0,0,0,1,0,1,35,34,0,0,32,2,0,1,19,15,0,1,1,0,0,3,0,0,0,
Harold Landry III,48600,ED,TEN,1,1,1,100.0,0,0,31,0,0,63.5,67.3,80.4,62.5,64.7,73.0,0,1,0,0,3,0.0,0,0,0,79.2,1,2,0,1,0,6,50,48,0,0,48,0,0,2,23,21,1,2,0,0,1,3,0,3,8,3.0
Roy Lopez,48676,DI,ARZ,1,1,0,,0,0,1,0,0,,60.4,74.1,76.2,50.6,28.6,0,2,0,0,,33.3,1,0,0,0.0,0,0,0,0,0,0,22,22,7,12,0,3,0,0,9,13,0,1,1,0,0,2,0,0,0,
Harrison Phillips,48690,DI,MIN,1,2,0,,0,0,18,0,0,,60.3,77.6,55.8,61.8,70.0,0,0,0,0,,0.0,0,0,0,0.0,0,0,0,0,0,0,44,44,8,36,0,0,0,0,25,19,0,0,1,0,0,0,0,0,0,
Daron Payne,48698,DI,WAS,1,0,0,,0,0,32,0,0,,72.4,77.6,62.4,71.8,,0,2,0,0,,,0,0,0,0.0,0,0,0,0,0,0,41,41,3,27,1,10,0,0,24,17,0,0,0,0,0,2,0,0,0,
Greg Gaines,48706,DI,TB,1,0,0,,0,0,30,0,0,60.0,57.1,78.9,64.3,47.3,23.1,2,0,0,0,,50.0,1,0,0,0.0,0,0,0,0,0,1,66,66,3,54,3,6,0,0,47,18,0,1,1,0,0,2,0,0,0,
Taven Bryan,48753,DI,IND,1,0,0,,0,0,14,0,0,,58.0,75.2,68.8,55.0,67.3,0,0,0,0,,0.0,0,0,0,0.0,0,0,0,0,0,0,25,25,2,22,0,1,0,0,4,21,0,0,1,0,0,0,0,0,0,
L.J. Collier,48822,ED,ARZ,1,0,0,,0,0,1,1,0,,56.0,73.9,61.5,52.6,,2,0,0,0,,,0,0,0,0.0,0,0,0,0,0,0,20,20,0,7,1,12,0,0,15,5,0,0,0,0,0,2,0,0,0,
Daniel Ekuale,48874,DI,NE,1,0,0,,0,0,19,0,0,61.2,69.0,77.3,61.6,62.1,70.5,0,0,0,0,,0.0,0,0,0,0.0,0,1,0,0,0,0,54,54,4,24,0,26,0,0,43,11,0,2,2,0,0,1,0,0,0,
Poona Ford,48875,DI,LAC,1,1,0,,0,0,27,0,0,,65.1,74.7,62.9,62.3,26.2,0,0,0,0,,50.0,1,0,0,0.0,0,0,0,0,0,0,19,19,0,19,0,0,0,0,10,9,0,0,0,0,0,0,0,0,0,
Justin Jones,48940,DI,ARZ,1,1,1,,0,0,1,0,0,,61.9,76.5,52.5,69.7,70.5,1,0,0,0,,0.0,0,0,0,0.0,0,0,0,0,0,0,35,35,0,14,3,18,0,0,25,10,0,1,1,1,0,1,0,0,0,
Vita Vea,48956,DI,TB,1,1,1,,0,0,30,0,0,60.0,79.5,76.6,91.0,42.4,67.3,0,4,0,0,,0.0,0,0,0,0.0,0,0,0,0,0,1,39,39,9,28,1,1,0,0,29,9,0,0,0,0,0,4,0,0,0,
Tim Settle,48966,DI,HST,1,0,0,,0,0,13,0,0,,51.2,75.7,54.5,54.0,,0,2,0,0,,,0,0,0,0.0,0,0,0,0,0,0,25,25,0,16,0,9,0,0,20,5,0,0,0,0,0,2,0,0,0,
Khalil Davis,48988,DI,HST,1,0,0,,0,0,13,0,0,,40.0,75.5,60.0,32.2,,0,2,0,0,,,0,0,0,0.0,0,0,0,0,0,0,28,28,0,20,0,8,0,0,20,8,0,0,0,0,0,2,0,0,0,
Justin Reid,49048,S,KC,1,2,0,66.7,0,0,16,0,0,54.1,60.4,77.1,74.3,71.9,83.3,0,1,0,0,37,0.0,0,0,0,109.7,2,0,0,26,1,40,59,4,0,0,4,0,19,55,3,16,9,1,5,0,3,1,0,41,29,20.5
Tre Flowers,49059,CB,JAX,1,0,0,100.0,0,0,15,0,0,41.1,39.4,69.6,58.4,60.0,25.5,0,0,0,0,10,33.3,1,0,0,101.4,3,0,0,6,0,9,11,1,0,0,1,0,1,10,1,1,3,2,2,0,3,0,0,25,12,8.3
Jalen Thompson,49116,S,ARZ,1,0,0,100.0,0,0,1,0,0,44.0,44.5,73.4,58.3,63.8,80.4,0,0,0,0,24,0.0,0,0,0,118.8,4,0,0,30,0,31,44,0,0,0,0,0,2,44,1,12,12,0,5,0,4,0,0,56,20,14.0
Jessie Bates III,49162,S,ATL,1,2,0,50.0,0,0,2,0,0,61.5,62.6,74.7,57.2,62.8,46.9,0,1,0,1,4,18.2,2,1,0,16.7,1,0,0,27,0,37,72,3,0,0,3,0,35,69,1,34,7,2,7,1,2,1,0,4,2,4.0
Elijah Campbell,49190,S,MIA,1,0,0,,0,0,17,0,0,,52.3,65.0,,57.4,75.2,0,0,0,0,,0.0,0,0,0,0.0,0,0,0,2,0,0,4,0,0,0,0,0,2,4,0,4,0,0,1,0,0,0,0,0,0,
Jordan Whitehead,49196,S,TB,1,2,0,57.1,0,0,30,0,0,70.6,74.4,75.9,56.2,69.7,31.8,0,0,0,0,17,28.6,4,1,0,71.1,4,0,0,40,3,58,85,0,0,0,0,0,35,85,2,25,7,4,8,1,7,0,0,36,17,9.0
Ronnie Harrison,49206,S,IND,1,0,0,,0,0,14,0,0,,32.1,61.5,,60.0,22.3,0,0,0,0,,100.0,1,0,0,0.0,0,0,0,1,0,0,1,0,0,0,0,0,0,1,0,1,0,0,0,0,0,0,0,0,0,
Demetrius Flannigan-Fowles,49231,LB,SF,1,0,0,,0,0,28,0,0,63.3,54.5,68.6,,51.6,73.5,0,0,0,0,,0.0,0,0,0,0.0,0,0,0,18,0,6,20,1,0,0,1,0,0,19,0,14,1,1,2,0,0,0,0,0,0,
Carlton Davis III,49335,CB,DET,1,0,0,80.0,0,0,11,0,0,51.6,54.6,76.2,,66.0,78.7,0,0,0,0,18,0.0,0,0,0,114.2,4,0,0,5,40,29,48,0,0,0,0,0,0,48,0,19,3,1,5,0,5,0,0,57,17,14.3
Kindle Vildor,49346,CB,DET,1,0,0,,0,0,11,0,0,61.3,62.3,69.1,,60.0,,0,0,0,0,,,0,0,0,0.0,0,0,0,0,4,2,4,0,0,0,0,0,0,4,0,2,0,0,0,0,0,0,0,0,0,
Jaire Alexander,49350,CB,GB,1,0,0,33.3,0,0,12,0,0,69.5,70.7,77.1,,69.4,75.1,0,0,0,0,18,0.0,0,0,0,54.9,1,0,0,2,54,39,56,0,0,0,0,0,0,56,0,17,0,0,2,0,3,0,0,18,2,18.0
Ugo Amadi,49352,CB,NO,1,0,0,66.7,0,0,20,0,0,42.4,40.1,70.3,,,75.1,0,0,0,0,19,0.0,0,0,0,95.1,2,0,0,2,0,7,7,0,0,0,0,0,0,7,0,0,5,0,2,0,3,0,0,27,10,13.5
Isaac Yiadom,49355,CB,SF,1,0,0,75.0,0,0,28,1,0,56.7,54.3,77.1,,54.5,76.2,0,0,0,0,26,0.0,0,0,0,108.3,3,0,0,1,31,26,34,1,0,0,1,0,0,33,0,8,1,0,3,0,4,0,0,42,4,14.0
C.J. Gardner-Johnson,49371,S,PHI,1,3,0,100.0,0,0,24,0,0,65.3,65.5,78.5,,58.8,42.9,0,0,0,0,42,28.6,2,0,0,158.3,1,0,0,18,0,34,61,0,0,0,0,0,34,61,0,27,9,1,2,0,1,0,1,42,25,42.0
Donte Jackson,49377,CB,PIT,1,2,0,0.0,0,0,25,0,0,65.2,68.4,75.9,,73.2,76.3,0,0,0,0,,0.0,0,0,0,39.6,0,0,0,9,43,38,53,0,0,0,0,0,1,53,0,15,0,1,1,1,1,0,0,0,0,
Cam Lewis,49395,S,BUF,1,1,0,85.7,0,0,4,0,0,49.2,51.8,74.1,66.2,57.5,44.5,0,1,0,0,17,20.0,1,0,0,133.0,6,0,0,30,2,38,71,2,0,0,2,0,0,69,2,31,37,1,3,0,7,1,1,45,33,7.5
Donovan Wilson,49408,S,DAL,1,3,0,100.0,0,0,9,0,0,41.8,51.1,76.3,,72.4,83.3,0,0,0,1,70,0.0,0,0,0,118.8,1,0,0,12,0,20,56,2,0,0,2,0,41,54,0,36,1,0,3,0,1,0,1,70,20,70.0
Denzel Ward,49558,CB,CLV,1,0,0,25.0,0,0,8,0,0,90.4,90.4,71.1,,62.7,73.3,0,0,0,0,26,0.0,0,1,0,54.2,1,0,0,1,10,8,11,0,0,0,0,0,0,11,0,3,0,0,1,0,4,0,0,26,7,26.0
Zach Allen,49605,DI,DEN,1,2,0,,0,0,10,0,0,60.0,58.7,77.4,78.1,44.2,28.8,2,6,0,0,,33.3,2,0,0,0.0,0,1,0,0,0,0,61,61,0,6,4,51,0,0,33,28,0,2,2,0,0,9,0,0,0,
Nick Thurman,49607,DI,CAR,1,3,0,,0,0,5,0,0,,45.4,76.3,52.8,47.9,71.3,0,0,0,0,,0.0,0,0,0,0.0,0,0,0,0,0,0,40,40,10,12,0,18,0,0,10,30,0,0,1,0,0,0,0,0,0,
Quincy Williams,49779,LB,NYJ,1,0,0,87.5,0,0,22,1,0,74.0,69.8,73.2,59.4,58.9,70.0,0,0,0,0,22,9.1,1,0,0,91.7,7,0,0,56,2,37,66,2,0,0,2,0,0,64,1,28,6,7,10,0,8,0,0,48,25,6.9
Azeez Al-Shaair,49792,LB,HST,1,2,0,50.0,0,0,13,0,0,86.3,87.6,75.4,54.9,76.9,81.2,1,3,0,0,3,0.0,0,0,0,56.3,1,1,0,66,1,38,70,1,0,0,1,0,0,69,13,19,2,6,6,1,2,5,0,3,1,3.0
Zaire Franklin,49834,LB,IND,1,6,0,100.0,0,1,14,0,0,64.3,42.9,77.1,52.6,38.9,54.7,0,3,0,0,5,8.3,1,0,0,83.3,2,0,0,60,0,17,70,0,0,0,0,0,1,70,3,50,9,3,5,0,2,3,0,8,8,4.0
Christian Rozeboom,49862,LB,LA,1,1,0,100.0,0,0,26,0,0,41.3,40.4,71.4,56.3,50.0,26.3,0,0,0,0,21,40.0,4,0,0,113.5,4,0,0,48,0,16,52,0,0,0,0,0,0,52,2,34,4,2,5,0,4,0,0,45,30,11.3
B.J. Hill,49894,DI,CIN,1,0,0,,0,0,7,0,0,,69.9,74.2,56.5,69.9,65.9,0,0,0,0,,0.0,0,0,0,0.0,0,0,0,0,0,0,14,14,1,11,1,1,0,0,7,7,0,0,1,0,0,0,0,0,0,
Sebastian Joseph-Day,49935,DI,TEN,1,0,0,,0,0,31,0,0,,29.2,76.0,52.4,29.4,70.2,0,0,0,0,,0.0,0,0,0,0.0,0,0,0,0,0,0,19,19,0,5,10,4,0,0,10,9,0,2,2,0,0,0,0,0,0,
Jerry Tillery,49949,DI,MIN,1,0,0,,0,0,18,0,0,,60.1,77.8,54.8,62.8,67.3,0,2,0,0,,0.0,0,0,0,0.0,0,0,0,0,0,0,38,38,0,12,15,11,0,0,20,18,0,1,1,0,0,2,0,0,0,
Derrick Nnadi,49970,DI,KC,1,0,0,,0,0,16,0,0,,34.6,74.1,40.4,48.2,26.4,0,0,0,0,,0.0,0,0,0,0.0,0,0,0,0,0,0,14,14,1,13,0,0,0,0,6,8,0,1,1,0,0,0,0,0,0,
Broderick Washington,50049,DI,BLT,1,0,0,,0,0,3,0,0,,66.3,74.8,55.7,71.6,68.4,0,0,0,0,,0.0,0,0,0,0.0,0,0,0,0,0,0,23,23,0,13,1,9,0,0,17,6,0,2,2,0,0,0,0,0,0,
John Franklin-Myers,50088,DI,DEN,1,0,0,,0,0,10,0,0,60.0,50.8,72.5,53.4,54.7,71.9,0,0,0,0,,0.0,0,0,0,0.0,0,0,0,0,0,0,9,9,0,2,3,4,0,0,5,4,0,3,3,0,0,0,0,0,0,
Josh Sweat,50120,ED,PHI,1,1,0,,0,0,24,0,0,60.0,69.4,76.7,67.7,61.9,74.7,1,5,0,0,,0.0,0,0,0,0.0,0,0,0,0,0,0,40,40,0,0,40,0,0,0,23,17,0,2,3,0,0,6,0,0,0,
Lorenzo Carter,50126,ED,ATL,1,1,0,,0,0,2,0,0,60.9,57.8,75.9,53.8,60.9,28.8,1,0,0,0,,50.0,1,0,0,0.0,0,0,0,0,0,1,37,37,0,0,35,2,0,0,20,16,0,0,0,0,0,1,0,0,0,
Ogbo Okoronkwo,50130,ED,CLV,1,0,0,,0,0,8,0,0,60.6,46.1,77.0,58.6,42.8,20.9,1,0,0,0,,100.0,1,0,0,0.0,0,0,0,0,0,2,20,20,0,0,18,2,0,0,10,8,0,0,0,0,0,1,0,0,0,
Malcolm Roach,50191,DI,DEN,1,0,0,,0,0,10,0,0,,64.6,77.0,57.9,65.8,30.0,0,3,0,0,,25.0,1,0,0,0.0,0,0,0,0,0,0,40,40,1,29,0,10,0,0,22,18,0,3,3,0,0,3,0,0,0,
Arden Key,50201,ED,TEN,1,1,0,,0,0,31,0,0,60.0,63.4,80.0,55.1,68.2,72.7,0,1,0,0,,0.0,0,0,0,0.0,0,0,0,0,0,1,46,46,0,0,46,0,0,0,28,17,0,1,2,0,0,1,0,0,0,
Josh Hines-Allen,50235,ED,JAX,1,0,0,,0,0,15,0,0,67.1,92.1,81.3,91.6,65.4,49.4,3,3,0,0,,0.0,0,0,0,0.0,0,1,0,0,0,1,53,53,0,1,48,4,0,0,31,21,0,4,3,0,0,7,0,0,0,
Christian Wilkins,50293,DI,LV,1,0,0,,0,0,23,0,0,60.0,57.2,79.0,54.8,59.3,27.5,0,2,0,0,,33.3,2,0,0,0.0,0,0,0,0,0,1,62,62,4,28,2,28,0,0,37,24,0,2,4,0,0,2,0,0,0,
Isaiah Oliver,50393,CB,NYJ,1,0,0,50.0,0,0,22,0,0,59.9,60.5,73.2,59.7,63.1,79.4,0,0,0,0,11,0.0,0,0,0,66.7,1,0,0,2,1,16,25,0,0,0,0,0,0,25,1,8,22,0,1,0,2,0,0,11,15,11.0
Mike Jackson,50437,CB,CAR,1,1,0,33.3,0,0,5,0,0,62.8,65.7,77.1,,68.9,76.8,0,0,0,0,11,0.0,0,0,0,45.1,1,0,0,9,59,24,69,1,0,0,1,0,0,68,0,45,0,1,2,0,3,0,0,11,12,11.0
Mike Ford,50535,CB,CLV,1,0,0,,0,0,8,0,0,,60.0,66.3,,60.0,,0,0,0,0,,,0,0,0,0.0,0,0,0,0,2,0,2,0,0,0,0,0,0,2,0,2,0,0,0,0,0,0,0,0,0,
Avonte Maddox,50543,CB,PHI,1,0,0,40.0,0,0,24,0,0,63.4,62.2,75.4,58.8,58.1,71.6,0,0,0,0,19,0.0,0,2,0,57.1,2,0,0,6,0,30,55,0,0,0,0,0,0,55,1,24,49,0,1,0,5,0,0,26,10,13.0
Josey Jewell,50720,LB,CAR,1,3,0,0.0,0,0,5,1,0,57.8,54.9,75.7,54.1,56.3,71.6,0,0,0,0,,8.3,1,0,0,39.6,0,0,0,65,0,20,69,2,0,0,2,0,0,67,4,45,2,5,8,0,1,0,0,0,0,
Cody Barton,50727,LB,DEN,1,2,0,100.0,0,0,10,0,0,61.6,53.6,73.0,53.6,49.2,33.9,0,0,0,0,5,22.2,2,0,0,87.5,1,0,0,43,0,24,47,1,0,0,1,0,0,46,3,20,3,4,5,0,1,0,0,5,4,5.0
Jordyn Brooks,50851,LB,MIA,1,2,0,33.3,0,0,17,0,0,81.6,92.2,75.5,68.8,90.6,77.9,0,2,0,0,9,0.0,0,1,0,42.4,1,0,0,34,0,16,45,4,0,0,4,0,0,41,4,25,7,2,3,0,3,2,0,9,11,9.0
Roquan Smith,50892,LB,BLT,1,5,0,50.0,0,0,3,0,0,67.8,69.3,77.5,65.9,61.8,59.4,1,0,0,0,4,16.7,2,1,0,56.3,1,0,0,56,1,44,63,2,0,0,2,0,0,61,2,17,4,2,5,0,2,1,0,4,0,4.0
Tremaine Edmunds,50905,LB,CHI,1,3,0,71.4,0,0,6,0,0,57.7,73.7,77.1,68.9,84.7,82.9,0,0,0,0,18,0.0,0,0,0,86.6,5,1,0,54,0,36,62,0,0,0,0,0,0,62,4,22,8,7,8,0,7,1,0,42,33,8.4
Robert Spillane,50918,LB,LV,1,2,1,100.0,0,0,23,0,0,34.9,52.3,75.9,66.0,74.7,36.9,0,0,0,1,21,16.7,2,0,0,118.8,4,0,0,58,0,36,65,3,0,0,3,0,1,62,3,26,3,6,8,0,4,0,1,57,12,14.3
Bobby Okereke,50954,LB,NYG,1,4,0,80.0,0,0,21,0,0,67.7,67.3,75.7,58.6,62.2,69.5,0,0,0,0,16,10.0,1,0,0,90.0,4,1,0,61,0,38,72,1,0,0,1,0,0,71,3,31,10,5,5,1,5,1,0,28,43,7.0
Ja'Whaun Bentley,50966,LB,NE,1,0,0,,0,0,19,0,0,64.0,63.4,68.2,56.5,60.0,,0,0,0,0,,,0,0,0,0.0,0,0,0,9,0,6,10,1,0,0,1,0,0,9,2,2,0,0,0,0,0,0,0,0,0,
Frankie Luvu,51028,LB,WAS,1,2,0,,0,0,32,0,0,61.8,59.3,0.0,65.1,63.9,67.6,0,1,0,0,,10.0,1,0,1,0.0,0,0,0,48,0,26,55,3,0,0,3,0,0,52,6,23,4,4,7,0,0,1,0,0,0,
Tyrel Dodson,51045,LB,SEA,1,3,0,100.0,0,1,29,0,0,64.0,50.5,76.0,59.3,42.7,57.1,0,1,0,0,10,11.1,1,0,0,108.3,1,0,0,63,1,32,68,3,0,0,3,0,0,65,1,35,1,3,5,0,1,1,0,10,0,10.0
Jahlani Tavai,51055,LB,NE,1,3,0,100.0,0,0,19,0,0,34.9,41.2,79.0,55.2,65.7,44.9,0,1,0,0,15,16.7,1,0,0,110.8,5,0,0,41,2,39,69,20,0,0,20,0,0,49,12,18,6,0,2,0,5,1,0,53,28,10.6
Julian Love,51081,S,SEA,1,0,0,66.7,0,0,29,0,0,68.3,65.2,79.0,,52.5,57.8,0,0,0,0,9,14.3,1,1,0,79.9,2,0,0,5,0,33,68,0,0,0,0,0,50,68,0,35,13,0,6,0,3,0,0,16,4,8.0
Taylor Rapp,51172,S,BUF,1,1,0,,0,0,4,0,0,64.9,71.7,79.1,,73.4,62.0,0,0,0,0,,16.7,1,0,0,0.0,0,0,0,17,0,40,71,0,0,0,0,0,47,71,0,31,7,2,4,1,0,0,0,0,0,
P.J. Locke,51189,S,DEN,1,2,0,66.7,0,0,10,0,0,69.6,69.2,0.0,,68.9,80.3,0,0,0,0,11,0.0,0,1,1,119.4,2,0,0,17,1,32,64,1,0,0,1,0,39,63,0,32,6,1,1,0,3,0,1,16,6,8.0
Minkah Fitzpatrick,51206,S,PIT,1,2,0,100.0,0,0,25,0,0,71.5,76.1,75.8,,64.2,84.6,0,0,0,0,8,0.0,0,0,0,97.9,2,0,0,1,0,44,61,0,0,0,0,0,58,61,0,17,2,2,4,0,2,0,0,15,6,7.5
Fred Warner,51222,LB,SF,1,2,0,33.3,0,2,28,0,0,94.2,95.8,76.5,72.7,80.9,80.8,0,0,0,1,16,0.0,0,1,0,12.5,1,1,0,47,1,30,54,1,0,0,1,0,0,53,2,22,5,6,7,1,3,1,0,16,5,16.0
Drue Tranquill,51276,LB,KC,1,4,0,80.0,0,0,16,0,0,36.0,45.0,74.1,60.4,64.0,40.1,0,0,0,0,13,22.2,2,0,0,105.0,4,0,0,39,0,26,51,8,0,0,8,0,0,43,9,16,4,1,3,0,5,0,0,46,28,11.5
Mike Edwards,51282,S,BUF,1,0,0,0.0,0,0,4,0,0,61.3,62.0,67.5,,60.0,,0,0,0,0,,,0,0,0,39.6,0,0,0,0,0,5,6,0,0,0,0,0,5,6,0,1,1,0,0,0,1,0,0,0,0,
Kristian Welch,51283,LB,DEN,1,0,0,100.0,0,0,10,0,0,46.9,52.3,67.9,,63.5,76.0,0,0,0,0,12,0.0,0,0,0,116.7,1,0,0,10,0,4,11,0,0,0,0,0,0,11,0,7,1,1,2,0,1,0,0,12,14,12.0
Will Harris,51336,S,NO,1,1,0,50.0,0,0,20,0,0,61.0,65.3,79.7,66.6,65.7,40.9,0,0,0,0,6,20.0,1,0,0,56.3,1,0,0,15,1,49,70,5,0,0,5,0,42,65,1,20,7,1,3,0,2,0,0,6,8,6.0
Derwin James Jr.,51368,S,LAC,1,0,0,100.0,0,0,27,0,0,53.4,59.4,73.8,57.8,73.7,55.5,0,0,0,0,12,16.7,1,0,0,88.5,4,0,0,11,0,25,44,3,0,0,3,0,26,41,2,17,4,2,5,0,4,0,0,21,20,5.3
Amani Hooker,51378,S,TEN,1,0,0,25.0,0,0,31,0,0,47.2,40.0,74.5,72.6,38.5,78.0,0,1,0,0,6,0.0,0,0,0,39.6,1,0,0,9,1,32,57,2,0,0,2,0,41,55,2,23,4,1,3,0,4,1,0,6,0,6.0
Marcus Epps,51391,S,LV,1,1,0,100.0,0,0,23,0,0,48.2,43.5,75.9,59.1,50.6,25.5,0,0,0,0,19,50.0,4,0,0,118.8,4,0,0,11,0,38,65,0,0,0,0,0,45,65,1,26,9,2,3,1,4,0,0,55,29,13.8
Jaylinn Hawkins,51423,S,NE,1,0,0,0.0,0,0,19,0,0,76.2,80.0,73.1,,60.5,,0,0,0,0,,,0,1,0,39.6,0,0,0,5,2,22,29,2,0,0,2,0,16,27,0,7,4,0,0,0,2,0,0,0,0,
Kaden Elliss,51485,LB,ATL,1,1,0,100.0,0,0,2,0,0,48.5,55.3,79.5,63.2,64.7,57.0,1,1,0,0,16,16.7,2,0,0,152.9,5,0,0,51,0,33,72,14,0,0,14,0,0,58,5,34,7,2,9,0,5,2,1,56,20,11.2
J.T. Gray,51495,S,NO,1,0,0,,0,0,20,0,0,60.0,60.0,66.0,,,,0,0,0,0,,,0,0,0,0.0,0,0,0,0,0,1,1,0,0,0,0,0,1,1,0,0,0,0,0,0,0,0,0,0,0,
Kenny Moore II,51596,CB,IND,1,1,0,100.0,0,0,14,0,0,55.1,48.9,75.0,,43.3,25.0,0,0,0,0,17,50.0,3,1,0,155.2,4,0,0,18,26,20,70,0,0,0,0,0,0,70,0,50,26,2,2,0,4,0,1,47,37,11.8
Nicholas Morrow,51674,LB,BUF,1,0,0,100.0,0,0,4,0,0,44.2,30.0,67.7,,60.0,,0,0,0,0,13,,0,0,0,118.8,1,0,0,5,0,5,6,0,0,0,0,0,0,6,0,1,1,0,0,0,1,0,0,13,1,13.0
Khyiris Tonga,52000,DI,ARZ,1,0,0,,0,0,1,0,0,,49.2,73.6,56.8,51.7,,0,0,0,0,,,0,0,0,0.0,0,0,0,0,0,0,15,15,5,10,0,0,0,0,3,12,0,0,0,0,0,0,0,0,0,
Paulson Adebo,52280,CB,NO,1,1,0,37.5,0,0,20,0,0,52.2,54.4,78.0,,64.6,79.4,0,0,0,1,65,0.0,0,1,2,85.4,3,0,0,1,63,47,67,0,0,0,0,0,0,67,0,20,3,1,4,0,8,0,1,116,52,38.7
Ivan Pace Jr.,53587,LB,MIN,1,3,0,80.0,0,0,18,0,0,27.6,30.6,70.2,66.9,58.8,63.3,0,0,0,0,28,8.3,1,0,0,157.1,4,0,0,46,0,20,48,0,0,0,0,0,0,48,4,24,2,4,8,1,5,0,1,61,34,15.3
Carrington Valentine,53750,CB,GB,1,3,0,66.7,0,0,12,0,0,64.6,65.9,75.7,,65.3,78.8,0,0,0,0,14,0.0,0,1,0,92.4,2,0,0,2,29,22,32,0,0,0,0,0,0,32,0,10,1,0,1,0,3,0,0,25,11,12.5
C.J. Brewer,54409,DI,TB,1,0,0,,0,0,30,0,0,59.5,66.8,74.9,57.7,71.7,70.4,1,0,0,0,,0.0,0,0,0,0.0,0,0,0,0,0,1,22,22,3,16,1,2,0,0,14,7,0,1,3,0,0,1,0,0,0,
Benton Whitley,54444,ED,NYG,1,0,0,,0,0,21,0,0,,57.9,67.7,59.1,60.0,,0,0,0,0,,,0,0,0,0.0,0,0,0,0,0,0,2,2,0,0,2,0,0,0,1,1,0,0,0,0,0,0,0,0,0,
Boye Mafe,55220,ED,SEA,1,0,0,,0,0,29,0,0,61.6,78.8,77.6,71.9,71.4,53.4,1,4,0,0,,20.0,1,0,0,0.0,0,1,0,0,0,2,50,49,0,0,49,0,0,1,24,24,1,3,4,0,0,6,0,0,0,
Esezi Otomewo,55221,DI,JAX,1,2,0,,0,0,15,0,0,59.8,55.7,75.1,67.1,48.8,69.2,0,2,0,0,,0.0,0,0,0,0.0,0,0,0,0,0,1,25,25,0,19,0,6,0,0,14,10,0,0,0,0,0,2,0,0,0,
Ja'Sir Taylor,55426,CB,LAC,1,1,0,100.0,0,0,27,0,0,75.9,72.9,75.1,53.1,64.4,79.4,0,1,0,0,10,0.0,0,0,0,91.7,2,0,0,4,0,23,41,2,0,0,2,0,0,39,2,16,35,1,3,0,2,1,0,12,5,6.0
A.J. Terrell,55586,CB,ATL,1,0,0,80.0,0,0,2,0,0,70.5,72.5,78.9,,74.0,81.0,0,0,0,0,19,0.0,0,0,0,94.2,4,0,0,1,70,38,72,1,0,0,1,0,0,71,0,34,0,3,7,0,5,0,0,33,1,8.3
Josh Blackwell,55589,CB,CHI,1,0,0,,0,0,6,0,0,60.0,60.0,62.9,,,,0,0,0,0,,,0,0,0,0.0,0,0,0,1,0,1,1,0,0,0,0,0,0,1,0,0,0,0,0,0,0,0,0,0,0,
Marco Wilson,55592,CB,NE,1,0,0,100.0,0,0,19,0,0,35.9,38.8,73.5,,60.0,72.5,0,0,0,0,16,0.0,0,0,1,118.8,1,0,0,1,8,9,14,0,0,0,0,0,0,14,0,5,5,0,1,0,1,0,0,16,0,16.0
Amik Robertson,55619,CB,DET,1,0,0,50.0,0,0,11,0,0,64.1,62.4,72.9,54.9,60.0,,0,0,0,0,19,,0,0,0,83.3,1,0,0,0,0,13,18,0,0,0,0,0,0,18,2,3,18,0,0,0,2,0,0,19,19,19.0
Tre Brown,55677,CB,SEA,1,0,0,0.0,0,0,29,0,0,61.4,65.4,76.6,,73.9,72.5,0,0,0,0,,0.0,0,0,0,39.6,0,0,0,0,38,23,39,0,0,0,0,0,0,39,0,16,1,1,1,0,2,0,0,0,0,
Deommodore Lenoir,55686,CB,SF,1,3,0,66.7,0,0,28,0,0,85.8,81.8,76.0,56.8,64.6,85.7,0,0,0,0,6,0.0,0,0,0,70.1,2,0,0,6,15,31,54,0,0,0,0,0,0,54,1,22,33,1,3,0,3,0,0,8,11,4.0
Marcus Jones,55717,CB,NE,1,1,0,70.0,0,0,19,0,0,58.5,57.9,77.9,47.8,64.9,29.4,0,1,0,0,19,33.3,3,1,0,86.7,7,0,0,4,7,39,56,0,0,0,0,0,6,56,6,11,39,3,5,0,10,1,0,63,36,9.0
Ja'Marcus Ingram,55738,CB,BUF,1,0,0,0.0,0,0,4,0,0,76.7,76.2,73.1,,60.0,22.6,0,0,1,2,,100.0,1,0,0,0.0,0,0,0,1,0,22,23,0,0,0,0,0,0,23,0,1,22,0,0,0,1,0,0,0,0,
Xavier McKinney,55775,S,GB,1,1,0,0.0,0,0,12,0,0,62.7,62.8,76.0,,58.5,47.9,0,0,0,1,,20.0,1,0,0,0.0,0,0,0,7,0,39,56,2,0,0,2,0,46,54,0,17,1,1,3,1,1,0,0,0,0,
Montaric Brown,55797,CB,JAX,1,0,0,66.7,0,0,15,0,0,57.8,63.6,78.3,,76.7,83.6,0,0,0,0,9,0.0,0,0,1,73.6,8,0,0,5,64,42,69,0,0,0,0,0,0,69,0,27,0,5,11,2,12,0,0,46,14,5.8
Kamren Curl,55800,S,LA,1,2,0,100.0,0,0,26,0,0,40.0,40.5,73.3,,56.7,49.2,0,0,0,0,60,20.0,2,0,0,158.3,3,0,0,21,0,27,66,0,0,0,0,0,40,66,0,39,5,0,6,0,3,0,1,91,36,30.3
Eric Stokes,55912,CB,GB,1,0,0,,0,0,12,0,0,69.2,69.1,74.0,,60.8,72.8,0,0,0,0,,0.0,0,0,0,0.0,0,0,0,3,21,17,24,0,0,0,0,0,0,24,0,7,0,0,1,0,0,0,0,0,0,
Bryan Cook,55940,S,KC,1,1,0,33.3,0,0,16,0,0,59.6,65.8,78.9,,76.0,57.5,0,0,0,0,12,14.3,1,0,0,46.5,1,0,0,22,0,44,64,2,0,0,2,0,32,62,0,20,8,1,5,0,3,0,0,12,8,12.0
Nate Hobbs,55948,CB,LV,1,0,0,0.0,0,0,23,0,0,65.6,65.9,78.3,58.4,64.0,72.8,0,1,0,0,,0.0,0,0,0,39.6,0,0,0,9,16,38,65,5,0,0,5,0,2,60,1,26,33,1,1,0,1,1,0,0,0,
Tony Adams,55953,S,NYJ,1,1,0,0.0,0,0,22,0,0,73.1,70.3,76.4,59.5,53.5,29.7,0,1,0,0,,40.0,2,2,1,39.6,0,0,0,26,0,37,66,1,0,0,1,0,35,65,1,28,4,1,2,0,1,1,0,0,0,
Geno Stone,55967,S,CIN,1,1,0,,0,0,7,0,0,57.6,65.3,79.5,58.8,75.8,85.9,0,0,0,0,,0.0,0,0,0,0.0,0,0,0,14,0,35,63,0,0,0,0,0,48,63,1,27,1,0,5,0,0,0,0,0,0,
Markquese Bell,56033,S,DAL,1,0,0,,0,0,9,0,0,,60.0,65.4,,60.0,,0,0,0,0,,,0,0,0,0.0,0,0,0,3,0,0,4,0,0,0,0,0,1,4,0,4,0,0,0,0,0,0,0,0,0,
Benjamin St-Juste,56061,CB,WAS,1,0,0,50.0,0,1,32,0,0,70.2,69.0,78.7,,59.8,54.5,0,0,0,0,25,14.3,1,3,0,73.3,5,0,0,0,55,33,56,0,0,0,0,0,0,56,0,23,1,0,6,0,10,0,0,71,21,14.2
Reed Blankenship,56065,S,PHI,1,1,0,100.0,0,0,24,0,0,53.9,50.2,77.4,,51.6,46.8,0,0,0,0,21,21.4,3,0,0,118.8,2,0,0,19,0,34,61,0,0,0,0,0,35,61,0,27,7,3,10,0,2,0,0,32,6,16.0
Jason Pinnock,56144,S,NYG,1,1,0,100.0,1,0,21,0,0,30.1,32.1,79.1,81.1,62.3,32.2,0,0,0,0,21,30.0,3,0,2,113.5,4,2,0,17,0,39,71,1,0,0,1,0,42,70,2,30,11,2,6,0,4,2,0,45,7,11.3
Keisean Nixon,56167,CB,GB,1,1,0,55.6,0,0,12,0,0,50.3,52.9,74.5,60.0,65.2,81.0,0,0,0,0,13,0.0,0,0,0,101.2,5,0,0,8,1,34,47,0,0,0,0,0,0,47,1,12,38,3,3,0,9,0,1,34,14,6.8
Quentin Lake,56245,CB,LA,1,2,0,100.0,0,0,26,0,0,39.3,46.9,77.6,,64.5,57.4,0,0,0,0,18,16.7,2,0,1,110.4,2,0,0,18,0,27,66,1,0,0,1,0,21,65,0,39,26,2,8,0,2,0,0,21,15,10.5
Jaylon Johnson,56259,CB,CHI,1,0,0,40.0,0,0,6,0,0,52.4,54.6,78.2,,64.4,23.2,0,0,0,0,16,100.0,1,1,0,62.1,2,0,0,2,58,40,62,0,0,0,0,0,1,62,0,22,1,0,0,0,5,0,0,32,12,16.0
Elijah Molden,56290,S,LAC,1,1,0,66.7,0,0,27,0,0,91.6,92.5,83.4,,52.9,86.1,0,0,0,1,10,0.0,0,0,0,37.5,2,0,0,2,1,31,48,0,0,0,0,0,41,48,0,17,4,3,5,0,3,0,0,14,2,7.0
Victor Dimukeje,56347,ED,ARZ,1,1,0,,0,0,1,0,0,60.0,76.1,72.6,66.6,66.9,72.8,1,0,0,0,,0.0,0,0,0,0.0,0,0,0,0,0,1,11,11,0,0,11,0,0,0,1,9,0,1,1,1,0,1,0,0,0,
Zach Carter,56349,DI,CIN,1,0,0,,0,0,7,0,0,60.0,28.7,0.0,51.6,29.4,28.4,0,0,0,0,,50.0,1,0,1,0.0,0,0,0,0,0,0,45,45,3,41,0,1,0,0,25,20,0,1,1,0,0,0,0,0,0,
A.J. Epenesa,56369,ED,BUF,1,0,0,,0,0,4,0,0,,67.1,78.4,64.2,63.4,44.5,1,1,0,0,,25.0,1,0,0,0.0,0,0,0,0,0,0,51,51,0,0,42,9,0,0,28,23,0,3,3,0,0,2,0,0,0,
Chase Young,56436,ED,NO,1,0,0,,0,0,20,0,0,60.9,67.1,79.0,63.1,64.0,74.3,0,3,0,0,,0.0,0,0,0,0.0,0,1,0,0,0,1,50,49,0,1,46,2,0,1,38,11,1,2,3,0,0,4,0,0,0,
Yetur Gross-Matos,56444,ED,SF,1,0,0,,0,0,28,0,0,,61.2,78.6,66.5,52.5,,1,2,0,0,,,0,0,0,0.0,0,0,0,0,0,0,26,26,0,0,25,1,0,0,15,11,0,0,0,0,0,3,0,0,0,
LaBryan Ray,56501,ED,CAR,1,0,0,,0,0,5,0,0,,43.1,76.0,54.9,45.4,70.2,0,1,0,0,,0.0,0,0,0,0.0,0,0,0,0,0,0,32,32,0,10,1,21,0,0,8,24,0,0,2,0,0,1,0,0,0,
Phidarian Mathis,56504,DI,WAS,1,2,0,,0,0,32,0,0,,46.8,73.4,53.7,51.0,68.4,0,1,0,0,,0.0,0,0,0,0.0,0,0,0,0,0,0,15,15,0,15,0,0,0,0,9,6,0,0,0,0,0,1,0,0,0,
D.J. Davidson,56523,DI,NYG,1,0,0,,0,0,21,0,0,,28.9,74.5,56.9,30.0,,0,0,0,0,,,0,0,0,0.0,0,0,0,0,0,0,11,11,8,3,0,0,0,0,5,6,0,0,0,0,0,0,0,0,0,
T.J. Slaton,56597,DI,GB,1,1,0,,0,0,12,0,0,,49.2,74.5,53.4,52.9,67.3,0,0,0,0,,0.0,0,0,0,0.0,0,0,0,0,0,0,19,19,4,13,0,2,0,0,10,9,0,0,0,0,0,0,0,0,0,
Malik Herring,56616,ED,KC,1,0,0,,0,0,16,0,0,,56.3,72.6,55.1,60.0,,0,0,0,0,,,0,0,0,0.0,0,0,0,0,0,0,6,6,0,0,5,1,0,0,4,2,0,0,0,0,0,0,0,0,0,
Payton Turner,56624,ED,NO,1,0,0,,0,0,20,0,0,,72.6,76.2,69.7,63.1,,0,0,0,0,,,0,0,0,0.0,0,0,0,0,0,0,20,20,0,0,15,5,0,0,12,8,0,0,0,0,0,0,0,0,0,
Mike Greene,56664,DI,TB,1,1,0,,0,0,30,0,0,,38.0,73.5,52.2,43.9,66.8,0,0,0,0,,0.0,0,0,0,0.0,0,0,0,0,0,0,13,13,0,9,1,3,0,0,7,6,0,0,0,0,0,0,0,0,0,
Milton Williams,56682,DI,PHI,1,0,0,,0,0,24,0,0,60.0,53.9,75.4,73.5,40.9,69.8,0,0,0,0,,0.0,0,0,0,0.0,0,1,0,0,0,0,25,25,1,22,0,2,0,0,13,12,0,3,2,0,0,1,0,0,0,
DJ Johnson,56704,ED,CAR,1,1,0,,0,0,5,0,0,63.1,50.4,0.0,64.4,53.9,74.9,0,0,0,0,,0.0,0,0,1,0.0,0,1,0,0,0,3,38,37,0,0,37,0,0,1,7,28,1,2,2,0,0,1,0,0,0,
Kwity Paye,56713,ED,IND,1,0,0,,0,0,14,0,0,64.7,63.7,80.1,51.4,60.3,53.4,0,1,0,0,,0.0,0,0,0,0.0,0,0,0,2,0,0,43,41,0,0,40,1,0,2,17,26,0,5,5,1,0,1,0,0,0,
Jordan Elliott,56734,DI,SF,1,0,0,,0,0,28,0,0,62.2,69.6,75.1,52.2,68.5,67.3,0,0,0,0,,0.0,0,0,0,0.0,0,0,0,0,0,0,20,20,2,16,0,2,0,0,12,8,0,1,1,0,0,0,0,0,0,
Jordon Riley,56759,DI,NYG,1,0,0,,0,0,21,0,0,,62.3,69.7,58.9,60.4,65.9,0,0,0,0,,0.0,0,0,0,0.0,0,0,0,0,0,0,3,3,2,1,0,0,0,0,2,1,0,1,1,0,0,0,0,0,0,
Javon Kinlaw,56834,DI,NYJ,1,1,0,,0,0,22,0,0,60.0,53.7,76.4,66.3,44.3,70.4,1,2,0,0,,0.0,0,0,0,0.0,0,0,0,0,0,0,37,37,1,16,0,20,0,0,22,15,0,1,2,0,0,3,0,0,0,
Kingsley Jonathan,56856,ED,BUF,1,0,0,,0,0,4,0,0,,65.2,70.6,64.2,60.0,,1,0,0,0,,,0,0,0,0.0,0,0,0,0,0,0,7,7,0,0,7,0,0,0,6,1,0,0,0,0,0,1,0,0,0,
Arnold Ebiketie,56862,ED,ATL,1,2,0,,0,0,2,0,0,63.9,70.2,74.4,61.8,67.9,74.2,0,1,0,0,,0.0,0,0,0,0.0,0,0,0,0,0,6,25,25,0,0,24,1,0,0,8,11,0,1,1,0,0,1,0,0,0,
Ta'Quon Graham,56868,DI,ATL,1,0,0,,0,0,2,0,0,,58.8,74.3,55.0,60.6,69.9,0,0,0,0,,0.0,0,0,0,0.0,0,0,0,0,0,0,18,18,0,14,0,4,0,0,7,11,0,2,2,0,0,0,0,0,0,
Micheal Clemons,56872,ED,NYJ,1,0,0,,0,0,22,0,0,,51.5,80.1,57.5,48.9,,1,3,0,0,,,0,0,0,0.0,0,0,0,1,0,0,33,32,0,0,32,0,0,1,20,13,0,0,0,0,0,4,0,0,0,
Jayden Peevy,56876,DI,CAR,1,1,0,,0,1,5,0,0,,58.6,74.6,75.8,47.8,68.4,1,0,0,0,,0.0,0,0,0,0.0,0,1,0,0,0,0,27,27,0,15,0,12,0,0,11,16,0,1,0,0,0,2,0,0,0,
Jaelan Phillips,56902,ED,MIA,1,0,0,100.0,0,0,17,0,0,41.5,41.0,76.0,49.3,59.8,21.5,0,2,0,0,9,100.0,1,0,0,91.7,2,0,0,2,0,3,23,20,0,0,20,0,0,3,13,7,1,0,0,0,2,2,0,12,16,6.0
Jay Tufele,56913,DI,CIN,1,1,0,,0,0,7,0,0,,40.9,76.5,60.9,39.0,68.7,0,0,0,0,,0.0,0,0,0,0.0,0,0,0,0,0,0,33,33,5,27,0,1,0,0,15,18,0,0,1,0,0,0,0,0,0,
Dayo Odeyingbo,56923,ED,IND,1,0,0,,0,0,14,0,0,61.5,71.3,78.9,59.1,64.0,73.3,0,0,0,0,,20.0,1,0,0,0.0,0,0,0,0,0,0,32,32,0,3,26,3,0,0,9,23,0,4,4,1,0,0,0,0,0,
Jordan Jackson,56957,DI,DEN,1,1,0,,0,0,10,0,0,60.0,42.7,76.9,56.6,41.8,67.3,0,1,0,0,,0.0,0,0,0,0.0,0,0,0,0,0,0,42,42,0,16,6,20,0,0,17,25,0,0,0,0,0,1,0,0,0,
James Lynch,56962,DI,TEN,1,0,0,,0,0,31,0,0,,38.3,72.7,55.7,44.7,,0,0,0,0,,,0,0,0,0.0,0,0,0,0,0,0,11,11,0,10,0,1,0,0,6,5,0,0,0,0,0,0,0,0,0,
Brandon Pili,57036,DI,MIA,1,0,0,,0,0,17,0,0,,40.4,72.9,,45.8,,0,0,0,0,,,0,0,0,0.0,0,0,0,0,0,0,9,9,2,7,0,0,0,0,0,9,0,0,0,0,0,0,0,0,0,
Troy Andersen,57317,LB,ATL,1,3,0,100.0,0,0,2,0,0,65.6,46.0,76.8,49.8,36.9,59.9,0,0,0,0,9,11.1,1,0,0,88.9,3,0,0,61,0,28,68,3,0,0,3,0,0,65,8,32,4,3,5,0,3,0,0,16,5,5.3
Jack Gibbens,57662,LB,TEN,1,0,0,,0,0,31,0,0,61.9,48.3,68.0,,60.0,,0,0,0,0,,,0,0,0,0.0,0,0,0,2,1,2,3,0,0,0,0,0,0,3,0,1,0,0,0,0,0,0,0,0,0,
K.J. Britt,57727,LB,TB,1,1,0,100.0,0,0,30,0,0,76.3,72.4,71.6,78.5,51.4,55.9,0,1,0,0,6,20.0,1,0,0,91.7,2,0,0,40,0,21,41,0,0,0,0,0,0,41,4,16,1,1,3,0,2,1,0,12,1,6.0
Jalen Pitre,57737,CB,HST,1,1,0,100.0,0,0,13,0,0,77.1,78.1,76.8,58.8,75.4,84.2,0,1,0,0,14,0.0,0,0,1,79.2,6,0,0,18,0,41,70,6,0,0,6,0,1,64,10,19,45,5,8,1,6,1,0,18,31,3.0
Terrel Bernard,57739,LB,BUF,1,0,0,,0,0,4,0,0,50.2,48.6,71.1,,57.5,76.0,0,0,0,0,,0.0,0,0,0,0.0,0,0,0,15,0,7,15,0,0,0,0,0,0,15,0,8,0,1,2,0,0,0,0,0,0,
Isaiah McDuffie,57754,LB,GB,1,0,0,57.1,0,0,12,0,0,74.0,64.4,73.7,55.5,42.9,78.4,1,0,0,0,22,0.0,0,1,0,75.9,4,0,0,36,0,34,50,3,0,0,3,0,1,47,2,14,10,2,4,0,7,1,0,44,20,11.0
Baylon Spector,57782,LB,BUF,1,3,0,100.0,0,0,4,0,0,42.2,51.5,75.1,60.0,69.5,47.1,0,0,0,0,14,15.4,2,0,0,101.0,4,0,0,55,2,37,62,0,0,0,0,0,1,62,1,24,4,3,8,1,4,0,0,33,28,8.3
Ventrell Miller,57809,LB,JAX,1,1,0,100.0,0,0,15,0,0,49.0,46.7,70.9,,57.0,75.3,0,0,0,0,8,0.0,0,0,0,100.0,1,0,0,12,0,8,13,1,0,0,1,0,0,12,0,5,0,0,0,0,1,0,0,8,4,8.0
James Houston,57810,ED,DET,1,0,0,,0,0,11,0,0,,56.2,68.4,56.2,60.0,,0,0,0,0,,,0,0,0,0.0,0,0,0,0,0,0,3,3,0,0,3,0,0,0,2,1,0,0,0,0,0,0,0,0,0,
Robert Beal Jr.,57840,ED,SF,1,0,0,,0,0,28,0,0,60.0,60.7,71.2,,60.0,,0,0,0,0,,,0,0,0,0.0,0,0,0,0,0,1,4,4,0,0,4,0,0,0,0,3,0,0,0,0,0,0,0,0,0,
Josh Paschal,57908,ED,DET,1,0,0,,0,0,11,0,0,60.0,64.2,74.2,62.3,60.7,67.3,0,1,0,0,,0.0,0,0,0,0.0,0,0,0,0,0,0,13,13,0,2,5,6,0,0,7,6,0,1,1,0,0,1,0,0,0,
Patrick Queen,57941,LB,PIT,1,1,1,50.0,0,0,25,0,0,53.2,61.0,75.3,75.5,64.9,79.6,0,0,0,0,22,0.0,0,0,0,74.0,2,0,0,53,3,37,61,0,0,0,0,0,1,61,7,17,4,0,3,0,4,0,0,29,17,14.5
K'Lavon Chaisson,57945,ED,LV,1,0,0,,0,0,23,0,0,,56.6,69.4,56.6,,,0,0,0,0,,,0,0,0,0.0,0,0,0,0,0,0,2,2,0,0,2,0,0,0,2,0,0,0,0,0,0,0,0,0,0,
J.J. Russell,57958,LB,TB,1,0,0,,0,0,30,0,0,,60.0,60.0,60.0,,,0,0,0,0,,,0,0,0,0.0,0,0,0,0,0,0,1,0,0,0,0,0,0,1,1,0,0,0,0,0,0,0,0,0,0,
Willie Gay,57987,LB,NO,1,0,0,100.0,0,0,20,0,0,45.0,44.5,71.5,55.7,60.2,70.5,0,0,0,0,8,0.0,0,0,0,100.0,1,0,0,4,0,4,11,5,0,0,5,0,0,6,3,4,2,0,1,0,1,0,0,8,4,8.0
Jeremiah Owusu-Koramoah,58089,LB,CLV,1,0,0,80.0,0,0,8,0,0,60.5,66.5,75.8,82.1,60.1,59.4,0,1,0,0,28,12.5,1,0,0,118.8,4,0,0,43,1,34,59,7,0,0,7,0,5,52,6,19,3,3,7,2,5,1,0,64,23,16.0
Pete Werner,58093,LB,NO,1,1,0,100.0,0,0,20,0,0,69.7,70.3,76.1,59.4,64.3,53.7,0,0,0,0,9,12.5,1,0,0,91.7,3,0,0,39,1,32,51,4,0,0,4,0,0,47,1,18,7,3,6,0,3,0,0,18,17,6.0
Baron Browning,58095,ED,DEN,1,0,0,0.0,0,0,10,0,0,60.5,61.4,72.5,53.0,64.1,,0,1,0,0,,,0,0,0,39.6,0,0,0,0,0,2,12,12,0,0,12,0,0,0,5,5,0,0,0,0,1,1,0,0,0,
Kenneth Murray Jr.,58099,LB,TEN,1,1,0,85.7,0,0,31,0,0,45.4,27.7,75.6,65.0,24.4,67.8,0,1,0,0,26,11.1,1,0,0,149.7,6,0,0,45,2,27,54,1,0,0,1,0,0,53,5,22,6,2,7,1,7,1,2,73,40,12.2
Derrick Barnes,58120,LB,DET,1,1,1,50.0,0,0,11,0,0,53.5,58.0,77.0,53.6,66.5,58.4,0,0,0,0,1,16.7,1,0,0,56.3,1,0,0,4,0,8,45,35,0,0,35,0,0,10,19,18,6,3,4,0,2,0,0,1,4,1.0
Devin Lloyd,58238,LB,JAX,1,3,0,50.0,0,1,15,0,0,77.8,86.2,0.0,,90.1,80.2,1,0,0,0,10,0.0,0,1,1,56.3,2,0,0,37,0,24,48,0,0,0,0,0,0,48,0,24,11,2,5,0,4,1,0,10,20,5.0
Joe Tryon-Shoyinka,58272,ED,TB,1,0,0,100.0,0,0,30,0,0,64.8,57.7,7.1,57.1,63.2,48.7,0,1,0,0,20,25.0,1,0,1,90.3,3,0,0,0,0,11,60,57,0,0,57,0,0,3,31,18,3,2,3,1,3,1,0,17,10,5.7
Michael Carter II,60644,CB,NYJ,1,0,0,100.0,0,0,22,0,0,79.9,77.3,73.1,,61.6,58.4,0,0,0,0,12,25.0,1,0,0,89.6,4,0,0,5,1,20,30,0,0,0,0,0,0,30,0,10,24,2,3,0,4,0,0,22,25,5.5
Grant Delpit,60685,S,CLV,1,1,0,66.7,0,0,8,0,0,54.5,63.7,75.3,53.4,82.8,79.8,0,0,0,0,30,0.0,0,0,0,97.9,2,0,0,27,0,37,60,4,0,0,4,0,13,56,4,19,16,3,5,2,3,0,0,29,3,14.5
Malcolm Rodriguez,60731,LB,DET,1,0,0,,0,0,11,0,0,41.6,50.9,72.0,53.2,72.5,75.9,0,0,0,0,,0.0,0,0,0,0.0,0,0,0,16,0,9,19,1,0,0,1,0,0,18,3,7,2,2,2,0,0,0,0,0,0,
Isaiah Pola-Mao,60781,S,LV,1,0,0,66.7,0,0,23,0,0,44.7,43.3,73.0,58.4,60.0,73.8,0,0,0,0,12,0.0,0,0,0,78.5,2,0,0,2,1,10,12,3,0,0,3,0,2,9,1,1,4,1,2,0,3,0,0,15,8,7.5
Keion White,60998,ED,NE,1,2,0,100.0,0,0,19,0,0,39.7,67.9,78.3,82.6,55.7,58.3,0,3,0,0,24,14.3,1,0,0,118.8,2,2,0,2,0,10,58,55,0,8,36,11,0,3,35,13,1,3,4,0,2,5,0,31,17,15.5
Noah Igbinoghene,61155,CB,WAS,1,0,0,50.0,0,0,32,0,0,46.0,49.9,75.1,,65.4,77.0,0,0,0,0,4,0.0,0,0,1,56.3,1,0,0,3,29,19,33,1,0,0,1,0,0,32,0,14,0,1,3,0,2,0,0,4,0,4.0
Daiyan Henley,61500,LB,LAC,1,2,0,75.0,0,0,27,0,0,86.8,90.5,74.7,56.4,79.4,81.4,0,0,0,0,5,0.0,0,0,0,78.1,3,0,0,33,1,26,43,2,0,0,2,0,0,41,2,15,7,5,6,1,4,0,0,13,17,4.3
Tariq Woolen,61790,CB,SEA,1,0,0,66.7,0,0,29,0,0,72.2,74.2,78.0,66.7,67.5,77.2,0,1,0,0,7,0.0,0,0,0,77.1,2,0,0,6,53,32,66,3,0,0,3,0,0,63,1,33,4,1,3,0,3,1,0,14,0,7.0
Christian Elliss,61853,LB,NE,1,0,0,,0,0,19,0,0,60.8,62.8,68.6,,60.0,,0,0,0,0,,,0,0,0,0.0,0,0,0,3,0,2,4,1,0,0,1,0,0,3,0,2,0,0,0,0,0,0,0,0,0,
Joey Blount,62771,S,ARZ,1,0,0,,0,0,1,0,0,,62.0,72.2,,60.0,,0,0,0,0,,,0,0,0,0.0,0,0,0,1,0,0,8,0,0,0,0,0,7,8,0,8,0,0,0,0,0,0,0,0,0,
Charles Snowden,62775,ED,LV,1,0,0,,0,0,23,0,0,62.2,55.6,76.8,53.1,55.9,26.2,0,0,0,0,,50.0,1,0,0,0.0,0,0,0,0,0,4,27,25,0,0,24,1,0,2,7,16,2,1,1,0,0,0,0,0,0,
Jack Cochrane,63345,LB,KC,1,0,0,,0,0,16,0,0,60.8,62.4,64.3,,,,0,0,0,0,,,0,0,0,0.0,0,0,0,2,0,2,2,0,0,0,0,0,0,2,0,0,0,0,0,0,0,0,0,0,0,
Samuel Womack III,65771,CB,IND,1,0,0,,0,0,14,0,0,65.5,68.0,73.9,,66.7,72.8,0,0,0,0,,0.0,0,0,0,0.0,0,0,0,1,19,7,20,0,0,0,0,0,0,20,0,13,0,1,1,0,0,0,0,0,0,
John Ridgeway,66694,DI,NO,1,0,0,,0,0,20,0,0,,66.9,74.4,63.5,63.4,,0,1,0,0,,,0,0,0,0.0,0,0,0,1,0,0,16,15,0,15,0,0,0,1,8,8,0,0,0,0,0,1,0,0,0,
Zyon McCollum,66769,CB,TB,1,0,0,33.3,0,0,30,0,0,83.2,78.6,78.6,,47.9,49.6,0,0,0,1,16,16.7,1,2,0,4.2,2,0,0,4,78,60,85,1,0,0,1,0,0,84,0,25,2,0,5,0,6,0,0,20,0,10.0
Kobie Turner,66894,DI,LA,1,0,0,,0,0,26,0,0,56.6,44.5,78.2,61.3,44.0,25.1,0,4,0,0,,66.7,2,0,0,0.0,0,1,0,0,0,0,55,55,10,30,2,13,0,0,26,29,0,2,1,0,0,5,0,0,0,
Zach Sieler,66917,DI,MIA,1,0,0,,0,0,17,0,0,,74.3,75.7,55.9,77.9,28.6,0,2,0,0,,33.3,1,0,0,0.0,0,0,0,0,0,0,35,35,0,28,0,7,0,0,18,17,0,2,2,2,0,2,0,0,0,
Dennis Gardeck,66928,ED,ARZ,1,0,0,100.0,0,1,1,0,0,65.7,91.9,75.1,92.0,66.1,76.3,1,0,0,0,7,0.0,0,0,0,95.8,1,3,0,0,0,6,26,26,0,0,26,0,0,0,15,5,0,5,3,1,1,4,0,7,3,7.0
Tavierre Thomas,66931,CB,TB,1,0,0,,0,0,30,0,0,60.7,48.1,88.0,,60.0,23.1,0,0,0,0,,100.0,1,0,0,0.0,0,0,0,0,0,1,2,0,0,0,0,0,0,2,0,1,1,0,0,0,0,0,0,0,0,
Trent McDuffie,72191,CB,KC,1,0,0,25.0,0,0,16,0,0,76.0,77.2,78.7,,73.4,77.6,0,0,0,0,4,0.0,0,1,1,39.6,1,0,0,2,37,44,64,3,0,0,3,0,0,61,0,20,22,2,4,0,4,0,0,4,1,4.0
Evan Williams,73864,S,GB,1,0,0,50.0,0,0,12,0,0,57.5,57.5,74.8,,60.0,80.0,0,0,0,1,30,0.0,0,0,0,56.3,1,0,0,3,0,15,20,0,0,0,0,0,15,20,0,5,2,0,2,0,2,0,0,30,4,30.0
Jonah Laulu,75763,DI,LV,1,0,0,,0,0,23,0,0,,61.7,66.7,,60.4,,0,0,0,0,,,0,0,0,0.0,0,0,0,0,0,0,2,2,0,1,0,1,0,0,0,2,0,0,0,0,0,0,0,0,0,
Chad Muma,75818,LB,JAX,1,0,0,,0,0,15,0,0,66.4,70.2,72.0,,62.6,73.2,0,0,0,0,,,0,0,0,0.0,0,0,0,12,0,8,13,0,0,0,0,0,0,13,0,5,1,0,0,0,0,0,0,0,0,
Asante Samuel Jr.,76625,CB,LAC,1,0,0,66.7,0,0,27,0,0,66.1,66.6,76.3,,63.2,27.0,0,0,0,0,7,50.0,1,1,0,72.9,2,0,0,2,41,27,44,0,0,0,0,0,0,44,0,17,1,0,1,0,3,0,0,11,14,5.5
Andre Cisco,76641,S,JAX,1,0,0,100.0,0,0,15,0,0,56.9,49.0,80.1,59.1,40.9,29.2,0,0,0,0,9,33.3,2,0,0,104.2,1,0,0,11,1,40,70,6,0,0,6,0,45,64,1,29,7,0,4,0,1,0,0,9,1,9.0
Juanyeh Thomas,76655,S,DAL,1,0,0,,0,0,9,0,0,,61.0,64.7,,60.0,,0,0,0,0,,,0,0,0,0.0,0,0,0,4,0,0,5,0,0,0,0,0,0,5,0,5,1,0,0,0,0,0,0,0,0,
Chamarri Conner,76662,S,KC,1,0,0,100.0,0,0,16,1,0,69.8,69.4,72.4,66.5,54.7,44.7,0,0,0,0,10,25.0,1,0,0,100.0,3,1,0,12,0,19,29,1,0,0,1,0,2,28,3,7,14,2,3,0,3,1,0,24,17,8.0
DeMarvion Overshown,76729,LB,DAL,1,1,0,100.0,0,0,9,0,0,63.4,51.2,71.7,,46.9,79.4,0,0,0,0,10,0.0,0,0,0,89.6,2,0,0,16,0,7,18,0,0,0,0,0,0,18,0,11,2,2,4,0,2,0,0,11,10,5.5
Xavier Thomas,76807,ED,ARZ,1,0,0,,0,0,1,0,0,60.1,59.1,74.8,58.3,59.2,,0,0,0,0,,,0,0,0,0.0,0,0,0,0,0,2,21,21,0,0,21,0,0,0,9,10,0,0,0,0,0,0,0,0,0,
KJ Henry,76808,ED,CIN,1,0,0,,0,0,7,0,0,,63.2,73.6,62.1,60.0,,0,1,0,0,,,0,0,0,0.0,0,0,0,0,0,0,9,9,0,1,8,0,0,0,8,1,0,0,0,0,0,1,0,0,0,
Will McDonald IV,76842,ED,NYJ,1,0,0,,0,0,22,0,0,60.0,59.5,79.8,63.2,52.6,73.7,0,2,0,0,,0.0,0,0,0,0.0,0,2,0,2,0,1,35,33,0,0,32,1,0,2,20,14,0,3,1,0,0,4,0,0,0,
Desjuan Johnson,76850,DI,LA,1,1,0,,0,0,26,0,0,,74.6,74.3,67.8,69.2,28.9,0,0,0,0,,25.0,1,0,0,0.0,0,0,0,0,0,0,21,21,0,11,2,8,0,0,3,18,0,2,2,0,0,0,0,0,0,
Nesta Jade Silvera,76888,DI,LV,1,0,0,,0,0,23,0,0,,50.0,71.7,56.9,53.7,,0,0,0,0,,,0,0,0,0.0,0,0,0,0,0,0,8,8,2,3,0,3,0,0,3,5,0,0,0,0,0,0,0,0,0,
Greg Rousseau,76889,ED,BUF,1,1,0,,0,0,4,0,0,77.0,57.1,79.1,72.1,31.0,29.1,0,3,0,0,,40.0,2,0,0,0.0,0,0,0,0,0,1,53,53,0,0,53,0,0,0,31,21,0,2,2,1,0,3,0,0,0,
Travis Jones,76914,DI,BLT,1,1,0,,0,0,3,0,0,,82.0,77.0,71.7,75.0,69.4,0,2,0,0,,0.0,0,0,0,0.0,0,0,0,0,0,0,40,40,2,38,0,0,0,0,27,13,0,2,2,1,0,2,0,0,0,
Logan Hall,76919,DI,TB,1,0,0,,0,0,30,0,0,,41.9,75.8,60.2,37.0,23.8,0,0,0,0,,50.0,1,0,0,0.0,0,0,0,0,0,0,30,30,0,17,3,10,0,0,20,10,0,1,1,0,0,0,0,0,0,
Moro Ojomo,76927,DI,PHI,1,0,0,,0,0,24,0,0,,54.4,73.2,67.8,45.4,66.8,0,1,0,0,,0.0,0,0,0,0.0,0,0,0,0,0,0,17,17,0,12,0,5,0,0,15,2,0,0,1,0,0,1,0,0,0,
Keondre Coburn,76928,DI,TEN,1,0,0,,0,0,31,0,0,,54.3,73.4,54.5,58.3,,0,0,0,0,,,0,0,0,0.0,0,0,0,0,0,0,13,13,0,13,0,0,0,0,9,4,0,0,0,0,0,0,0,0,0,
Karl Brooks,76941,DI,GB,1,0,0,,0,0,12,0,0,60.0,62.7,75.3,57.1,65.0,23.0,0,0,0,0,,100.0,1,0,0,0.0,0,0,0,0,0,1,23,23,0,15,0,8,0,0,16,6,0,0,0,0,0,0,0,0,0,
Braden Fiske,76958,DI,LA,1,0,0,,0,0,26,1,0,,54.1,77.8,47.6,60.3,23.3,0,3,0,0,,50.0,3,0,0,0.0,0,0,0,0,0,0,52,52,0,24,7,21,0,0,24,28,0,3,3,0,0,3,0,0,0,
Alim McNeill,76996,DI,DET,1,0,0,,0,0,11,0,0,60.6,67.8,76.2,59.0,61.1,24.0,0,2,0,0,,66.7,2,0,0,0.0,0,0,0,0,0,0,34,34,2,19,0,13,0,0,22,12,0,1,1,1,0,2,0,0,0,
Yasir Abdullah,77100,LB,JAX,1,0,0,,0,0,15,0,0,62.0,65.5,72.9,56.5,64.7,,0,0,0,0,,,0,0,0,0.0,0,0,0,2,0,3,13,9,0,0,9,0,0,4,2,8,2,0,0,0,0,0,0,0,0,
Payton Wilson,77127,LB,PIT,1,0,0,0.0,0,0,25,0,0,60.5,63.4,72.9,58.7,65.5,29.7,0,0,0,0,,100.0,1,0,0,39.6,0,0,0,20,0,14,22,0,0,0,0,0,0,22,1,7,2,0,0,0,1,0,0,0,0,
Zaven Collins,77190,ED,ARZ,1,1,0,100.0,0,0,1,0,0,45.2,49.7,75.6,57.1,59.9,74.4,0,0,0,0,9,0.0,0,0,0,104.2,1,1,0,4,0,5,23,19,0,0,19,0,0,4,13,5,0,1,0,0,1,1,0,9,9,9.0
Nik Bonitto,77196,ED,DEN,1,1,0,100.0,0,0,10,0,0,42.6,64.5,76.6,66.7,68.0,75.4,0,1,0,0,14,0.0,0,0,0,118.8,1,0,0,0,0,3,41,41,0,0,41,0,0,0,15,23,0,2,3,1,1,1,0,14,2,14.0
Joseph Ossai,77205,ED,CIN,1,1,0,100.0,0,0,7,0,0,62.4,55.4,77.6,58.0,52.4,69.2,0,0,0,0,3,0.0,0,0,0,79.2,1,0,0,0,0,3,35,35,0,0,35,0,0,0,18,14,0,0,0,0,1,0,0,3,5,3.0
Tre'von Moehrig,77847,S,LV,1,2,0,100.0,0,0,23,0,0,53.7,61.9,0.0,91.8,74.1,63.9,0,0,0,0,17,12.5,1,0,1,111.5,4,0,0,10,0,37,65,0,0,0,0,0,47,65,2,26,8,0,5,0,4,0,0,43,31,10.8
Ar'Darius Washington,77848,S,BLT,1,0,0,100.0,0,0,3,0,0,65.2,65.4,70.3,,,,0,0,0,0,4,,0,0,0,79.2,2,0,0,0,0,7,7,0,0,0,0,0,0,7,0,0,7,0,0,0,2,0,0,5,4,2.5
Cobie Durant,79126,CB,LA,1,0,0,0.0,0,0,26,0,0,47.4,50.4,77.4,,61.1,45.2,0,0,0,0,,0.0,0,0,0,39.6,0,0,0,2,44,24,48,2,0,0,2,0,0,46,0,24,0,0,2,0,2,0,0,0,0,
Christian Benford,79181,CB,BUF,1,0,0,44.4,0,0,4,0,0,80.3,78.8,78.8,,63.9,80.4,0,0,0,1,12,0.0,0,0,0,12.0,4,0,0,2,74,45,77,0,0,0,0,0,0,77,0,32,1,2,7,0,9,0,0,25,27,6.3
Nick Hampton,81162,ED,LA,1,0,0,,0,0,26,0,0,,60.0,63.3,,60.0,,0,0,0,0,,,0,0,0,0.0,0,0,0,0,0,0,1,0,0,0,0,0,0,1,0,1,1,0,0,0,0,0,0,0,0,
Micah McFadden,81246,LB,NYG,1,5,0,100.0,0,0,21,0,0,69.1,87.8,75.2,62.5,88.4,72.9,0,2,0,0,15,7.7,1,0,0,100.0,3,1,0,55,1,26,57,0,0,0,0,0,0,57,4,27,1,5,7,0,3,3,0,24,9,8.0
Damone Clark,81282,LB,DAL,1,1,0,100.0,0,0,9,0,0,55.5,67.0,71.2,,69.8,66.9,0,0,0,0,9,12.5,1,0,0,104.2,1,0,0,39,0,13,41,1,0,0,1,0,0,40,0,28,1,2,6,0,1,0,0,9,5,9.0
Nick Bolton,81322,LB,KC,1,0,0,100.0,0,0,16,0,0,73.9,66.3,76.8,55.2,47.8,81.0,0,0,0,0,13,0.0,0,1,0,93.3,5,0,0,57,0,38,61,4,0,0,4,0,0,57,3,20,0,2,6,1,5,0,0,32,18,6.4
Micah Parsons,81360,ED,DAL,1,0,0,,0,0,9,0,0,,86.2,79.5,75.8,77.1,71.6,0,3,0,0,,0.0,0,0,0,0.0,0,0,0,1,0,0,44,43,0,0,42,1,0,1,19,25,0,2,2,0,0,3,0,0,0,
Ernest Jones,81399,LB,TEN,1,2,0,100.0,0,0,31,0,0,84.9,79.8,73.6,67.0,59.1,81.0,0,0,0,0,6,0.0,0,0,0,87.5,2,0,0,46,0,30,57,3,0,0,3,0,0,54,4,23,8,5,7,2,2,0,0,10,12,5.0
Azeez Ojulari,81959,ED,NYG,1,2,0,,0,0,21,0,0,,63.0,75.8,56.8,64.9,42.8,0,1,0,0,,25.0,1,0,0,0.0,0,0,0,0,0,0,22,22,0,0,22,0,0,0,12,10,0,1,1,1,0,1,0,0,0,
Odafe Oweh,82161,ED,BLT,1,0,0,,0,1,3,0,0,61.8,87.8,77.3,82.6,66.3,75.6,0,0,0,0,,0.0,0,0,0,0.0,0,3,0,0,0,2,42,42,0,0,42,0,0,0,31,9,0,4,2,0,0,3,0,0,0,
Thomas Booker IV,82168,DI,PHI,1,0,0,,0,0,24,0,0,62.2,78.4,72.0,57.2,68.6,69.6,0,0,0,0,,0.0,0,0,0,0.0,0,0,0,0,0,0,9,9,3,6,0,0,0,0,4,5,0,3,3,2,0,0,0,0,0,
Teair Tart,82261,DI,LAC,1,1,0,,0,0,27,0,0,61.7,82.4,73.6,54.5,76.2,68.4,0,0,0,0,,0.0,0,0,0,0.0,0,0,0,0,0,0,14,14,2,11,0,1,0,0,8,6,0,1,1,0,0,0,0,0,0,
Devonte Wyatt,82268,DI,GB,1,0,0,,0,0,12,0,0,,59.1,75.1,61.1,56.0,28.5,1,2,0,0,,50.0,1,0,0,0.0,0,1,0,0,0,0,25,25,2,13,0,10,0,0,19,6,0,2,1,1,0,4,0,0,0,
Aidan Hutchinson,82330,ED,DET,1,0,0,,0,1,11,0,0,60.0,90.9,80.5,89.5,75.6,74.7,0,1,0,0,,,0,0,0,0.0,0,5,0,0,0,1,43,43,0,0,43,0,0,0,25,17,0,5,0,0,0,6,0,0,0,
Eku Leota,82363,ED,CAR,1,0,0,100.0,0,0,5,0,0,61.4,49.4,75.5,56.7,48.8,21.7,0,0,0,0,3,,0,0,0,79.2,1,0,0,0,0,3,26,25,0,0,25,0,0,1,3,20,1,0,0,0,1,0,0,3,6,3.0
Kingsley Enagbare,82409,ED,GB,1,0,0,,0,0,12,0,0,,43.7,78.3,47.8,50.8,69.2,0,0,0,0,,0.0,0,0,0,0.0,0,0,0,0,0,0,32,32,0,1,31,0,0,0,23,9,0,1,1,0,0,0,0,0,0,
Bobby Brown III,82429,DI,LA,1,1,0,,0,0,26,0,0,,59.5,77.5,61.2,57.9,71.3,0,0,0,0,,0.0,0,0,0,0.0,0,0,0,0,0,0,37,37,21,16,0,0,0,0,14,23,0,2,2,0,0,0,0,0,0,
Otito Ogbonnia,82450,DI,LAC,1,2,0,,0,0,27,0,0,,59.5,75.5,53.9,62.0,68.7,0,0,0,0,,0.0,0,0,0,0.0,0,0,0,0,0,0,23,23,1,19,0,3,0,0,11,12,0,0,0,0,0,0,0,0,0,
Taki Taimani,82468,DI,MIN,1,1,0,,0,0,18,0,0,,77.8,73.8,56.4,75.5,69.8,0,0,0,0,,0.0,0,0,0,0.0,0,0,0,0,0,0,13,13,5,8,0,0,0,0,5,8,0,1,2,0,0,0,0,0,0,
Scott Matlock,82482,DI,LAC,1,1,1,,0,0,27,0,0,61.8,85.9,72.0,65.8,60.0,67.3,0,0,0,0,,0.0,0,0,0,0.0,0,0,0,0,0,0,8,8,0,7,0,1,0,0,7,1,0,0,0,0,0,0,0,0,0,
Quay Walker,82547,LB,GB,1,3,0,80.0,0,0,12,0,0,47.2,40.1,76.1,63.1,40.5,27.9,0,1,0,0,18,22.2,2,0,0,110.8,4,0,0,49,0,33,56,1,0,0,1,0,0,55,6,17,6,1,4,0,5,1,0,53,30,13.3
Jack Sanborn,82566,LB,CHI,1,0,0,,0,0,6,0,0,60.0,91.2,72.4,79.3,59.7,75.9,0,0,0,0,,0.0,0,1,0,0.0,0,1,0,7,0,1,11,3,0,0,3,0,0,8,2,8,1,2,1,0,0,1,0,0,0,
Starling Thomas V,83098,CB,ARZ,1,1,0,33.3,0,0,1,0,0,75.9,75.9,75.1,,65.9,77.9,0,0,0,0,0,0.0,0,0,0,42.4,1,0,0,3,28,21,35,0,0,0,0,0,0,35,0,14,4,1,3,0,3,0,0,0,7,0.0
Pat Surtain II,83119,CB,DEN,1,1,0,50.0,0,0,10,0,0,39.6,46.0,77.7,,68.0,75.1,0,0,0,0,16,0.0,0,0,2,77.1,1,0,0,4,55,33,66,0,0,0,0,0,0,66,0,33,7,0,0,0,2,0,0,16,0,16.0
Jalyn Armour-Davis,83120,CB,BLT,1,0,0,,0,0,3,0,0,60.0,60.5,64.5,,,,0,0,0,0,,,0,0,0,0.0,0,0,0,0,1,1,1,0,0,0,0,0,0,1,0,0,0,0,0,0,0,0,0,0,0,
Jamien Sherwood,83175,LB,NYJ,1,2,0,50.0,0,0,22,0,0,78.3,82.7,75.1,59.1,72.4,58.3,0,0,0,0,8,9.1,1,1,0,60.4,1,0,0,49,0,30,54,3,0,0,3,0,0,51,1,23,2,4,8,1,2,0,0,8,4,8.0
Roger McCreary,83176,CB,TEN,1,0,0,60.0,0,0,31,0,0,57.7,63.2,74.6,67.9,68.2,52.4,1,0,0,0,8,25.0,1,0,0,66.3,3,0,0,5,1,23,37,1,0,0,1,0,1,36,1,13,29,1,3,1,5,1,0,17,11,5.7
Quan Martin,83236,S,WAS,1,1,0,,0,0,32,0,0,65.9,62.7,79.5,55.6,52.2,52.5,0,0,0,0,,20.0,1,0,0,0.0,0,0,0,4,0,30,53,4,0,0,4,0,45,49,2,21,0,0,3,0,0,0,0,0,0,
Kerby Joseph,83239,S,DET,1,0,0,0.0,0,0,11,0,0,66.3,73.9,75.3,,75.6,81.3,0,0,0,0,,0.0,0,0,0,39.6,0,0,0,14,0,29,48,0,0,0,0,0,28,48,0,19,6,2,4,0,1,0,0,0,0,
Kaevon Merriweather,83257,S,TB,1,0,0,,0,0,30,0,0,60.7,70.2,60.0,,,,0,0,0,0,,,0,0,0,0.0,0,0,0,0,0,1,1,0,0,0,0,0,0,1,0,0,0,0,0,0,0,0,0,0,0,
Riley Moss,83259,CB,DEN,1,0,0,75.0,0,0,10,0,0,51.8,56.0,76.5,60.0,67.5,42.5,0,0,0,0,9,0.0,0,0,1,82.3,3,0,0,10,45,29,61,0,0,0,0,0,0,61,1,31,6,1,3,0,4,0,0,17,6,5.7
Percy Butler,83271,S,WAS,1,0,0,,0,0,32,0,0,76.7,61.8,70.8,,42.4,25.5,0,0,0,0,,66.7,2,0,0,0.0,0,0,0,12,0,10,21,0,0,0,0,0,9,21,0,11,0,0,1,0,0,0,0,0,0,
Jordan Howden,83305,S,NO,1,0,0,100.0,0,0,20,0,0,57.2,57.0,74.4,,60.0,77.2,0,0,0,0,8,0.0,0,0,0,100.0,1,0,0,1,0,20,22,1,0,0,1,0,20,21,0,2,0,1,2,0,1,0,0,8,2,8.0
Cam Taylor-Britt,83326,CB,CIN,1,0,0,50.0,0,0,7,0,0,90.2,89.6,78.7,,66.3,76.9,0,0,0,1,44,0.0,0,0,0,95.8,2,0,0,2,60,37,64,0,0,0,0,0,0,64,0,27,2,1,2,0,4,0,1,50,14,25.0
Greg Newsome II,83341,CB,CLV,1,0,0,100.0,0,0,8,0,0,68.3,63.7,76.5,,43.3,29.3,0,0,0,0,66,33.3,1,0,0,118.8,1,0,0,4,44,40,58,0,0,0,0,0,0,58,0,18,10,0,2,0,1,0,0,66,19,66.0
Cory Trice Jr.,83353,CB,PIT,1,0,0,50.0,0,0,25,0,0,90.1,90.1,72.3,,60.0,75.0,0,0,0,1,9,0.0,0,0,0,22.9,1,0,0,8,8,19,21,0,0,0,0,0,2,21,0,2,3,0,2,0,2,0,0,9,7,9.0
Tyrek Funderburk,83356,CB,TB,1,0,0,,0,0,30,0,0,60.7,70.2,60.0,,,,0,0,0,0,,,0,0,0,0.0,0,0,0,0,0,1,1,0,0,0,0,0,0,1,0,0,0,0,0,0,0,0,0,0,0,
Christian Izien,83360,S,TB,1,2,0,57.1,0,0,30,0,0,57.2,57.4,77.5,60.0,53.4,50.5,0,1,0,1,15,20.0,2,1,0,31.5,4,0,0,10,0,59,85,0,0,0,0,0,68,85,1,25,7,1,6,0,7,1,0,36,29,9.0
Jaycee Horn,83375,CB,CAR,1,0,0,66.7,0,0,5,0,0,66.2,69.5,76.4,58.4,72.2,40.5,0,0,0,1,29,25.0,2,1,0,104.9,2,0,0,16,51,22,69,2,0,0,2,0,0,67,2,45,0,3,6,0,3,0,1,34,3,17.0
Israel Mukuamu,83377,CB,DAL,1,0,0,,0,0,9,0,0,,60.0,63.0,,60.0,,0,0,0,0,,,0,0,0,0.0,0,0,0,3,0,0,3,0,0,0,0,0,0,3,0,3,0,0,0,0,0,0,0,0,0,
Kyler Gordon,83451,CB,CHI,1,3,0,50.0,0,0,6,0,0,72.3,75.1,73.9,58.9,76.8,66.5,0,2,0,0,18,12.5,1,1,0,66.7,2,0,0,14,0,30,51,0,0,0,0,0,0,51,7,14,37,2,4,1,4,2,0,22,12,11.0
Beanie Bishop Jr.,83459,CB,PIT,1,1,0,75.0,0,0,25,0,0,39.6,41.5,76.1,58.4,60.3,29.9,0,0,0,0,27,33.3,1,0,0,108.3,3,0,0,0,3,30,39,1,0,0,1,0,0,38,2,7,35,1,1,0,4,0,0,42,32,14.0
Alontae Taylor,83469,CB,NO,1,0,0,100.0,0,0,20,0,0,49.4,51.7,77.7,60.0,50.8,71.3,0,0,0,0,15,11.1,1,0,0,103.0,7,0,0,2,8,46,66,1,0,0,1,0,0,65,1,19,55,2,8,2,7,0,0,61,28,8.7
Myles Cole,83500,ED,JAX,1,0,0,,0,0,15,0,0,60.2,51.6,75.9,53.5,54.0,69.2,0,0,0,0,,0.0,0,0,0,0.0,0,0,0,0,0,1,13,13,0,0,12,1,0,0,7,5,0,0,1,0,0,0,0,0,0,
Javontae Jean-Baptiste,83514,ED,WAS,1,0,0,,0,0,32,0,0,,62.3,77.0,51.0,69.7,69.6,0,0,0,0,,0.0,0,0,0,0.0,0,0,0,0,0,0,18,18,0,1,17,0,0,0,11,7,0,1,1,0,0,0,0,0,0,
Jevon Holland,83873,S,MIA,1,1,0,100.0,0,0,17,0,0,48.3,51.8,77.1,60.0,64.7,83.7,0,0,0,0,6,0.0,0,0,0,91.7,1,0,0,9,0,19,41,0,0,0,0,0,23,41,1,21,9,1,2,0,1,0,0,6,3,6.0
Markees Watts,84537,ED,TB,1,0,0,,0,0,30,0,0,60.7,69.6,66.8,56.8,,,0,0,0,0,,,0,0,0,0.0,0,0,0,0,0,1,3,2,0,0,2,0,0,1,2,0,0,0,0,0,0,0,0,0,0,
Rico Payton,86957,CB,NO,1,0,0,,0,0,20,0,0,62.6,62.9,67.6,,,,0,0,0,0,,,0,0,0,0.0,0,0,0,0,3,3,3,0,0,0,0,0,0,3,0,0,0,0,0,0,0,0,0,0,0,
Keenan Isaac,86972,CB,TB,1,0,0,,0,0,30,0,0,60.7,70.6,89.4,,,,0,0,0,0,,,0,0,0,0.0,0,0,0,0,0,1,1,0,0,0,0,0,0,1,0,0,0,0,0,0,0,0,0,0,0,
Chris Williams,87178,DI,CHI,1,0,0,,0,0,6,0,0,60.0,65.5,73.8,61.4,63.1,,0,0,0,0,,,0,0,0,0.0,0,0,0,0,0,1,15,15,0,9,0,6,0,0,8,6,0,0,0,0,0,0,0,0,0,
Khristian Boyd,88444,DI,NO,1,0,0,,0,0,20,0,0,,49.8,73.6,65.3,47.4,,0,1,0,0,,,0,0,0,0.0,0,0,0,0,0,0,13,13,5,7,0,1,0,0,6,7,0,0,0,0,0,1,0,0,0,
Charles Woods,89148,CB,LA,1,0,0,,0,0,26,0,0,,64.8,69.1,,64.9,72.8,0,0,0,0,,0.0,0,0,0,0.0,0,0,0,1,5,0,6,0,0,0,0,0,0,6,0,6,0,0,1,0,0,0,0,0,0,
Kyle Dugger,90621,S,NE,1,0,0,100.0,0,0,19,0,0,54.4,58.1,77.3,61.1,69.6,60.0,0,1,0,0,56,12.5,1,0,0,158.3,6,1,0,30,5,46,70,4,0,0,4,0,21,66,6,18,10,5,7,2,6,2,1,77,50,12.8
E.J. Speed,94351,LB,IND,1,1,0,100.0,0,0,14,0,0,45.5,59.1,76.7,50.4,68.9,64.4,0,1,0,0,15,15.4,2,0,0,118.8,1,0,0,53,0,13,69,11,0,0,11,0,1,58,7,49,4,6,10,0,1,1,0,15,3,15.0
Jordan Davis,94854,DI,PHI,1,1,1,,0,0,24,0,0,,64.1,75.4,69.0,58.1,28.3,0,1,0,0,,33.3,1,0,0,0.0,0,0,0,0,0,0,29,29,3,26,0,0,0,0,12,17,0,1,1,0,0,1,0,0,0,
Mike Sainristil,97180,CB,WAS,1,1,0,100.0,0,0,32,0,0,54.8,57.0,74.2,59.1,62.8,77.5,0,0,0,0,7,0.0,0,0,0,135.4,2,0,0,7,0,24,39,1,0,0,1,0,0,38,1,14,31,2,3,0,2,0,1,14,11,7.0
Dell Pettus,97290,S,NE,1,0,0,,0,0,19,0,0,,60.0,62.9,,60.0,,0,0,0,0,,,0,0,0,0.0,0,0,0,0,0,0,1,0,0,0,0,0,1,1,0,1,0,0,0,0,0,0,0,0,0,
Cameron Mitchell,97340,CB,CLV,1,0,0,50.0,0,0,8,0,0,69.2,71.5,75.3,59.2,70.6,76.8,0,0,0,0,-2,0.0,0,1,1,56.3,1,0,0,5,0,28,41,1,0,0,1,0,1,40,1,12,34,2,3,1,2,0,0,-2,4,-2.0
Dadrion Taylor-Demerson,97348,S,ARZ,1,2,0,,0,0,1,0,0,,65.9,68.4,,64.5,77.9,0,0,0,0,,0.0,0,0,0,0.0,0,0,0,6,0,0,8,0,0,0,0,0,2,8,0,8,0,0,0,0,0,0,0,0,0,
Jarrian Jones,97486,CB,JAX,1,0,0,75.0,0,0,15,0,0,55.0,58.5,76.4,59.8,72.8,36.9,0,0,0,0,22,25.0,1,0,0,91.7,3,0,0,0,0,36,57,0,0,0,0,0,0,57,1,20,57,2,3,0,4,0,0,26,18,8.7
Nick Cross,97514,S,IND,1,2,0,75.0,0,0,14,0,0,50.9,66.4,74.0,58.3,77.3,74.6,0,0,0,0,8,7.1,1,0,0,77.1,3,0,0,34,0,19,69,1,0,0,1,0,9,68,1,49,25,4,11,0,4,0,0,7,4,2.3
Dax Hill,97519,CB,CIN,1,0,0,66.7,0,0,7,0,0,68.6,66.4,77.0,,54.8,28.5,0,0,0,0,10,20.0,1,0,0,78.5,2,0,0,5,54,36,63,0,0,0,0,0,0,63,0,27,4,1,4,0,3,0,0,15,14,7.5
Tyrique Stevenson,97562,CB,CHI,1,0,0,70.0,1,0,6,0,0,49.8,41.5,0.0,,34.8,28.5,0,0,0,0,26,37.5,3,1,1,100.4,7,0,0,2,57,40,62,0,0,0,0,0,1,62,0,22,2,3,5,0,10,0,0,96,39,13.7
Elijah Chatman,97568,DI,NYG,1,0,0,,0,0,21,0,0,60.0,50.8,74.5,52.5,54.8,67.3,0,0,0,0,,0.0,0,0,0,0.0,0,0,0,0,0,0,16,16,0,12,1,3,0,0,8,8,0,1,1,0,0,0,0,0,0,
Josh Wallace,97676,CB,LA,1,0,0,0.0,0,0,26,0,0,44.5,48.9,74.0,,62.9,,0,0,0,0,,,0,0,0,39.6,0,0,0,0,18,3,18,0,0,0,0,0,0,18,0,15,0,0,0,0,1,0,0,0,0,
Dorian Williams,97694,LB,BUF,1,3,0,100.0,0,0,4,0,0,28.7,43.4,74.5,61.0,69.6,71.1,0,0,0,0,16,9.1,1,0,0,107.6,6,0,0,52,0,22,54,0,0,0,0,0,0,54,1,31,2,3,7,1,6,0,0,59,29,9.8
Ronnie Hickman Jr.,97702,S,CLV,1,0,0,0.0,0,0,8,0,0,70.8,75.4,75.7,,64.8,78.8,0,0,0,0,,0.0,0,0,0,39.6,0,0,0,4,1,28,42,0,0,0,0,0,37,42,0,14,0,0,3,0,2,0,0,0,0,
Storm Duck,97705,CB,MIA,1,0,0,,0,0,17,0,0,,60.0,65.9,,60.0,,0,0,0,0,,,0,0,0,0.0,0,0,0,2,2,0,4,0,0,0,0,0,0,4,0,4,0,0,0,0,0,0,0,0,0,
Martin Emerson Jr.,97872,CB,CLV,1,2,0,40.0,0,0,8,0,0,67.9,60.1,78.2,,29.3,27.5,0,0,0,0,11,40.0,2,1,0,47.9,2,0,0,3,53,41,58,1,0,0,1,0,0,57,0,17,1,0,1,0,5,0,0,11,15,5.5
Tyler Nubin,97895,S,NYG,1,3,0,100.0,0,0,21,0,0,64.8,64.8,75.5,57.9,59.7,82.1,0,0,0,0,7,0.0,0,0,0,95.8,1,0,0,37,0,40,72,2,0,0,2,0,30,70,1,31,3,1,4,0,1,0,0,7,5,7.0
Adetomiwa Adebawore,97934,DI,IND,1,0,0,,0,0,14,0,0,,65.2,75.0,56.2,65.0,66.8,0,0,0,0,,0.0,0,0,0,0.0,0,0,0,0,0,0,21,21,0,20,1,0,0,0,4,17,0,1,1,1,0,0,0,0,0,
Derick Hall,98130,ED,SEA,1,1,0,,0,0,29,0,0,60.0,67.0,77.9,69.4,57.8,70.5,1,1,0,0,,0.0,0,0,0,0.0,0,0,0,1,0,1,45,44,0,0,44,0,0,1,21,23,0,0,0,0,0,2,0,0,0,
DeWayne Carter,98175,DI,BUF,1,0,0,,0,0,4,0,0,,46.7,75.9,52.7,49.8,,0,0,0,0,,100.0,1,0,0,0.0,0,0,0,0,0,0,25,25,1,22,0,2,0,0,16,9,0,0,0,0,0,0,0,0,0,
Derek Stingley Jr.,98253,CB,HST,1,0,0,71.4,0,0,13,0,0,70.5,70.7,79.0,,65.0,24.3,0,0,0,1,19,66.7,2,0,0,60.1,5,0,0,1,66,51,70,0,0,0,0,0,0,70,0,19,3,0,1,0,7,0,0,64,49,12.8
Alex Wright,98318,ED,CLV,1,1,0,,0,0,8,0,0,66.2,61.5,0.0,70.2,43.6,35.4,0,1,0,0,,0.0,0,0,1,0.0,0,1,1,1,0,4,33,32,1,2,16,13,0,1,23,6,0,1,1,0,0,2,0,0,0,
George Karlaftis,98319,ED,KC,1,0,0,,0,0,16,0,0,61.0,64.0,80.8,62.4,59.2,30.7,1,2,0,0,,0.0,0,0,0,0.0,0,1,0,0,0,3,55,55,0,2,48,5,0,0,35,17,0,2,1,0,0,4,0,0,0,
Marshawn Kneeland,98344,ED,DAL,1,1,0,,0,0,9,0,0,,33.1,76.8,53.1,37.4,24.5,0,0,0,0,,50.0,1,0,0,0.0,0,0,0,0,0,0,18,18,0,0,16,2,0,0,6,12,0,0,0,0,0,0,0,0,0,
Kayvon Thibodeaux,98444,ED,NYG,1,0,0,,0,0,21,0,0,,60.3,80.9,58.1,60.2,29.5,2,1,0,0,,20.0,1,0,0,0.0,0,0,0,1,0,0,56,55,0,0,55,0,0,1,32,24,0,2,4,2,0,3,0,0,0,
Zach Harrison,98503,DI,ATL,1,0,0,,0,0,2,0,0,,62.1,72.4,54.0,62.4,,0,1,0,0,,,0,0,0,0.0,0,0,0,0,0,0,10,10,0,7,0,3,0,0,8,2,0,0,0,0,0,1,0,0,0,
Anfernee Orji,98568,LB,NO,1,0,0,,0,0,20,0,0,60.9,61.4,63.4,,,,0,0,0,0,,,0,0,0,0.0,0,0,0,3,0,3,3,0,0,0,0,0,0,3,0,0,0,0,0,0,0,0,0,0,0,
Kaiir Elam,98693,CB,BUF,1,0,0,,0,0,4,0,0,64.7,65.0,69.6,,60.0,,0,0,0,0,,,0,0,0,0.0,0,0,0,0,5,5,6,0,0,0,0,0,0,6,0,1,1,0,0,0,0,0,0,0,0,
Cor'Dale Flott,98834,CB,NYG,1,1,0,100.0,0,0,21,0,0,62.7,53.8,75.8,60.0,30.0,29.6,0,0,0,0,34,28.6,2,0,0,118.8,1,0,0,8,50,30,59,0,0,0,0,0,0,59,1,28,1,1,4,0,1,0,0,34,15,34.0
Jaylen McCollough,98845,S,LA,1,0,0,,0,0,26,0,0,73.2,78.3,67.3,,,70.2,0,0,0,0,,0.0,0,0,0,0.0,0,0,0,0,0,1,1,0,0,0,0,0,0,1,0,0,1,1,1,0,0,0,0,0,0,
Jordan Battle,98857,S,CIN,1,0,0,,0,0,7,0,0,60.0,62.0,64.1,,,,0,0,0,0,,,0,0,0,0.0,0,0,0,1,0,1,1,0,0,0,0,0,0,1,0,0,0,0,0,0,0,0,0,0,0,
AJ Finley,98887,S,LAC,1,0,0,100.0,0,0,27,0,0,75.6,79.3,69.5,,60.0,77.3,0,0,0,0,7,0.0,0,0,0,95.8,1,0,0,3,0,11,12,0,0,0,0,0,6,12,0,1,3,1,1,0,1,0,0,7,3,7.0
Deantre Prince,98888,CB,JAX,1,1,0,0.0,0,0,15,0,0,65.7,66.3,71.9,,60.0,72.5,0,0,0,0,,0.0,0,0,0,39.6,0,0,0,0,11,5,11,0,0,0,0,0,0,11,0,6,0,0,0,0,1,0,0,0,0,
Brandin Echols,98900,CB,NYJ,1,1,0,25.0,0,0,22,0,0,82.1,73.3,78.7,,40.2,78.3,0,0,0,1,6,0.0,0,0,0,0.0,1,0,0,4,58,38,66,3,0,0,3,0,0,63,0,28,1,1,4,0,4,0,0,6,1,6.0
Zacch Pickens,98911,DI,CHI,1,0,0,,0,0,6,0,0,,68.2,71.5,67.5,60.3,,0,2,0,0,,,0,0,0,0.0,0,0,0,0,0,0,7,7,1,6,0,0,0,0,4,3,0,0,0,0,0,2,0,0,0,
DeMarvin Leal,98919,ED,PIT,1,0,0,,0,0,25,0,0,60.0,58.6,70.6,55.6,60.0,69.9,0,0,0,0,,0.0,0,0,0,0.0,0,0,0,0,0,0,4,4,0,0,4,0,0,0,3,1,0,0,1,0,0,0,0,0,0,
Travon Walker,98940,ED,JAX,1,0,0,,0,0,15,0,0,59.9,64.3,81.1,56.0,68.4,29.9,1,3,0,0,,33.3,1,0,0,0.0,0,0,0,0,0,2,55,55,0,2,51,2,0,0,29,24,0,2,2,0,0,4,0,0,0,
Isaiah McGuire,98948,ED,CLV,1,0,0,0.0,0,0,8,0,0,60.0,78.4,77.3,73.5,66.6,,0,2,0,0,,,0,0,0,39.6,0,0,0,0,0,1,19,19,0,0,19,0,0,0,11,7,0,0,0,0,1,2,0,0,0,
Henry To'oTo'o,98982,LB,HST,1,4,0,100.0,0,0,13,0,0,45.2,67.2,76.6,48.0,90.5,83.8,0,2,0,0,8,0.0,0,0,1,81.9,3,0,0,43,0,29,51,3,0,0,3,0,0,48,3,19,5,6,10,1,3,2,0,11,13,3.7
Owen Pappoe,99006,LB,ARZ,1,0,0,,0,0,1,0,0,62.5,72.4,72.8,68.0,64.4,77.6,0,1,0,0,,0.0,0,0,0,0.0,0,0,0,16,0,3,16,0,0,0,0,0,0,16,3,10,0,1,3,0,0,1,0,0,0,
Nolan Smith,99014,ED,PHI,1,0,0,,0,0,24,0,0,60.5,71.7,75.6,73.1,60.7,69.9,0,1,0,0,,0.0,0,0,0,0.0,0,0,0,0,0,2,23,21,0,0,21,0,0,2,11,10,2,0,1,0,0,1,0,0,0,
Jermaine Johnson,99015,ED,NYJ,1,1,0,,0,0,22,0,0,60.0,66.4,0.0,75.5,60.5,41.8,0,4,0,0,,25.0,1,0,1,0.0,0,0,0,0,0,0,32,32,0,0,32,0,0,0,20,12,0,2,2,1,0,4,0,0,0,
Nakobe Dean,99018,LB,PHI,1,1,0,66.7,0,0,24,0,0,31.7,51.6,74.4,60.8,76.7,79.7,0,1,0,0,12,0.0,0,0,1,89.6,2,0,0,55,0,26,60,1,0,0,1,0,0,59,7,27,4,2,5,0,3,1,0,23,9,11.5
Trey Palmer,99248,WR,TB,1,0,0,,0,0,30,0,0,60.7,70.2,60.0,,,,0,0,0,0,,,0,0,0,0.0,0,0,0,0,0,1,1,0,0,0,0,0,0,1,0,0,0,0,0,0,0,0,0,0,0,
T'Vondre Sweat,99321,DI,TEN,1,0,0,,0,0,31,0,0,59.5,49.8,77.2,50.9,55.3,,0,0,0,0,,,0,0,0,0.0,0,0,0,0,0,1,39,39,2,37,0,0,0,0,20,18,0,0,0,0,0,0,0,0,0,
Tykee Smith,99500,CB,TB,1,1,0,60.0,0,0,30,0,0,41.8,50.5,76.9,52.5,86.2,59.7,0,0,0,0,18,12.5,1,0,0,77.1,6,0,0,4,0,37,57,2,0,0,2,0,2,55,5,15,49,2,6,1,10,0,0,60,27,10.0
Garrett Williams,99723,CB,ARZ,1,0,0,66.7,0,0,1,0,0,65.9,67.9,74.2,60.0,67.7,25.8,0,0,0,0,9,66.7,2,0,0,71.5,2,0,0,15,5,31,44,0,0,0,0,0,0,44,1,12,24,1,1,0,3,0,0,10,16,5.0
Jarvis Brownlee Jr.,99734,CB,TEN,1,0,0,100.0,0,0,31,0,0,67.9,67.9,71.7,,60.0,72.5,0,0,0,0,2,0.0,0,0,0,79.2,1,0,0,0,4,9,10,0,0,0,0,0,0,10,0,1,6,0,1,0,1,0,0,2,6,2.0
SirVocea Dennis,99767,LB,TB,1,2,0,100.0,0,0,30,0,0,78.6,70.5,75.5,54.4,43.6,32.1,0,0,0,0,9,18.2,2,0,0,93.8,4,0,0,39,0,34,45,1,0,0,1,0,1,44,2,9,3,4,7,0,4,0,0,26,19,6.5
Renardo Green,99773,CB,SF,1,0,0,,0,0,28,0,0,63.7,64.0,68.4,,,,0,0,0,0,,,0,0,0,0.0,0,0,0,0,3,4,4,0,0,0,0,0,0,4,0,0,1,0,0,0,0,0,0,0,0,
Laiatu Latu,100551,ED,IND,1,0,0,,0,0,14,1,0,,55.1,78.7,51.4,58.3,24.5,0,0,0,0,,50.0,1,0,0,0.0,0,0,0,0,0,0,28,28,0,0,28,0,0,0,8,20,0,1,1,1,0,0,0,0,0,
Sauce Gardner,100903,CB,NYJ,1,1,0,83.3,0,0,22,0,0,30.4,36.5,77.0,,65.6,75.1,0,0,0,0,40,0.0,0,0,0,158.3,5,0,0,6,55,38,66,0,0,0,0,0,0,66,0,28,5,0,1,0,6,0,1,97,19,19.4
Ja'Quan McMillian,100931,CB,DEN,1,0,0,100.0,0,0,10,0,0,61.6,63.2,75.7,60.0,66.8,77.3,0,0,0,0,13,0.0,0,0,0,118.8,1,0,0,0,6,21,37,0,0,0,0,0,0,37,1,15,31,1,2,0,1,0,0,13,6,13.0
Joey Porter Jr.,101364,CB,PIT,1,0,0,50.0,3,0,25,0,0,48.7,45.8,0.0,,62.7,33.1,0,0,0,0,26,50.0,1,0,3,70.8,2,0,0,0,56,43,60,0,0,0,0,0,2,60,0,17,2,0,1,0,4,0,0,26,11,13.0
DJ Turner II,101376,CB,CIN,1,0,0,,0,0,7,0,0,90.7,90.9,70.3,,60.0,,0,0,0,0,,,0,0,0,0.0,0,0,0,0,1,6,7,0,0,0,0,0,0,7,0,1,6,0,0,0,0,0,0,0,0,
Deonte Banks,101384,CB,NYG,1,0,0,66.7,0,0,21,0,0,59.1,53.1,79.4,60.0,29.9,78.1,0,0,0,0,27,0.0,0,1,0,95.1,4,0,0,4,67,40,72,1,0,0,1,0,0,71,1,31,0,1,3,0,6,0,0,54,32,13.5
Devon Witherspoon,101388,CB,SEA,1,2,0,100.0,0,0,29,0,0,53.0,60.1,77.6,56.2,76.5,80.1,0,0,0,0,5,0.0,0,0,2,87.5,1,0,0,4,24,32,66,2,0,0,2,0,0,64,1,33,36,2,5,0,1,0,0,5,2,5.0
Dane Belton,101398,S,NYG,1,0,0,100.0,0,0,21,0,0,63.7,52.3,70.7,59.7,60.0,,0,0,0,0,20,,0,0,0,118.8,1,0,0,4,0,6,8,1,0,0,1,0,0,7,1,1,3,0,0,0,1,0,0,20,6,20.0
Mazi Smith,101419,DI,DAL,1,0,0,,0,0,9,0,0,,30.1,77.2,54.5,30.3,,0,0,0,0,,,0,0,0,0.0,0,0,0,0,0,0,33,33,17,15,0,1,0,0,12,21,0,0,0,0,0,0,0,0,0,
David Ojabo,101420,ED,BLT,1,0,0,,0,0,3,0,0,60.0,66.6,76.0,61.5,65.5,,1,0,0,0,,,0,0,0,0.0,0,0,0,0,0,1,30,30,0,0,29,1,0,0,23,6,0,0,0,0,0,1,0,0,0,
Mike Morris,101421,DI,SEA,1,0,0,,0,0,29,0,0,,59.5,67.4,,60.0,,0,0,0,0,,,0,0,0,0.0,0,0,0,0,0,0,2,2,0,0,2,0,0,0,0,2,0,0,0,0,0,0,0,0,0,
Leo Chenal,101463,LB,KC,1,1,0,100.0,0,1,16,0,0,86.4,86.5,75.5,56.2,78.5,79.5,0,1,0,0,8,0.0,0,0,0,100.0,1,0,0,13,0,8,32,18,0,0,18,0,0,14,13,11,1,2,5,0,1,1,0,8,9,8.0
Jack Campbell,101515,LB,DET,1,0,0,100.0,0,0,11,0,0,59.8,56.6,75.1,,54.8,80.8,0,0,0,0,5,0.0,0,0,0,87.5,1,0,0,29,0,19,35,4,0,0,4,0,0,31,0,16,2,4,6,2,1,0,0,5,11,5.0
Keeanu Benton,101536,DI,PIT,1,0,0,,0,0,25,0,0,61.7,88.7,75.2,75.2,73.4,68.6,1,1,0,0,,0.0,0,0,0,0.0,0,0,0,0,0,0,27,27,12,13,0,2,0,0,15,12,0,3,3,0,0,2,0,0,0,
Jaquan Brisker,101665,S,CHI,1,1,0,100.0,0,0,6,0,0,77.0,80.5,80.1,58.9,64.7,83.8,0,0,0,0,4,0.0,0,0,0,83.3,1,0,0,23,1,38,62,2,0,0,2,0,35,60,2,22,1,4,5,1,1,0,0,4,1,4.0
Jared Verse,101912,ED,LA,1,1,0,,0,1,26,0,0,63.2,75.5,77.0,54.1,80.9,34.8,0,3,0,0,,36.4,4,0,0,0.0,0,0,0,0,0,7,48,46,0,0,46,0,0,2,15,26,2,4,6,3,0,3,0,0,0,
Isaiah Land,102108,ED,IND,1,0,0,,0,0,14,0,0,,53.2,72.3,56.4,57.5,69.2,0,0,0,0,,0.0,0,0,0,0.0,0,0,0,1,0,0,6,5,0,0,5,0,0,1,3,3,0,1,1,1,0,0,0,0,0,
Kyle Hamilton,102684,S,BLT,1,1,0,100.0,0,0,3,0,0,60.2,65.9,75.6,68.6,73.5,55.1,0,2,0,0,9,14.3,1,0,0,82.1,7,0,0,16,0,39,63,2,0,0,2,0,7,61,7,17,38,3,5,0,7,2,0,26,40,3.7
Isaiah Foskey,102728,ED,NO,1,1,0,,0,0,20,0,0,60.0,58.5,69.1,56.2,,69.2,0,0,0,0,,0.0,0,0,0,0.0,0,0,0,0,0,0,3,3,0,0,3,0,0,0,3,0,0,0,0,0,0,0,0,0,0,
Marist Liufau,102789,LB,DAL,1,1,0,,0,0,9,0,0,42.1,33.8,74.7,59.2,41.5,78.3,0,0,0,0,,0.0,0,0,0,0.0,0,0,0,22,0,10,39,12,0,0,12,0,0,27,1,28,5,3,3,0,0,0,0,0,0,
Cam Hart,102955,CB,LAC,1,0,0,100.0,0,0,27,0,0,78.2,78.8,68.5,,,72.5,0,0,0,0,1,0.0,0,0,0,79.2,1,0,0,0,4,4,4,0,0,0,0,0,0,4,0,0,0,1,1,0,1,0,0,1,1,1.0
Kei'Trel Clark,104163,CB,ARZ,1,0,0,,0,0,1,0,0,,77.7,69.6,,79.8,71.6,0,0,0,0,,0.0,0,0,0,0.0,0,0,0,1,0,0,8,0,0,0,0,0,0,8,0,8,7,1,1,1,0,0,0,0,0,
Rodney Thomas II,108389,S,IND,1,3,0,,0,0,14,0,0,55.2,56.7,77.0,,61.1,84.1,0,0,0,0,,0.0,0,0,0,0.0,0,0,0,3,0,20,70,0,0,0,0,0,67,70,0,50,0,0,3,0,0,0,0,0,0,
Michael Hoecht,108840,ED,LA,1,4,0,100.0,0,0,26,0,0,52.9,59.8,77.2,60.1,62.1,29.1,0,0,0,0,2,28.6,2,0,0,79.2,1,0,0,0,0,7,42,42,0,0,41,1,0,0,9,26,0,1,1,1,1,0,0,2,8,2.0
Dee Alford,110542,CB,ATL,1,1,0,85.7,0,0,2,0,0,59.7,53.1,74.8,60.0,39.5,26.1,0,0,0,0,18,44.4,4,1,0,96.4,6,0,0,8,0,30,54,1,0,0,1,0,0,53,1,23,45,2,4,0,7,0,0,50,15,8.3
D'Anthony Bell,111578,S,CLV,1,0,0,,0,0,8,0,0,60.6,61.0,65.5,,,,0,0,0,0,,,0,0,0,0.0,0,0,0,0,0,2,2,0,0,0,0,0,1,2,0,0,1,0,0,0,0,0,0,0,0,
Tyrice Knight,122025,LB,SEA,1,5,0,80.0,0,0,29,0,0,41.3,54.7,73.7,,70.3,81.0,0,0,0,0,35,0.0,0,0,0,112.5,4,0,0,41,0,21,44,1,0,0,1,0,0,43,0,23,2,1,3,0,5,0,0,55,58,13.8
Bryan Bresee,122142,DI,NO,1,0,0,,0,1,20,0,0,,46.3,77.5,57.3,40.4,28.3,0,1,0,0,,50.0,1,0,0,0.0,0,1,0,0,0,0,48,48,5,36,0,7,0,0,36,12,0,1,1,0,0,2,0,0,0,
Trenton Simpson,122157,LB,BLT,1,1,0,100.0,0,0,3,0,0,54.2,59.7,72.9,50.4,74.3,78.9,0,0,0,0,15,0.0,0,0,0,100.7,6,0,0,49,0,39,63,3,0,0,3,0,0,60,7,17,11,2,4,0,6,0,0,49,35,8.2
Felix Anudike-Uzomah,122582,ED,KC,1,0,0,,0,0,16,0,0,,76.7,76.0,64.3,70.5,69.2,0,0,0,0,,0.0,0,0,0,0.0,0,0,0,0,0,0,12,12,0,1,11,0,0,0,7,5,0,1,1,0,0,0,0,0,0,
Yaya Diaby,122705,ED,TB,1,1,0,,0,0,30,0,0,37.7,56.7,8.6,74.4,53.1,73.6,2,5,0,0,,0.0,0,0,1,0.0,0,0,0,0,0,7,65,64,1,2,60,1,0,1,39,19,1,1,1,1,0,7,0,0,0,
Sean Tucker,123056,HB,TB,1,0,0,100.0,0,0,30,0,0,55.3,39.5,60.0,,,,0,0,0,0,17,,0,0,0,118.8,1,0,0,0,0,1,1,0,0,0,0,0,0,1,0,0,0,0,0,0,1,0,0,17,2,17.0
Caelen Carson,123377,CB,DAL,1,0,0,100.0,0,0,9,0,0,39.5,39.3,72.8,,49.3,77.9,0,0,0,0,19,0.0,0,0,0,118.8,2,0,0,9,22,14,31,0,0,0,0,0,0,31,0,17,0,0,4,0,2,0,0,36,6,18.0
Will Anderson Jr.,123903,ED,HST,1,0,0,,0,0,13,0,0,68.8,71.9,80.1,65.4,58.7,41.8,0,5,0,0,,50.0,1,0,0,0.0,0,2,0,1,0,1,50,49,0,1,47,1,0,1,37,12,0,2,1,1,0,7,0,0,0,
Brian Branch,123907,S,DET,1,2,0,50.0,0,0,11,0,0,83.5,86.1,75.7,60.0,68.0,60.0,0,0,0,1,10,16.7,1,1,0,25.0,1,0,0,11,0,28,48,5,0,0,5,0,19,43,1,19,13,2,3,0,2,0,0,10,7,10.0
Chris Braswell,123908,ED,TB,1,0,0,,0,0,30,0,0,63.0,63.0,74.8,53.6,64.9,70.5,1,0,0,0,,0.0,0,0,0,0.0,0,0,0,0,0,5,18,16,0,0,16,0,0,2,7,6,2,1,1,0,0,1,0,0,0,
Jalen Carter,124019,DI,PHI,1,0,0,,0,0,24,0,0,,56.7,78.1,76.5,42.1,67.3,0,3,0,0,,0.0,0,0,0,0.0,0,0,0,0,0,0,46,46,0,40,1,5,0,0,24,22,0,1,1,0,0,3,0,0,0,
Kelee Ringo,124035,CB,PHI,1,0,0,,0,0,24,0,0,60.8,62.1,62.7,,,,0,0,0,0,,,0,0,0,0.0,0,0,0,2,0,2,2,0,0,0,0,0,0,2,0,0,0,0,0,0,0,0,0,0,0,
Andru Phillips,124075,CB,NYG,1,3,0,71.4,0,0,21,0,0,68.4,70.7,76.5,72.9,66.2,59.9,0,0,0,0,8,15.4,2,0,1,74.1,5,1,0,6,0,37,66,0,0,0,0,0,0,66,1,28,60,5,8,1,7,1,0,14,28,2.8
Ali Gaye,124095,ED,TEN,1,0,0,,0,0,31,0,0,,29.5,70.0,,51.9,,0,0,0,0,,,0,0,0,0.0,0,0,0,0,0,0,3,3,0,0,3,0,0,0,0,3,0,0,0,0,0,0,0,0,0,
Deane Leonard,124140,CB,LAC,1,0,0,50.0,0,0,27,0,0,77.6,77.9,69.9,,,72.8,0,0,0,0,6,0.0,0,1,0,56.3,1,0,0,0,5,5,5,0,0,0,0,0,0,5,0,0,0,0,1,0,2,0,0,6,4,6.0
Tavius Robinson,124147,ED,BLT,1,0,0,,0,0,3,0,0,,61.2,76.2,60.2,59.7,,1,0,0,0,,,0,0,0,0.0,0,0,0,0,0,0,18,18,0,0,18,0,0,0,11,7,0,0,0,0,0,1,0,0,0,
Tyrus Wheat,124191,ED,DAL,1,0,0,,0,0,9,0,0,,62.5,74.0,57.9,62.3,72.4,0,0,0,0,,0.0,0,0,0,0.0,0,0,0,0,0,0,10,10,0,0,10,0,0,0,2,8,0,1,2,0,0,0,0,0,0,
Jaylon Carlies,124196,LB,IND,1,1,0,100.0,0,0,14,0,0,56.0,58.6,72.9,,60.2,59.9,0,0,0,0,6,16.7,1,0,0,91.7,1,0,0,21,0,5,31,9,0,0,9,0,0,22,0,26,1,2,4,0,1,0,0,6,7,6.0
Edgerrin Cooper,124311,LB,GB,1,1,0,,0,0,12,0,0,64.7,57.1,68.7,,53.0,73.0,0,0,0,0,,0.0,0,0,0,0.0,0,0,0,4,0,3,7,0,0,0,0,0,0,7,0,4,3,0,0,0,0,0,0,0,0,
Antonio Johnson,124326,S,JAX,1,1,0,100.0,0,0,15,0,0,59.0,44.9,0.0,41.2,44.7,66.5,1,0,0,0,30,20.0,1,0,1,118.8,1,0,0,8,1,41,72,3,0,0,3,0,57,69,1,30,3,0,3,0,1,1,0,30,1,30.0
Jaylon Jones,124328,CB,IND,1,3,0,100.0,0,0,14,0,0,49.1,55.2,77.5,,64.0,57.3,0,0,0,0,39,12.5,1,0,0,118.8,1,0,0,8,62,20,70,0,0,0,0,0,0,70,0,50,0,0,4,0,1,0,0,39,4,39.0
Gervon Dexter Sr.,124374,DI,CHI,1,1,0,,0,0,6,0,0,,61.7,77.6,61.4,58.9,69.1,0,2,0,0,,0.0,0,0,0,0.0,0,1,0,0,0,0,43,43,5,21,1,16,0,0,28,15,0,1,0,0,0,3,0,0,0,
Junior Colson,124827,LB,LAC,1,0,0,0.0,0,0,27,0,0,61.1,63.8,70.7,53.4,65.6,29.0,0,1,0,0,,50.0,1,0,0,39.6,0,0,0,5,0,2,7,1,0,0,1,0,0,6,1,4,1,1,1,0,1,1,0,0,0,
Mekhi Wingo,128050,DI,DET,1,0,0,,0,0,11,0,0,,60.3,73.4,54.2,63.4,,0,1,0,0,,,0,0,0,0.0,0,0,0,0,0,0,14,14,0,10,0,4,0,0,7,7,0,0,0,0,0,1,0,0,0,
Jer'Zhan Newton,129420,DI,WAS,1,0,0,,0,0,32,0,0,,39.5,73.3,62.8,38.9,,0,0,0,0,,,0,0,0,0.0,0,0,0,0,0,0,12,12,0,10,0,2,0,0,7,5,0,0,0,0,0,0,0,0,0,
Lukas Van Ness,129482,ED,GB,1,0,0,,0,0,12,0,0,,47.2,0.0,54.9,64.4,69.2,0,1,0,0,,0.0,0,0,1,0.0,0,0,0,0,0,0,19,19,0,2,16,1,0,0,15,4,0,1,1,1,0,1,0,0,0,
Jakorian Bennett,129496,CB,LV,1,0,0,50.0,0,0,23,0,0,54.0,49.9,77.9,,37.9,26.1,0,0,0,0,18,50.0,2,2,0,71.5,3,0,0,1,44,34,46,0,0,0,0,0,0,46,0,12,1,0,2,0,6,0,0,40,3,13.3
Jaylen Harrell,129579,ED,TEN,1,1,0,,0,0,31,0,0,61.5,63.7,75.4,61.6,59.1,69.6,0,0,0,0,,0.0,0,0,0,0.0,0,0,0,0,0,2,15,15,0,0,15,0,0,0,8,5,0,0,0,0,0,0,0,0,0,
Braiden McGregor,129586,ED,NYJ,1,0,0,,0,0,22,0,0,,53.9,75.6,60.7,52.8,69.6,0,1,0,0,,0.0,0,0,0,0.0,0,0,0,0,0,0,12,12,0,0,12,0,0,0,7,5,0,1,1,0,0,1,0,0,0,
Ji'Ayir Brown,129767,S,SF,1,0,0,50.0,0,0,28,0,0,37.8,40.2,77.6,,68.3,81.4,0,0,0,0,13,0.0,0,0,0,70.8,1,0,0,14,0,32,54,1,0,0,1,0,31,53,0,22,8,2,4,0,2,0,0,13,4,13.0
Max Melton,129889,CB,ARZ,1,0,0,100.0,0,0,1,0,0,67.7,68.3,74.7,,62.7,72.5,0,0,0,0,7,0.0,0,0,0,95.8,1,0,0,1,23,11,25,0,0,0,0,0,0,25,0,14,1,0,1,0,1,0,0,7,0,7.0
Nick Herbig,129920,ED,PIT,1,0,0,,0,0,25,0,0,62.5,65.5,74.3,63.7,59.7,,0,1,0,0,,,0,0,0,0.0,0,0,0,0,0,3,17,16,0,0,16,0,0,1,10,4,1,0,0,0,0,1,0,0,0,
Quinyon Mitchell,130628,CB,PHI,1,1,0,66.7,0,0,24,0,0,71.5,67.6,78.0,,50.4,37.9,0,0,0,0,26,25.0,1,1,0,100.7,2,0,0,4,57,34,61,0,0,0,0,0,0,61,0,27,0,0,2,0,3,0,0,31,11,15.5
Byron Murphy II,131252,DI,SEA,1,1,0,,0,0,29,0,0,55.6,49.9,77.2,74.6,48.1,71.0,0,3,0,0,,20.0,1,0,0,0.0,0,1,0,0,0,0,38,38,8,27,0,3,0,0,19,19,0,3,3,2,0,4,0,0,0,
Christian Gonzalez,131679,CB,NE,1,1,0,62.5,1,0,19,0,0,69.4,66.2,0.0,,66.1,79.9,0,0,0,0,14,0.0,0,1,1,70.3,5,0,0,5,52,52,69,0,0,0,0,0,0,69,0,17,12,2,5,0,8,0,0,31,6,6.2
Tuli Tuipulotu,131840,ED,LAC,1,0,0,,0,0,27,0,0,60.7,46.8,77.4,48.5,52.4,69.9,0,0,0,0,,0.0,0,0,0,0.0,0,0,0,0,0,2,31,31,0,0,26,5,0,0,21,8,0,0,1,0,0,0,0,0,0,
Clark Phillips III,131871,CB,ATL,1,0,0,,0,0,2,0,0,68.4,69.2,71.4,,63.2,72.5,0,0,0,0,,0.0,0,0,0,0.0,0,0,0,8,15,11,23,0,0,0,0,0,0,23,0,12,0,0,1,0,0,0,0,0,0,
Jaylen Watson,131960,CB,KC,1,1,0,60.0,0,0,16,0,0,59.9,59.0,77.8,59.3,55.2,50.4,0,0,0,0,47,16.7,1,1,0,104.2,3,0,0,3,56,43,61,1,0,0,1,0,0,60,1,17,1,0,4,0,5,0,0,74,12,24.7
Sam Webb,134606,CB,LV,1,0,0,,0,0,23,0,0,,60.0,62.9,,60.0,,0,0,0,0,,,0,0,0,0.0,0,0,0,0,0,0,1,0,0,0,0,0,1,1,0,1,0,0,0,0,0,0,0,0,0,
Malik Mustapha,142358,S,SF,1,1,0,,0,0,28,0,0,48.4,53.0,74.7,,68.4,82.2,0,0,0,0,,0.0,0,0,0,0.0,0,0,0,6,1,17,31,0,0,0,0,0,24,31,0,14,0,0,3,0,0,0,0,0,0,
Kamren Kinchens,143946,S,LA,1,0,0,100.0,0,0,26,0,0,30.5,29.0,75.9,,60.0,76.6,0,0,0,0,32,0.0,0,0,0,118.8,2,0,0,1,0,6,9,0,0,0,0,0,7,9,0,3,1,0,2,0,2,0,0,40,11,20.0
Cooper DeJean,144867,CB,PHI,1,0,0,,0,0,24,0,0,60.0,60.4,64.4,,,,0,0,0,0,,,0,0,0,0.0,0,0,0,0,0,1,1,0,0,0,0,0,0,1,0,0,1,0,0,0,0,0,0,0,0,
Chop Robinson,144901,ED,MIA,1,1,0,,0,0,17,0,0,63.5,83.0,78.3,65.8,71.0,72.6,0,2,0,0,,0.0,0,0,0,0.0,0,0,0,0,0,1,24,24,0,0,23,1,0,0,8,15,0,2,2,1,0,2,0,0,0,
Austin Booker,144990,ED,CHI,1,0,0,,0,0,6,0,0,61.0,37.6,76.8,60.7,31.5,69.2,0,1,0,0,,0.0,0,0,0,0.0,0,0,0,0,0,2,20,20,0,0,20,0,0,0,8,10,0,1,1,0,0,1,0,0,0,
Calen Bullock,146424,S,HST,1,1,0,100.0,0,0,13,0,0,53.2,53.2,75.1,,61.7,80.1,0,0,0,0,7,0.0,0,0,1,95.8,1,0,0,3,0,33,37,0,0,0,0,0,34,37,0,4,0,0,2,0,1,0,0,7,6,7.0
Cole Bishop,146454,S,BUF,1,0,0,0.0,0,0,4,0,0,80.2,85.9,71.9,,60.0,77.2,0,0,0,0,,0.0,0,1,0,39.6,0,0,0,2,0,5,6,0,0,0,0,0,3,6,0,1,1,0,1,0,1,0,0,0,0,
Jonah Elliss,146458,ED,DEN,1,1,0,,0,0,10,0,0,60.0,73.0,74.4,62.5,70.8,74.2,0,0,0,0,,0.0,0,0,0,0.0,0,1,0,0,0,1,24,24,0,0,24,0,0,0,8,15,0,2,1,0,0,1,0,0,0,
Jaden Hicks,146512,S,KC,1,0,0,,0,0,16,0,0,60.0,63.2,69.0,,60.3,72.6,0,0,0,0,,0.0,0,0,0,0.0,0,0,0,3,0,1,5,1,0,0,1,0,1,4,0,4,0,0,1,0,0,0,0,0,0,
Kool-Aid McKinstry,146602,CB,NO,1,2,0,85.7,0,0,20,0,0,77.0,77.1,79.2,,67.1,50.5,0,0,0,0,10,28.6,2,1,0,84.5,6,0,0,0,60,45,61,0,0,0,0,0,0,61,0,16,1,2,3,0,7,0,0,30,19,5.0
Terrion Arnold,146603,CB,DET,1,0,0,100.0,0,0,11,0,0,35.0,33.2,0.0,,63.8,72.8,0,0,0,0,41,0.0,0,0,2,158.3,3,0,0,2,39,27,44,0,0,0,0,0,0,44,0,17,3,0,1,0,3,0,1,72,36,24.0
Dallas Turner,146604,ED,MIN,1,1,0,100.0,0,0,18,0,0,62.7,66.0,74.5,58.3,65.4,73.5,0,2,0,0,6,0.0,0,0,0,91.7,1,0,0,1,0,2,18,17,0,0,17,0,0,1,9,7,0,0,1,0,1,2,0,6,1,6.0
Javon Bullard,146726,S,GB,1,1,0,0.0,0,0,12,0,0,73.3,78.3,79.2,,66.2,85.0,0,0,0,0,,0.0,0,1,0,39.6,0,0,0,6,0,30,42,3,0,0,3,0,29,39,0,12,4,0,4,0,1,0,0,0,0,
Kamari Lassiter,146727,CB,HST,1,0,0,28.6,0,0,13,0,0,90.3,90.0,78.2,,66.4,77.0,0,0,0,1,14,0.0,0,0,0,0.0,2,0,0,3,67,51,70,0,0,0,0,0,0,70,0,19,0,3,3,0,7,0,0,20,0,10.0
Byron Young,146932,ED,LA,1,0,0,,0,0,26,0,0,42.7,50.7,77.6,55.9,57.7,74.5,0,1,0,0,,0.0,0,0,0,0.0,0,0,0,0,0,3,42,42,0,0,42,0,0,0,14,25,0,3,3,1,0,1,0,0,0,
Daijahn Anthony,147537,S,CIN,1,0,0,,0,0,7,0,0,24.7,23.3,72.6,,,22.6,0,0,0,0,,,0,0,2,0.0,0,0,0,0,2,6,6,0,0,0,0,0,1,6,0,0,3,0,0,0,0,0,0,0,0,
Kader Kohou,156070,CB,MIA,1,0,0,100.0,0,0,17,0,0,42.1,37.2,73.7,57.9,42.9,77.2,0,0,0,0,12,0.0,0,0,0,108.3,2,0,0,6,4,16,27,1,0,0,1,0,0,26,1,10,16,0,3,0,2,0,0,20,17,10.0
Joshua Williams,156083,CB,KC,1,0,0,100.0,0,0,16,0,0,30.0,29.9,70.5,,60.0,23.2,0,0,0,0,10,100.0,1,0,0,133.3,2,0,0,0,6,4,6,0,0,0,0,0,0,6,0,2,0,0,0,0,2,0,1,13,9,6.5
Dallis Flowers,156091,CB,IND,1,0,0,,0,0,14,0,0,67.4,67.8,74.0,,62.0,72.5,0,0,0,0,,0.0,0,0,0,0.0,0,0,0,0,19,8,19,0,0,0,0,0,0,19,0,11,0,0,1,0,0,0,0,0,0,
Jeremiah Pharms Jr.,156117,DI,NE,1,0,0,,0,0,19,0,0,,59.8,75.0,63.3,55.9,69.9,1,1,0,0,,0.0,0,0,0,0.0,0,0,0,0,0,0,24,24,2,14,0,8,0,0,15,9,0,2,2,0,0,2,0,0,0,
